#
# There is insufficient memory for the Java Runtime Environment to continue.
# Native memory allocation (malloc) failed to allocate 5544 bytes. Error detail: AllocateHeap
# Possible reasons:
#   The system is out of physical RAM or swap space
#   This process is running with CompressedOops enabled, and the Java Heap may be blocking the growth of the native heap
# Possible solutions:
#   Reduce memory load on the system
#   Increase physical memory or swap space
#   Check if swap backing store is full
#   Decrease Java heap size (-Xmx/-Xms)
#   Decrease number of Java threads
#   Decrease Java thread stack sizes (-Xss)
#   Set larger code cache with -XX:ReservedCodeCacheSize=
#   JVM is running with Unscaled Compressed Oops mode in which the Java heap is
#     placed in the first 4GB address space. The Java Heap base address is the
#     maximum limit for the native heap growth. Please use -XX:HeapBaseMinAddress
#     to set the Java Heap base and to place the Java Heap above 4GB virtual address.
# This output file may be truncated or incomplete.
#
#  Out of Memory Error (allocation.cpp:42), pid=14556, tid=20864
#
# JRE version: OpenJDK Runtime Environment Temurin-25.0.3+9 (25.0.3+9) (build 25.0.3+9-LTS)
# Java VM: OpenJDK 64-Bit Server VM Temurin-25.0.3+9 (25.0.3+9-LTS, mixed mode, sharing, tiered, compressed oops, compressed class ptrs, g1 gc, windows-amd64)
# No core dump will be written. Minidumps are not enabled by default on client versions of Windows
#

---------------  S U M M A R Y ------------

Command Line: --add-opens=java.base/java.lang=ALL-UNNAMED --add-opens=java.base/java.lang.invoke=ALL-UNNAMED --add-opens=java.base/java.util=ALL-UNNAMED --add-opens=java.prefs/java.util.prefs=ALL-UNNAMED --add-exports=jdk.compiler/com.sun.tools.javac.api=ALL-UNNAMED --add-exports=jdk.compiler/com.sun.tools.javac.util=ALL-UNNAMED --add-opens=java.base/java.nio.charset=ALL-UNNAMED --add-opens=java.base/java.net=ALL-UNNAMED --add-opens=java.base/java.util.concurrent=ALL-UNNAMED --add-opens=java.base/java.util.concurrent.atomic=ALL-UNNAMED --add-opens=java.xml/javax.xml.namespace=ALL-UNNAMED --add-opens=java.base/java.time=ALL-UNNAMED --enable-native-access=ALL-UNNAMED -Xmx2048m -Dfile.encoding=UTF-8 -Duser.country=AR -Duser.language=es -Duser.variant -javaagent:C:\Users\azule\.gradle\wrapper\dists\gradle-9.5.0-bin\bvnork1r7n8i6kp5cnkibsc9q\gradle-9.5.0\lib\agents\gradle-instrumentation-agent-9.5.0.jar org.gradle.launcher.daemon.bootstrap.GradleDaemon 9.5.0

Host: Intel(R) Core(TM) i3-N305, 8 cores, 7G,  Windows 11 , 64 bit Build 26100 (10.0.26100.9444)
Time: Fri Oct  2 23:05:20 2026 Hora estándar de Argentina elapsed time: 4819.586317 seconds (0d 1h 20m 19s)

---------------  T H R E A D  ---------------

Current thread (0x0000013860db9140):  JavaThread "WorkerExecutor Queue Thread 3"        [_thread_in_Java, id=20864, stack(0x0000002e71100000,0x0000002e71200000) (1024K)]

Stack: [0x0000002e71100000,0x0000002e71200000]
Native frames: (J=compiled Java code, j=interpreted, Vv=VM code, C=native code)
V  [jvm.dll+0x7aa709]  (no source info available)
V  [jvm.dll+0x7749ed]  (no source info available)
V  [jvm.dll+0x9f7433]  (no source info available)
V  [jvm.dll+0x9f9a21]  (no source info available)
V  [jvm.dll+0x9fa133]  (no source info available)
V  [jvm.dll+0x2fd266]  (no source info available)
V  [jvm.dll+0xf6487]  (no source info available)
V  [jvm.dll+0x9ef370]  (no source info available)
V  [jvm.dll+0x30726d]  (no source info available)
V  [jvm.dll+0x3089ff]  (no source info available)
V  [jvm.dll+0x30c22c]  (no source info available)
C  0x0000013840f3908a  (no source info available)

The last pc belongs to UncommonTrapBlob (printed below).
Java frames: (J=compiled Java code, j=interpreted, Vv=VM code)
v  ~UncommonTrapBlob 0x0000013840f3908a
J 15104 c2 java.util.zip.InflaterInputStream.read([BII)I java.base@25.0.3 (129 bytes) @ 0x00000138419bb82c [0x00000138419b9000+0x000000000000282c]
J 16991 c2 jdk.internal.loader.URLClassPath$JarLoader$1.getBytes()[B java.base@25.0.3 (48 bytes) @ 0x0000013841a73e40 [0x0000013841a73280+0x0000000000000bc0]
J 17147 c2 org.gradle.internal.classloader.VisitableURLClassLoader$InstrumentingVisitableURLClassLoader.findClass(Ljava/lang/String;)Ljava/lang/Class; (36 bytes) @ 0x0000013841a829c0 [0x0000013841a81000+0x00000000000019c0]
J 8742 c2 java.lang.ClassLoader.loadClass(Ljava/lang/String;Z)Ljava/lang/Class; java.base@25.0.3 (121 bytes) @ 0x000001384179967c [0x0000013841798e00+0x000000000000087c]
J 3946 c2 java.lang.ClassLoader.loadClass(Ljava/lang/String;)Ljava/lang/Class; java.base@25.0.3 (7 bytes) @ 0x00000138415e24bc [0x00000138415e2480+0x000000000000003c]
v  ~StubRoutines::call_stub 0x0000013840eb12ed
J 1135  java.lang.Class.forName0(Ljava/lang/String;ZLjava/lang/ClassLoader;Ljava/lang/Class;)Ljava/lang/Class; java.base@25.0.3 (0 bytes) @ 0x00000138414ac10f [0x00000138414ac080+0x000000000000008f]
J 20625 c2 java.lang.Class.forName(Ljava/lang/String;ZLjava/lang/ClassLoader;)Ljava/lang/Class; java.base@25.0.3 (8 bytes) @ 0x0000013841c83424 [0x0000013841c83400+0x0000000000000024]
j  sun.rmi.server.LoaderHandler.loadClass(Ljava/lang/String;Ljava/lang/String;Ljava/lang/ClassLoader;)Ljava/lang/Class;+78 java.rmi@25.0.3
j  java.rmi.server.RMIClassLoader$1.loadClass(Ljava/lang/String;Ljava/lang/String;Ljava/lang/ClassLoader;)Ljava/lang/Class;+3 java.rmi@25.0.3
j  java.rmi.server.RMIClassLoader.loadClass(Ljava/lang/String;Ljava/lang/String;Ljava/lang/ClassLoader;)Ljava/lang/Class;+6 java.rmi@25.0.3
j  sun.rmi.server.MarshalInputStream.resolveClass(Ljava/io/ObjectStreamClass;)Ljava/lang/Class;+54 java.rmi@25.0.3
J 25505 c1 java.io.ObjectInputStream.readNonProxyDesc(Z)Ljava/io/ObjectStreamClass; java.base@25.0.3 (297 bytes) @ 0x0000013839a4ce8c [0x0000013839a4cc80+0x000000000000020c]
J 19728 c1 java.io.ObjectInputStream.readClassDesc(Z)Ljava/io/ObjectStreamClass; java.base@25.0.3 (121 bytes) @ 0x000001383b6bce4c [0x000001383b6bc080+0x0000000000000dcc]
J 25517 c1 java.io.ObjectInputStream.readOrdinaryObject(Z)Ljava/lang/Object; java.base@25.0.3 (373 bytes) @ 0x000001383a1c7464 [0x000001383a1c7300+0x0000000000000164]
J 14291 c1 java.io.ObjectInputStream.readObject0(Ljava/lang/Class;Z)Ljava/lang/Object; java.base@25.0.3 (681 bytes) @ 0x000001383adf2cf4 [0x000001383adf1880+0x0000000000001474]
J 25520 c1 java.io.ObjectInputStream.readObject(Ljava/lang/Class;)Ljava/lang/Object; java.base@25.0.3 (160 bytes) @ 0x0000013839bf3ab4 [0x0000013839bf3980+0x0000000000000134]
J 25522 c1 java.io.ObjectInputStream.readObject()Ljava/lang/Object; java.base@25.0.3 (7 bytes) @ 0x0000013839cfe88c [0x0000013839cfe800+0x000000000000008c]
j  sun.rmi.server.UnicastRef.unmarshalValue(Ljava/lang/Class;Ljava/io/ObjectInput;)Ljava/lang/Object;+187 java.rmi@25.0.3
j  sun.rmi.server.UnicastRef.invoke(Ljava/rmi/Remote;Ljava/lang/reflect/Method;[Ljava/lang/Object;J)Ljava/lang/Object;+306 java.rmi@25.0.3
j  java.rmi.server.RemoteObjectInvocationHandler.invokeRemoteMethod(Ljava/lang/Object;Ljava/lang/reflect/Method;[Ljava/lang/Object;)Ljava/lang/Object;+69 java.rmi@25.0.3
j  java.rmi.server.RemoteObjectInvocationHandler.invoke(Ljava/lang/Object;Ljava/lang/reflect/Method;[Ljava/lang/Object;)Ljava/lang/Object;+80 java.rmi@25.0.3
j  jdk.proxy4.$Proxy154.compile(I[Ljava/lang/String;Lorg/jetbrains/kotlin/daemon/common/CompilationOptions;Lorg/jetbrains/kotlin/daemon/common/CompilerServicesFacadeBase;Lorg/jetbrains/kotlin/daemon/common/CompilationResults;)Lorg/jetbrains/kotlin/daemon/common/CompileService$CallResult;+37 jdk.proxy4
j  org.jetbrains.kotlin.compilerRunner.GradleKotlinCompilerWork.incrementalCompilationWithDaemon(Lorg/jetbrains/kotlin/daemon/common/CompileService;ILorg/jetbrains/kotlin/daemon/common/CompileService$TargetPlatform;Lorg/jetbrains/kotlin/gradle/logging/GradleBufferingMessageCollector;)Lorg/jetbrains/kotlin/daemon/common/CompileService$CallResult;+471
j  org.jetbrains.kotlin.compilerRunner.GradleKotlinCompilerWork.compileWithDaemon(Lorg/jetbrains/kotlin/cli/common/messages/MessageCollector;)Lorg/jetbrains/kotlin/cli/common/ExitCode;+638
j  org.jetbrains.kotlin.compilerRunner.GradleKotlinCompilerWork.compileWithDaemonOrFallbackImpl(Lorg/jetbrains/kotlin/cli/common/messages/MessageCollector;Lorg/jetbrains/kotlin/compilerRunner/KotlinCompilerArgumentsLogLevel;)Lkotlin/Pair;+253
j  org.jetbrains.kotlin.compilerRunner.GradleKotlinCompilerWork.run()V+88
j  org.jetbrains.kotlin.compilerRunner.GradleCompilerRunnerWithWorkers$GradleKotlinCompilerWorkAction.execute()V+118
j  org.gradle.workers.internal.DefaultWorkerServer.execute(Lorg/gradle/workers/internal/SimpleActionExecutionSpec;)Lorg/gradle/workers/internal/DefaultWorkResult;+123
j  org.gradle.workers.internal.NoIsolationWorkerFactory$1$1.create()Lorg/gradle/workers/internal/DefaultWorkResult;+29
j  org.gradle.workers.internal.NoIsolationWorkerFactory$1$1.create()Ljava/lang/Object;+1
j  org.gradle.internal.classloader.ClassLoaderUtils.executeInClassloader(Ljava/lang/ClassLoader;Lorg/gradle/internal/Factory;)Ljava/lang/Object;+15
j  org.gradle.workers.internal.NoIsolationWorkerFactory$1.lambda$execute$0(Ljava/lang/ClassLoader;Lorg/gradle/workers/WorkerExecutor;Lorg/gradle/workers/internal/IsolatedParametersActionExecutionSpec;)Lorg/gradle/workers/internal/DefaultWorkResult;+10
j  org.gradle.workers.internal.NoIsolationWorkerFactory$1$$Lambda+0x000000000d4a4c00.execute(Lorg/gradle/workers/internal/IsolatedParametersActionExecutionSpec;)Lorg/gradle/workers/internal/DefaultWorkResult;+13
j  org.gradle.workers.internal.AbstractWorker$1.call(Lorg/gradle/internal/operations/BuildOperationContext;)Lorg/gradle/workers/internal/DefaultWorkResult;+8
j  org.gradle.workers.internal.AbstractWorker$1.call(Lorg/gradle/internal/operations/BuildOperationContext;)Ljava/lang/Object;+2
J 13316 c1 org.gradle.internal.operations.DefaultBuildOperationRunner$CallableBuildOperationWorker.execute(Lorg/gradle/internal/operations/BuildOperation;Lorg/gradle/internal/operations/BuildOperationContext;)V (10 bytes) @ 0x000001383ac78bc4 [0x000001383ac78980+0x0000000000000244]
J 13278 c1 org.gradle.internal.operations.DefaultBuildOperationRunner$2.execute(Lorg/gradle/internal/operations/BuildOperationDescriptor;Lorg/gradle/internal/operations/BuildOperationState;Lorg/gradle/internal/operations/BuildOperationState;Lorg/gradle/internal/operations/DefaultBuildOperationRunner$ReadableBuildOperationContext;Lorg/gradle/internal/operations/DefaultBuildOperationRunner$BuildOperationExecutionListener;)Lorg/gradle/internal/operations/BuildOperation; (110 bytes) @ 0x000001383ac6d774 [0x000001383ac6d580+0x00000000000001f4]
J 13274 c1 org.gradle.internal.operations.DefaultBuildOperationRunner$2.execute(Lorg/gradle/internal/operations/BuildOperationDescriptor;Lorg/gradle/internal/operations/BuildOperationState;Lorg/gradle/internal/operations/BuildOperationState;Lorg/gradle/internal/operations/DefaultBuildOperationRunner$ReadableBuildOperationContext;Lorg/gradle/internal/operations/DefaultBuildOperationRunner$BuildOperationExecutionListener;)Ljava/lang/Object; (12 bytes) @ 0x000001383ac6c4fc [0x000001383ac6c480+0x000000000000007c]
J 23054 c1 org.gradle.internal.operations.DefaultBuildOperationRunner.execute(Lorg/gradle/internal/operations/BuildOperationDescriptor$Builder;Lorg/gradle/internal/operations/DefaultBuildOperationRunner$BuildOperationExecution;)Ljava/lang/Object; (147 bytes) @ 0x000001383bc57ac4 [0x000001383bc56b00+0x0000000000000fc4]
J 12913 c1 org.gradle.internal.operations.DefaultBuildOperationRunner.execute(Lorg/gradle/internal/operations/BuildOperation;Lorg/gradle/internal/operations/BuildOperationWorker;)V (22 bytes) @ 0x000001383abf239c [0x000001383abf2100+0x000000000000029c]
J 13314 c1 org.gradle.internal.operations.DefaultBuildOperationRunner.call(Lorg/gradle/internal/operations/CallableBuildOperation;)Ljava/lang/Object; (20 bytes) @ 0x000001383ac78324 [0x000001383ac78180+0x00000000000001a4]
j  org.gradle.workers.internal.AbstractWorker.executeWrappedInBuildOperation(Lorg/gradle/workers/internal/IsolatedParametersActionExecutionSpec;Lorg/gradle/internal/operations/BuildOperationRef;Lorg/gradle/workers/internal/AbstractWorker$Work;)Lorg/gradle/workers/internal/DefaultWorkResult;+15
j  org.gradle.workers.internal.NoIsolationWorkerFactory$1.execute(Lorg/gradle/workers/internal/IsolatedParametersActionExecutionSpec;Lorg/gradle/internal/operations/BuildOperationRef;)Lorg/gradle/workers/internal/DefaultWorkResult;+17
j  org.gradle.workers.internal.DefaultWorkerExecutor.lambda$submitWork$0(Lorg/gradle/workers/internal/WorkerFactory;Lorg/gradle/workers/internal/WorkerRequirement;Lorg/gradle/workers/internal/IsolatedParametersActionExecutionSpec;Lorg/gradle/internal/operations/BuildOperationRef;)Lorg/gradle/workers/internal/DefaultWorkResult;+13
j  org.gradle.workers.internal.DefaultWorkerExecutor$$Lambda+0x000000000e16b000.call()Ljava/lang/Object;+16
J 12661 c1 java.util.concurrent.FutureTask.run()V java.base@25.0.3 (123 bytes) @ 0x000001383ab91374 [0x000001383ab90a00+0x0000000000000974]
j  org.gradle.internal.work.DefaultConditionalExecutionQueue$ExecutionRunner.runExecution(Lorg/gradle/internal/work/ConditionalExecution;)V+6
j  org.gradle.internal.work.DefaultConditionalExecutionQueue$ExecutionRunner.access$500(Lorg/gradle/internal/work/DefaultConditionalExecutionQueue$ExecutionRunner;Lorg/gradle/internal/work/ConditionalExecution;)V+2
j  org.gradle.internal.work.DefaultConditionalExecutionQueue$ExecutionRunner$1.run()V+14
j  org.gradle.internal.Factories$1.create()Ljava/lang/Object;+4
J 23562 c1 org.gradle.internal.work.DefaultWorkerLeaseService$$Lambda+0x000000000d2970e8.create()Ljava/lang/Object; (16 bytes) @ 0x000001383a08ff94 [0x000001383a08ff00+0x0000000000000094]
J 23502 c1 org.gradle.internal.work.DefaultWorkerLeaseService.withLocksAcquired(Ljava/util/Collection;Lorg/gradle/internal/Factory;)Ljava/lang/Object; (27 bytes) @ 0x0000013839ffee7c [0x0000013839ffec00+0x000000000000027c]
J 24680 c1 org.gradle.internal.work.DefaultWorkerLeaseService.runAsWorkerThread(Lorg/gradle/internal/Factory;)Ljava/lang/Object; (37 bytes) @ 0x000001383a6faafc [0x000001383a6fa900+0x00000000000001fc]
j  org.gradle.internal.work.DefaultWorkerLeaseService.runAsWorkerThread(Ljava/lang/Runnable;)V+5
j  org.gradle.internal.work.DefaultConditionalExecutionQueue$ExecutionRunner.runBatch(Lorg/gradle/internal/work/ConditionalExecution;)V+16
j  org.gradle.internal.work.DefaultConditionalExecutionQueue$ExecutionRunner.run()V+27
J 18669 c2 java.util.concurrent.Executors$RunnableAdapter.call()Ljava/lang/Object; java.base@25.0.3 (14 bytes) @ 0x0000013841a15574 [0x0000013841a15100+0x0000000000000474]
J 12661 c1 java.util.concurrent.FutureTask.run()V java.base@25.0.3 (123 bytes) @ 0x000001383ab91374 [0x000001383ab90a00+0x0000000000000974]
J 20455 c2 org.gradle.internal.concurrent.AbstractManagedExecutor$1.run()V (57 bytes) @ 0x0000013841c7597c [0x0000013841c75700+0x000000000000027c]
j  java.util.concurrent.ThreadPoolExecutor.runWorker(Ljava/util/concurrent/ThreadPoolExecutor$Worker;)V+92 java.base@25.0.3
j  java.util.concurrent.ThreadPoolExecutor$Worker.run()V+5 java.base@25.0.3
j  java.lang.Thread.runWith(Ljava/lang/Object;Ljava/lang/Runnable;)V+5 java.base@25.0.3
j  java.lang.Thread.run()V+19 java.base@25.0.3
v  ~StubRoutines::call_stub 0x0000013840eb12ed
Lock stack of current Java thread (top to bottom):
LockStack[2]: java.io.RandomAccessFile 
{0x00000000826226a8} - klass: 'java/io/RandomAccessFile' - flags: 

 - ---- fields (total size 5 words):
 - private final 'rw' 'Z' @12  false (0x00)
 - private final 'sync' 'Z' @13  false (0x00)
 - private volatile 'closed' 'Z' @14  false (0x00)
 - private final 'fd' 'Ljava/io/FileDescriptor;' @16  a 'java/io/FileDescriptor'{0x0000000082622680} (0x82622680)
 - private final 'path' 'Ljava/lang/String;' @20  "C:\Users\azule\.gradle\caches\modules-2\files-2.1\org.jetbrains.kotlin\kotlin-daemon-client\2.2.10\9de9722b2ab63b00fed168c924c41ea3b2f7d9c5\kotlin-daemon-client-2.2.10.jar"{0x00000000826226d0} (0x826226d0)
 - private final 'closeLock' 'Ljava/lang/Object;' @24  a 'java/lang/Object'{0x00000000826227a8} (0x826227a8)
 - private final 'buffer' '[B' @28  [B{0x00000000826227b8} (0x826227b8)
 - private volatile 'channel' 'Ljava/nio/channels/FileChannel;' @32  null (0x00000000)
LockStack[1]: java.util.jar.JarFile 
{0x0000000082622800} - klass: 'java/util/jar/JarFile' - flags: 

 - ---- fields (total size 8 words):
 - private 'lastEntryPos' 'I' @12  7091 (0x00001bb3)
 - private volatile 'closeRequested' 'Z' @16  false (0x00)
 - private final 'filePath' 'Ljava/lang/String;' @20  "C:\Users\azule\.gradle\caches\modules-2\files-2.1\org.jetbrains.kotlin\kotlin-daemon-client\2.2.10\9de9722b2ab63b00fed168c924c41ea3b2f7d9c5\kotlin-daemon-client-2.2.10.jar"{0x00000000826226d0} (0x826226d0)
 - private final 'fileName' 'Ljava/lang/String;' @24  "kotlin-daemon-client-2.2.10.jar"{0x0000000082622840} (0x82622840)
 - private final 'zipCoder' 'Ljava/util/zip/ZipCoder;' @28  a 'java/util/zip/ZipCoder$UTF8ZipCoder'{0x000000008057a128} (0x8057a128)
 - private final 'res' 'Ljava/util/zip/ZipFile$CleanableResource;' @32  a 'java/util/zip/ZipFile$CleanableResource'{0x0000000082622888} (0x82622888)
 - private 'lastEntryName' 'Ljava/lang/String;' @36  "org/jetbrains/kotlin/daemon/common/CompileService$CallResult$Error.class"{0x000000008ce862f0} (0x8ce862f0)
 - private 'jvInitialized' 'Z' @17  false (0x00)
 - private 'verify' 'Z' @18  false (0x00)
 - private 'isMultiRelease' 'Z' @19  false (0x00)
 - private 'manRef' 'Ljava/lang/ref/SoftReference;' @40  a 'java/lang/ref/SoftReference'{0x000000008bbf7360} (0x8bbf7360)
 - private 'manEntry' 'Ljava/util/jar/JarEntry;' @44  a 'java/util/jar/JarFile$JarFileEntry'{0x0000000082627710} (0x82627710)
 - private 'jv' 'Ljava/util/jar/JarVerifier;' @48  null (0x00000000)
 - private final 'version' 'Ljava/lang/Runtime$Version;' @52  a 'java/lang/Runtime$Version'{0x000000008057ada0} (0x8057ada0)
 - private final 'versionFeature' 'I' @56  25 (0x00000019)
 - private 'hasClassPathAttribute' 'Z' @60  false (0x00)
 - private volatile 'hasCheckedSpecialAttributes' 'Z' @61  true (0x01)
LockStack[0]: java.lang.Object 
{0x000000008ce83278} - klass: 'java/lang/Object' - flags: 

 - ---- fields (total size 2 words):

--------------------------------------------------------------------------------
Decoding CodeBlob, name: UncommonTrapBlob, at  [0x0000013840f39060, 0x0000013840f39168]  264 bytes
[MachCode]
  0x0000013840f39060: 4883 ec28 | 4889 6c24 | 208b d2c5 | f877 4989 | a728 0400 | 0049 8bcf | 41b8 0200 | 0000 48b8 
  0x0000013840f39080: 00c2 2626 | ff7f 0000 | ffd0 49c7 | 8728 0400 | 0000 0000 | 0049 c787 | 3004 0000 | 0000 0000 
  0x0000013840f390a0: c5f8 7748 | 8bf8 4883 | c428 8b0f | 4803 e148 | 8b6f 3048 | 8b4f 1848 | 83c4 0848 | 8b77 108b 
  0x0000013840f390c0: 5708 4c8b | c48b 5f04 | 482b e348 | 8b1e 4883 | eb10 48ff | 3155 488b | ec48 2be3 | 4c89 45f8 
  0x0000013840f390e0: 48c7 45f0 | 0000 0000 | 4c8b c448 | 83c6 0848 | 83c1 08ff | ca75 d448 | ff31 5548 | 8bec 4883 
  0x0000013840f39100: ec20 c5f8 | 7749 89af | 3804 0000 | 49ba 0291 | f340 3801 | 0000 4d89 | 9730 0400 | 0049 89a7 
  0x0000013840f39120: 2804 0000 | 4883 e4f0 | 498b cfba | 0200 0000 | 48b8 60d5 | 2626 ff7f | 0000 ffd0 | 49c7 8728 
  0x0000013840f39140: 0400 0000 | 0000 0049 | c787 3804 | 0000 0000 | 0000 49c7 | 8730 0400 | 0000 0000 | 00c5 f877 
  0x0000013840f39160: c9c3 f4f4 | f4f4 f4f4 
[/MachCode]
--------------------------------------------------------------------------------


Compiled method (c2) 4819941 15104   !   4       java.util.zip.InflaterInputStream::read (129 bytes)
 total in heap  [0x00000138419b8f08,0x00000138419bc1c0] = 12984
 main code      [0x00000138419b9000,0x00000138419bc148] = 12616
 stub code      [0x00000138419bc148,0x00000138419bc1b8] = 112
 oops           [0x00000138419bc1b8,0x00000138419bc1c0] = 8
 mutable data [0x0000013860b0d8d0,0x0000013860b0dd18] = 1096
 relocation     [0x0000013860b0d8d0,0x0000013860b0db28] = 600
 metadata       [0x0000013860b0db28,0x0000013860b0dd18] = 496
 immutable data [0x000001386c069fc0,0x000001386c06b8a0] = 6368
 dependencies   [0x000001386c069fc0,0x000001386c06a060] = 160
 nul chk table  [0x000001386c06a060,0x000001386c06a128] = 200
 handler table  [0x000001386c06a128,0x000001386c06a240] = 280
 scopes pcs     [0x000001386c06a240,0x000001386c06a880] = 1600
 scopes data    [0x000001386c06a880,0x000001386c06b8a0] = 4128

[Constant Pool (empty)]

[MachCode]
[Instructions begin]
  0x00000138419b9000: 6690 448b | 5208 443b 

  0x00000138419b9008: ;   {runtime_call Shared Runtime ic_miss_blob}
  0x00000138419b9008: 5008 0f85 | d05a 54ff 
[Verified Entry Point]
  0x00000138419b9010: e94b e94f | ffff ff55 | 4881 ecf0 | 0000 0090 | 4181 7f20 | 2500 0000 | 0f85 0d31 | 0000 897c 
  0x00000138419b9030: 243c 4489 | 4c24 384c | 8944 2430 | 4889 9424 | 9800 0000 | 440f b652 | 2045 85d2 | 0f85 1a1d 
  0x00000138419b9050: 0000 458b | 500c 458b | d945 0bda | 440b df0f | 8c22 1700 | 0045 8bda | 452b d941 | 3bfb 0f8f 
  0x00000138419b9070: 1c1d 0000 | 85ff 0f84 | 260f 0000 | 448b 4210 

  0x00000138419b9080: ; implicit exception: dispatches to 0x00000138419bb834
  0x00000138419b9080: 458b 5030 | 4585 d20f | 8403 1500 | 004d 8bda | 488d 9c24 | d000 0000 | 4d8b 1341 | 8b9f d806 
  0x00000138419b90a0: 0000 41f6 | c202 0f85 | 3700 0000 | 81fb 2707 | 0000 0f8f | 4b00 0000 | 4d3b 5c1f | f874 1649 
  0x00000138419b90c0: 8bc2 4883 | c801 4983 | e2fe f04d | 0fb1 130f | 852e 0000 | 004d 891c | 1f41 8387 | d806 0000 
  0x00000138419b90e0: 08eb 1e48 | 33c0 498b | 9fc8 0400 | 00f0 490f | b15a 3e74 | 0c48 3bd8 | 7509 49ff | 8286 0000 
  0x00000138419b9100: 0033 c00f | 85db 1400 

  0x00000138419b9108: ;   {other}
  0x00000138419b9108: 0041 0fb6 | 582c 488d | 8424 d000 | 0000 418b | 87d8 0600 | 004d 8b13 | 4d3b 5c07 | f80f 852e 
  0x00000138419b9128: 0000 0041 | 83af d806 | 0000 084d | 3b5c 07f0 | 0f84 5f00 | 0000 498b | c248 83e0 | fc49 83ca 
  0x00000138419b9148: 01f0 4d0f | b113 0f85 | da2f 0000 | e944 0000 | 0049 83ba | 8600 0000 | 0075 3349 | c742 3e00 
  0x00000138419b9168: 0000 00f0 | 8344 24c0 | 0049 83ba | 8e00 0000 | 0074 2249 | 83ba 9e00 | 0000 0075 | 1849 83e2 
  0x00000138419b9188: fd4d 8997 | e805 0000 | 4183 ca01 | eb0a 49ff | 8a86 0000 | 0045 33d2 | 0f85 1614 | 0000 85db 
  0x00000138419b91a8: 0f85 e00d | 0000 beff | ffff ff4c | 8b94 2498 | 0000 0045 | 8b4a 1045 | 8b59 3045 | 85db 0f84 
  0x00000138419b91c8: 6514 0000 | 488d 9c24 | d000 0000 | 4d8b 1341 | 8b9f d806 | 0000 41f6 | c202 0f85 | 3700 0000 
  0x00000138419b91e8: 81fb 2707 | 0000 0f8f | 4b00 0000 | 4d3b 5c1f | f874 1649 | 8bc2 4883 | c801 4983 | e2fe f04d 
  0x00000138419b9208: ;   {other}
  0x00000138419b9208: 0fb1 130f | 852e 0000 | 004d 891c | 1f41 8387 | d806 0000 | 08eb 1e48 | 33c0 498b | 9fc8 0400 
  0x00000138419b9228: 00f0 490f | b15a 3e74 | 0c48 3bd8 | 7509 49ff | 8286 0000 | 0033 c00f | 8547 1400 | 0041 0fb6 
  0x00000138419b9248: 692e 488d | 8424 d000 | 0000 418b | 87d8 0600 | 004d 8b13 | 4d3b 5c07 | f80f 852e | 0000 0041 
  0x00000138419b9268: 83af d806 | 0000 084d | 3b5c 07f0 | 0f84 5f00 | 0000 498b | c248 83e0 | fc49 83ca | 01f0 4d0f 
  0x00000138419b9288: b113 0f85 | 912e 0000 | e944 0000 | 0049 83ba | 8600 0000 | 0075 3349 | c742 3e00 | 0000 00f0 
  0x00000138419b92a8: 8344 24c0 | 0049 83ba | 8e00 0000 | 0074 2249 | 83ba 9e00 | 0000 0075 | 1849 83e2 | fd4d 8997 
  0x00000138419b92c8: e805 0000 | 4183 ca01 | eb0a 49ff | 8a86 0000 | 0045 33d2 | 0f85 fb13 | 0000 85ed | 0f85 141c 
  0x00000138419b92e8: 0000 4c8b | 9424 9800 | 0000 458b | 4210 458b | 5030 4585 | d20f 8451 | 1300 0049 

  0x00000138419b9304: ;   {other}
  0x00000138419b9304: 8bca 488d | 9c24 d000 | 0000 4c8b | 1941 8b9f | d806 0000 | 41f6 c302 | 0f85 3700 | 0000 81fb 
  0x00000138419b9324: 2707 0000 | 0f8f 4b00 | 0000 493b | 4c1f f874 | 1649 8bc3 | 4883 c801 | 4983 e3fe | f04c 0fb1 
  0x00000138419b9344: 190f 852e | 0000 0049 | 890c 1f41 | 8387 d806 | 0000 08eb | 1e48 33c0 | 498b 9fc8 | 0400 00f0 
  0x00000138419b9364: 490f b15b | 3e74 0c48 | 3bd8 7509 | 49ff 8386 | 0000 0033 | c00f 8586 | 1300 0045 | 8b58 3445 
  0x00000138419b9384: 85db 7515 | 458b 580c | 458b 5020 | 453b d30f | 840d 0c00 | 0033 dbeb | 1645 8b43 | 1c45 8b4b 
  0x00000138419b93a4: 1845 3bc8 | 0f8c 8a15 | 0000 bb01 | 0000 0048 | 8d84 24d0 | 0000 0041 | 8b87 d806 | 0000 4c8b 
  0x00000138419b93c4: 1149 3b4c | 07f8 0f85 | 2e00 0000 | 4183 afd8 | 0600 0008 | 493b 4c07 | f00f 845f | 0000 0049 
  0x00000138419b93e4: 8bc2 4883 | e0fc 4983 | ca01 f04c | 0fb1 110f | 851b 2d00 | 00e9 4400 | 0000 4983 | ba86 0000 
  0x00000138419b9404: ;   {other}
  0x00000138419b9404: 0000 7533 | 49c7 423e | 0000 0000 | f083 4424 | c000 4983 | ba8e 0000 | 0000 7422 | 4983 ba9e 
  0x00000138419b9424: 0000 0000 | 7518 4983 | e2fd 4d89 | 97e8 0500 | 0041 83ca | 01eb 0a49 | ff8a 8600 | 0000 4533 
  0x00000138419b9444: d20f 8517 | 1300 0085 | db0f 84e1 | 0a00 004c | 8b94 2498 | 0000 0045 | 8b5a 1041 | 0fb6 6b2d 
  0x00000138419b9464: 85ed 0f85 | a41a 0000 | 458b 5a08 

  0x00000138419b9470: ;   {metadata('java/util/zip/ZipFile$ZipFileInflaterInputStream')}
  0x00000138419b9470: 4181 fb20 | 0f40 000f | 8503 1500 | 004c 8954 | 2440 410f | b66a 2485 | ed0f 8501 | 1d00 0045 
  0x00000138419b9490: 8b5a 0c45 | 8b52 1444 | 8954 2448 

  0x00000138419b949c: ; implicit exception: dispatches to 0x00000138419bb88c
  0x00000138419b949c: 418b 7a0c 

  0x00000138419b94a0: ; implicit exception: dispatches to 0x00000138419bb8a0
  0x00000138419b94a0: 458b 5308 

  0x00000138419b94a4: ;   {metadata('java/util/zip/ZipFile$ZipFileInputStream')}
  0x00000138419b94a4: 4181 fa00 | 0940 000f | 85eb 1400 | 0045 8b73 | 3045 85f6 | 0f84 fe12 | 0000 4d8b | d64c 8954 
  0x00000138419b94c4: 2428 448b | 5424 484c | 8954 2460 | 488d 9c24 | d000 0000 | 4c8b 4424 | 284d 8b10 | 418b 9fd8 
  0x00000138419b94e4: 0600 0041 | f6c2 020f | 8537 0000 | 0081 fb27 | 0700 000f | 8f4b 0000 | 004d 3b44 | 1ff8 7416 
  0x00000138419b9504: 498b c248 | 83c8 0149 | 83e2 fef0 | 4d0f b110 | 0f85 2e00 | 0000 4d89 | 041f 4183 | 87d8 0600 
  0x00000138419b9524: 0008 eb1e | 4833 c049 | 8b9f c804 | 0000 f049 | 0fb1 5a3e | 740c 483b | d875 0949 | ff82 8600 
  0x00000138419b9544: 0000 33c0 | 0f85 a614 | 0000 458b | 4330 410f | b668 1085 | ed0f 854d | 1c00 004d | 8b43 104d 
  0x00000138419b9564: 85c0 0f8f | a202 0000 | 498b 87c8 | 0100 004c | 8bd0 4983 | c230 4d3b | 97d8 0100 | 000f 834d 
  0x00000138419b9584: 0f00 004d | 8997 c801 | 0000 410f | 0d8a 0001 | 0000 48c7 | 0001 0000 | 0041 0f0d 

  0x00000138419b95a0: ;   {other}
  0x00000138419b95a0: 8a40 0100 | 0041 0f0d | 8a80 0100 

  0x00000138419b95ac: ;   {metadata({type array byte})}
  0x00000138419b95ac: 00c7 4008 | 4847 1800 | c740 0c1e | 0000 004c | 8960 104c | 8960 184c | 8960 204c | 8960 2848 
  0x00000138419b95cc: 8bc8 49f7 | d84d 8943 | 1045 8b4b | 3045 8b51 | 2045 8b4a | 1845 8b51 | 3045 85d2 | 0f84 8216 
  0x00000138419b95ec: 0000 498b | ea4d 8be9 | 488d 9c24 | d800 0000 | 488b 5500 | 418b 9fd8 | 0600 00f6 | c202 0f85 
  0x00000138419b960c: 3800 0000 | 81fb 2707 | 0000 0f8f | 4c00 0000 | 493b 6c1f | f874 1748 | 8bc2 4883 | c801 4883 
  0x00000138419b962c: e2fe f048 | 0fb1 5500 | 0f85 2e00 | 0000 4989 | 2c1f 4183 | 87d8 0600 | 0008 eb1e | 4833 c049 
  0x00000138419b964c: 8b9f c804 | 0000 f048 | 0fb1 5a3e | 740c 483b | d875 0948 | ff82 8600 | 0000 33c0 | 0f85 5a17 
  0x00000138419b966c: 0000 418b | 5130 85d2 | 0f84 5216 | 0000 4d85 | c00f 8cb1 | 1c00 004c | 896c 2478 | 4889 6c24 
  0x00000138419b968c: 7044 8954 | 245c 4489 | 4c24 2448 | 894c 2468 | 4489 7424 | 584c 895c | 2450 897c | 244c 8974 
  0x00000138419b96ac: ;   {other}
  0x00000138419b96ac: 2420 488b 

  0x00000138419b96b0: ;   {optimized virtual_call}
  0x00000138419b96b0: 6c24 70e8 

  0x00000138419b96b4: ; ImmutableOopMap {rbp=Oop [36]=NarrowOop [40]=Oop [48]=Oop [64]=Oop [72]=NarrowOop [80]=Oop [88]=NarrowOop [92]=NarrowOop [96]=Oop [104]=Oop [112]=Oop [120]=Oop [152]=Oop }
                      ;*invokevirtual seek0 {reexecute=0 rethrow=0 return_oop=0}
                      ; - java.io.RandomAccessFile::seek@18 (line 675)
                      ; - java.util.zip.ZipFile$Source::readFullyAt@14 (line 1571)
                      ; - java.util.zip.ZipFile$ZipFileInputStream::initDataOffset@41 (line 910)
                      ; - java.util.zip.ZipFile$ZipFileInputStream::read@16 (line 926)
                      ; - java.util.zip.ZipFile$ZipFileInflaterInputStream::fill@32 (line 449)
                      ; - java.util.zip.InflaterInputStream::read@78 (line 208)
  0x00000138419b96b4: d80c abff 

  0x00000138419b96b8: ;   {post_call_nop}
  0x00000138419b96b8: 0f1f 8400 | b007 0000 | 448b 5424 | 2445 8b4a | 3045 85c9 | 0f84 5a16 

  0x00000138419b96d0: ;   {oop(a 'java/lang/Class'{0x00000000ffeb3aa0} = 'java/io/RandomAccessFile')}
  0x00000138419b96d0: 0000 49bb | a03a ebff | 0000 0000 | 410f b6ab | 8c00 0000 | 85ed 0f85 | bc1c 0000 | 4489 9424 
  0x00000138419b96f0: 8000 0000 | 498b d144 | 898c 2484 | 0000 004c | 8b44 2468 | 4533 c9bf | 1e00 0000 

  0x00000138419b970c: ;   {optimized virtual_call}
  0x00000138419b970c: 498b e8e8 

  0x00000138419b9710: ; ImmutableOopMap {rbp=Oop [40]=Oop [48]=Oop [64]=Oop [72]=NarrowOop [80]=Oop [88]=NarrowOop [92]=NarrowOop [96]=Oop [104]=Oop [112]=Oop [120]=Oop [128]=NarrowOop [132]=NarrowOop [152]=Oop }
                      ;*invokevirtual readBytes0 {reexecute=0 rethrow=0 return_oop=0}
                      ; - java.io.RandomAccessFile::readBytes@24 (line 395)
                      ; - java.io.RandomAccessFile::read@4 (line 437)
                      ; - java.io.RandomAccessFile::readFully@13 (line 501)
                      ; - java.util.zip.ZipFile$Source::readFullyAt@43 (line 1575)
                      ; - java.util.zip.ZipFile$ZipFileInputStream::initDataOffset@41 (line 910)
                      ; - java.util.zip.ZipFile$ZipFileInputStream::read@16 (line 926)
                      ; - java.util.zip.ZipFile$ZipFileInflaterInputStream::fill@32 (line 449)
                      ; - java.util.zip.InflaterInputStream::read@78 (line 208)
  0x00000138419b9710: fcea aaff 

  0x00000138419b9714: ;   {post_call_nop}
  0x00000138419b9714: 0f1f 8400 | 0c08 0001 | 85c0 0f8c | cc1c 0000 | 83f8 1e0f | 8c2b 1900 | 004c 8b5c | 2470 488d 
  0x00000138419b9734: 8424 d800 | 0000 418b | 87d8 0600 | 004d 8b13 | 4d3b 5c07 | f80f 852e | 0000 0041 | 83af d806 
  0x00000138419b9754: 0000 084d | 3b5c 07f0 | 0f84 5f00 | 0000 498b | c248 83e0 | fc49 83ca | 01f0 4d0f | b113 0f85 
  0x00000138419b9774: 8f29 0000 | e944 0000 | 0049 83ba | 8600 0000 | 0075 3349 | c742 3e00 | 0000 00f0 | 8344 24c0 
  0x00000138419b9794: 0049 83ba | 8e00 0000 | 0074 2249 | 83ba 9e00 | 0000 0075 | 1849 83e2 | fd4d 8997 | e805 0000 
  0x00000138419b97b4: 4183 ca01 | eb0a 49ff | 8a86 0000 | 0045 33d2 | 0f85 0c17 | 0000 4c8b | cd45 8b51 | 1049 81fa 
  0x00000138419b97d4: 504b 0304 | 0f85 521c | 0000 4d0f | b751 2a4c | 8b5c 2450 | 4d8b 4310 | 4d0f b749 | 2c4d 03ca 
  0x00000138419b97f4: 4f8d 4401 | 1e4d 8943 | 104d 8943 | 188b 7424 | 208b 7c24 | 4c44 8b74 | 2458 4d8b 

  0x00000138419b9810: ;   {other}
  0x00000138419b9810: 5320 4d85 | d20f 841f | 0a00 004c | 63cf 4d3b | ca0f 8f77 | 0900 0044 | 8bd7 85ff | 0f8e ca19 
  0x00000138419b9830: 0000 458b | 4b30 418b | 4920 8b79 | 1844 8b4f | 3045 85c9 | 0f84 ba0f | 0000 498b | d148 8bef 
  0x00000138419b9850: 488d 9c24 | d800 0000 | 488b 0a41 | 8b9f d806 | 0000 f6c1 | 020f 8537 | 0000 0081 | fb27 0700 
  0x00000138419b9870: 000f 8f4b | 0000 0049 | 3b54 1ff8 | 7416 488b | c148 83c8 | 0148 83e1 | fef0 480f | b10a 0f85 
  0x00000138419b9890: 2e00 0000 | 4989 141f | 4183 87d8 | 0600 0008 | eb1e 4833 | c049 8b9f | c804 0000 | f048 0fb1 
  0x00000138419b98b0: 593e 740c | 483b d875 | 0948 ff81 | 8600 0000 | 33c0 0f85 | d311 0000 | 8b5f 3085 | db0f 8485 
  0x00000138419b98d0: 0f00 004d | 85c0 0f8c | 6819 0000 | 4889 5424 | 6844 894c | 245c 897c | 2424 4489 | 5424 5844 
  0x00000138419b98f0: 8974 244c | 4c89 5c24 | 5089 7424 | 2048 8bd3 

  0x00000138419b9900: ;   {optimized virtual_call}
  0x00000138419b9900: 6666 90e8 

  0x00000138419b9904: ; ImmutableOopMap {rbp=Oop [36]=NarrowOop [40]=Oop [48]=Oop [64]=Oop [72]=NarrowOop [76]=NarrowOop [80]=Oop [92]=NarrowOop [96]=Oop [104]=Oop [152]=Oop }
                      ;*invokevirtual seek0 {reexecute=0 rethrow=0 return_oop=0}
                      ; - java.io.RandomAccessFile::seek@18 (line 675)
                      ; - java.util.zip.ZipFile$Source::readAt@14 (line 1587)
                      ; - java.util.zip.ZipFile$ZipFileInputStream::read@76 (line 936)
                      ; - java.util.zip.ZipFile$ZipFileInflaterInputStream::fill@32 (line 449)
                      ; - java.util.zip.InflaterInputStream::read@78 (line 208)
  0x00000138419b9904: 880a abff 

  0x00000138419b9908: ;   {post_call_nop}
  0x00000138419b9908: 0f1f 8400 | 000a 0002 | 448b 5424 | 2445 8b52 | 3045 85d2 | 0f84 9a0f 

  0x00000138419b9920: ;   {oop(a 'java/lang/Class'{0x00000000ffeb3aa0} = 'java/io/RandomAccessFile')}
  0x00000138419b9920: 0000 49bb | a03a ebff | 0000 0000 | 410f b6ab | 8c00 0000 | 85ed 0f85 | 6c19 0000 | 498b d24c 
  0x00000138419b9940: 8b44 2460 | 4533 c98b | 7c24 5848 | 8b6c 2468 

  0x00000138419b9950: ;   {optimized virtual_call}
  0x00000138419b9950: 6666 90e8 

  0x00000138419b9954: ; ImmutableOopMap {rbp=Oop [40]=Oop [48]=Oop [64]=Oop [76]=NarrowOop [80]=Oop [92]=NarrowOop [152]=Oop }
                      ;*invokevirtual readBytes0 {reexecute=0 rethrow=0 return_oop=0}
                      ; - java.io.RandomAccessFile::readBytes@24 (line 395)
                      ; - java.io.RandomAccessFile::read@4 (line 437)
                      ; - java.util.zip.ZipFile$Source::readAt@24 (line 1588)
                      ; - java.util.zip.ZipFile$ZipFileInputStream::read@76 (line 936)
                      ; - java.util.zip.ZipFile$ZipFileInflaterInputStream::fill@32 (line 449)
                      ; - java.util.zip.InflaterInputStream::read@78 (line 208)
  0x00000138419b9954: b8e8 aaff 

  0x00000138419b9958: ;   {post_call_nop}
  0x00000138419b9958: 0f1f 8400 | 500a 0003 | 8bf8 4c8b | dd48 8d84 | 24d8 0000 | 0041 8b87 | d806 0000 | 4d8b 134d 
  0x00000138419b9978: 3b5c 07f8 | 0f85 2e00 | 0000 4183 | afd8 0600 | 0008 4d3b | 5c07 f00f | 845f 0000 | 0049 8bc2 
  0x00000138419b9998: 4883 e0fc | 4983 ca01 | f04d 0fb1 | 130f 854f | 2700 00e9 | 4400 0000 | 4983 ba86 | 0000 0000 
  0x00000138419b99b8: 7533 49c7 | 423e 0000 | 0000 f083 | 4424 c000 | 4983 ba8e | 0000 0000 | 7422 4983 | ba9e 0000 
  0x00000138419b99d8: 0000 7518 | 4983 e2fd | 4d89 97e8 | 0500 0041 | 83ca 01eb | 0a49 ff8a | 8600 0000 | 4533 d20f 
  0x00000138419b99f8: 85ab 1100 | 0085 ff0f | 8e27 1500 | 0048 8b74 | 2450 488b | 5e20 4c8b | 5610 4c63 | df4d 03d3 
  0x00000138419b9a18: 4c89 5610 | 492b db48 | 895e 204c | 8b5c 2428 | 488d 8424 | d000 0000 | 418b 87d8 | 0600 004d 
  0x00000138419b9a38: 8b13 4d3b | 5c07 f80f | 852e 0000 | 0041 83af | d806 0000 | 084d 3b5c | 07f0 0f84 

  0x00000138419b9a54: ;   {other}
  0x00000138419b9a54: 5f00 0000 | 498b c248 | 83e0 fc49 | 83ca 01f0 | 4d0f b113 | 0f85 7f26 | 0000 e944 | 0000 0049 
  0x00000138419b9a74: 83ba 8600 | 0000 0075 | 3349 c742 | 3e00 0000 | 00f0 8344 | 24c0 0049 | 83ba 8e00 | 0000 0074 
  0x00000138419b9a94: 2249 83ba | 9e00 0000 | 0075 1849 | 83e2 fd4d | 8997 e805 | 0000 4183 | ca01 eb0a | 49ff 8a86 
  0x00000138419b9ab4: 0000 0045 | 33d2 0f85 | 1011 0000 | 4885 db0f | 85b6 0200 | 0044 0fb6 | 560c 4585 | d20f 85a8 
  0x00000138419b9ad4: 0200 00c6 | 460c 01f0 | 8344 24c0 | 0044 8b5e | 304c 8966 | 2045 8b53 | 2045 8b52 | 0c45 85d2 
  0x00000138419b9af4: 0f84 c614 | 0000 498b | d248 8d9c | 24d0 0000 | 004c 8b1a | 418b 9fd8 | 0600 0041 | f6c3 020f 
  0x00000138419b9b14: 8537 0000 | 0081 fb27 | 0700 000f | 8f4b 0000 | 0049 3b54 | 1ff8 7416 | 498b c348 | 83c8 0149 
  0x00000138419b9b34: 83e3 fef0 | 4c0f b11a | 0f85 2e00 | 0000 4989 | 141f 4183 | 87d8 0600 | 0008 eb1e | 4833 c049 
  0x00000138419b9b54: ;   {other}
  0x00000138419b9b54: 8b9f c804 | 0000 f049 | 0fb1 5b3e | 740c 483b | d875 0949 | ff83 8600 | 0000 33c0 | 0f85 4615 
  0x00000138419b9b74: 0000 448b | 5e30 458b | 4320 418b | 680c 448b 

  0x00000138419b9b84: ;   {metadata('java/util/Collections$SetFromMap')}
  0x00000138419b9b84: 5d08 4181 | fb58 822f | 000f 8567 | 1500 004c | 8bdd 458b | 430c 458b | 5808 4d8b 

  0x00000138419b9ba0: ;   {metadata('java/util/WeakHashMap')}
  0x00000138419b9ba0: c841 81fb | 5029 2500 | 0f85 f108 | 0000 4c8b | 1e4d 8bc3 | 4983 e003 | 4983 f802 | 0f84 9a08 
  0x00000138419b9bc0: 0000 49c1 | eb0b 418b | c325 ffff | ff7f 0f84 | 8808 0000 | 418b 4918 | 8be8 c1ed | 1444 8bc0 
  0x00000138419b9be0: 41c1 e80c | 4133 e833 | e844 8bc5 | 41c1 e804 | 448b dd41 | c1eb 0744 | 33dd 4533 | d885 c90f 
  0x00000138419b9c00: 84fb 1300 | 0044 3b61 | 0c0f 85c2 | 0300 0041 | 8b49 148b | 590c 448d | 43ff 4523 | c385 db0f 
  0x00000138419b9c20: 8613 1500 | 0042 8b5c | 8110 85db | 0f84 9600 | 0000 4c8b | eb4c 8bf1 | 4c89 ac24 | a000 0000 
  0x00000138419b9c40: 418b 6d20 | 418b 5d24 | 443b db0f | 855f 0300 | 0041 8b45 | 0c48 8bd8 | 483b de0f | 8548 0500 
  0x00000138419b9c60: 0041 ff49 | 2041 ff41 | 2c4c 8b9c | 24a0 0000 | 004d 3bdd | 0f85 0a18 | 0000 4e8d | 4c81 1041 
  0x00000138419b9c80: 807f 4800 | 0f85 8e21 | 0000 4189 | 2944 8bd5 | 4d8b d94d | 33da 49c1 | eb14 0f84 | 2800 0000 
  0x00000138419b9ca0: ;   {other}
  0x00000138419b9ca0: 4983 fa00 | 0f84 1e00 | 0000 4d8b | d949 c1eb | 0949 ba00 | 00dd 4838 | 0100 004d | 03da 4180 
  0x00000138419b9cc0: 3b02 0f85 | be21 0000 | 488d 8424 | d000 0000 | 418b 87d8 | 0600 004c | 8b12 493b | 5407 f80f 
  0x00000138419b9ce0: 852e 0000 | 0041 83af | d806 0000 | 0849 3b54 | 07f0 0f84 | 5f00 0000 | 498b c248 | 83e0 fc49 
  0x00000138419b9d00: 83ca 01f0 | 4c0f b112 | 0f85 d223 | 0000 e944 | 0000 0049 | 83ba 8600 | 0000 0075 | 3349 c742 
  0x00000138419b9d20: 3e00 0000 | 00f0 8344 | 24c0 0049 | 83ba 8e00 | 0000 0074 | 2249 83ba | 9e00 0000 | 0075 1849 
  0x00000138419b9d40: 83e2 fd4d | 8997 e805 | 0000 4183 | ca01 eb0a | 49ff 8a86 | 0000 0045 | 33d2 7423 | 488b ca48 
  0x00000138419b9d60: 8d94 24d0 | 0000 004d 

  0x00000138419b9d68: ;   {runtime_call}
  0x00000138419b9d68: 8bc7 49ba | d0de 7726 | ff7f 0000 

  0x00000138419b9d74: ;   {post_call_nop}
  0x00000138419b9d74: 41ff d20f | 1f84 0000 | 0000 004c | 8b54 2440 | 4189 7a1c | 83ff ff0f | 844f 1500 | 0045 8b4a 
  0x00000138419b9d94: 1445 8b5a | 1045 8b43 | 3041 8b59 | 0c8b ef0b | eb0f 8cc9 | 1100 003b | fb0f 8f34 | 1500 0045 
  0x00000138419b9db4: 85c0 0f84 | 4c0b 0000 | 498b d048 | 8d9c 24d0 | 0000 004c | 8b12 418b | 9fd8 0600 | 0041 f6c2 
  0x00000138419b9dd4: 020f 8537 | 0000 0081 | fb27 0700 | 000f 8f4b | 0000 0049 | 3b54 1ff8 | 7416 498b | c248 83c8 
  0x00000138419b9df4: 0149 83e2 | fef0 4c0f | b112 0f85 | 2e00 0000 | 4989 141f | 4183 87d8 | 0600 0008 | eb1e 4833 
  0x00000138419b9e14: c049 8b9f | c804 0000 | f049 0fb1 | 5a3e 740c | 483b d875 | 0949 ff82 | 8600 0000 | 33c0 0f85 
  0x00000138419b9e34: ea0d 0000 | 4189 7b20 | 4589 630c | 4833 db4d | 8d43 3841 | 807f 4800 | 0f85 9f20 | 0000 4589 
  0x00000138419b9e54: 0841 8bc9 | 4d8b d04c | 33d1 49c1 | ea14 0f84 | 1e00 0000 | 4d8b d049 | c1ea 0948 | b900 00dd 
  0x00000138419b9e74: ;   {other}
  0x00000138419b9e74: 4838 0100 | 004c 03d1 | 4180 3a02 | 0f85 e020 | 0000 4d8d | 4b34 4180 | 7f48 000f | 853c 2100 
  0x00000138419b9e94: 0041 8919 | 488d 8424 | d000 0000 | 418b 87d8 | 0600 004c | 8b12 493b | 5407 f80f | 852e 0000 
  0x00000138419b9eb4: 0041 83af | d806 0000 | 0849 3b54 | 07f0 0f84 | 5f00 0000 | 498b c248 | 83e0 fc49 | 83ca 01f0 
  0x00000138419b9ed4: 4c0f b112 | 0f85 f521 | 0000 e944 | 0000 0049 | 83ba 8600 | 0000 0075 | 3349 c742 | 3e00 0000 
  0x00000138419b9ef4: 00f0 8344 | 24c0 0049 | 83ba 8e00 | 0000 0074 | 2249 83ba | 9e00 0000 | 0075 1849 | 83e2 fd4d 
  0x00000138419b9f14: 8997 e805 | 0000 4183 | ca01 eb0a | 49ff 8a86 | 0000 0045 | 33d2 0f85 | ca0c 0000 | 8b74 2420 
  0x00000138419b9f34: 4c8b 9424 | 9800 0000 | 458b 5a10 | 4585 db0f | 842f 0700 | 0089 7424 | 2049 8bd3 | 4c8b 4424 
  0x00000138419b9f54: 3044 8b4c | 2438 8b7c 

  0x00000138419b9f5c: ;   {optimized virtual_call}
  0x00000138419b9f5c: 243c 90e8 

  0x00000138419b9f60: ; ImmutableOopMap {[48]=Oop [152]=Oop }
                      ;*invokevirtual inflate {reexecute=0 rethrow=0 return_oop=0}
                      ; - java.util.zip.InflaterInputStream::read@88 (line 210)
  0x00000138419b9f60: ac71 b8ff 

  0x00000138419b9f64: ;   {post_call_nop}
  0x00000138419b9f64: 0f1f 8400 | 5c10 0004 

  0x00000138419b9f6c: ; ImmutableOopMap {[48]=Oop [152]=Oop }
                      ;*ifeq {reexecute=1 rethrow=0 return_oop=0}
                      ; - (reexecute) java.util.zip.InflaterInputStream::read@94 (line 210)
  0x00000138419b9f6c: 4d8b 5730 

  0x00000138419b9f70: ;   {poll}
  0x00000138419b9f70: 4185 0285 | c00f 84a1 | 0300 0048 | 81c4 f000 

  0x00000138419b9f80: ;   {poll_return}
  0x00000138419b9f80: 0000 5d49 | 3b67 280f | 8730 2100 | 00c3 4c8b | 9424 9800 | 0000 41c6 | 4221 01b8 | ffff ffff 
  0x00000138419b9fa0: ebd9 33c0 | ebd5 bb01 | 0000 00e9 | 03f4 ffff 

  0x00000138419b9fb0: ; ImmutableOopMap {r10=NarrowOop r9=Oop rcx=NarrowOop rdx=Oop rsi=Oop rbp=NarrowOop r13=Oop r14=Oop [48]=Oop [64]=Oop [152]=Oop }
                      ;*goto {reexecute=1 rethrow=0 return_oop=0}
                      ; - (reexecute) java.util.WeakHashMap::remove@126 (line 622)
                      ; - java.util.Collections$SetFromMap::remove@5 (line 6044)
                      ; - java.util.zip.ZipFile$ZipFileInputStream::close@42 (line 998)
                      ; - java.util.zip.ZipFile$ZipFileInputStream::read@130 (line 943)
                      ; - java.util.zip.ZipFile$ZipFileInflaterInputStream::fill@32 (line 449)
                      ; - java.util.zip.InflaterInputStream::read@78 (line 208)
  0x00000138419b9fb0: 498b 4730 

  0x00000138419b9fb4: ;   {poll}
  0x00000138419b9fb4: 8500 85ed | 0f84 0afd | ffff 488b | dd4c 89ac | 24a0 0000 | 004c 8beb | e96f fcff | ff4d 8b87 
  0x00000138419b9fd4: c005 0000 | 4d85 c074 | 1341 8b58 | 3883 fbff | 0f84 3615 | 0000 ffc3 | 4189 5838 | 8b69 1885 
  0x00000138419b9ff4: ed0f 84c9 | 1400 004c | 8bc1 4c8b | ed48 8d9c | 24d8 0000 | 0049 8b4d | 0041 8b9f | d806 0000 
  0x00000138419ba014: f6c1 020f | 8538 0000 | 0081 fb27 | 0700 000f | 8f4c 0000 | 004d 3b6c | 1ff8 7417 | 488b c148 
  0x00000138419ba034: 83c8 0148 | 83e1 fef0 | 490f b14d | 000f 852e | 0000 004d | 892c 1f41 | 8387 d806 | 0000 08eb 
  0x00000138419ba054: 1e48 33c0 | 498b 9fc8 | 0400 00f0 | 480f b159 | 3e74 0c48 | 3bd8 7509 | 48ff 8186 | 0000 0033 
  0x00000138419ba074: c00f 8561 | 1500 0044 | 8954 2448 | 4c89 6c24 | 6844 895c | 2460 4c89 | 4c24 5848 | 8954 2428 
  0x00000138419ba094: 897c 244c | 4889 7424 | 5049 8bd0 

  0x00000138419ba0a0: ;   {optimized virtual_call}
  0x00000138419ba0a0: 6666 90e8 

  0x00000138419ba0a4: ; ImmutableOopMap {rbp=NarrowOop [40]=Oop [48]=Oop [64]=Oop [72]=NarrowOop [80]=Oop [88]=Oop [104]=Oop [152]=Oop }
                      ;*invokevirtual poll0 {reexecute=0 rethrow=0 return_oop=1}
                      ; - java.lang.ref.ReferenceQueue::poll@20 (line 165)
                      ; - java.util.WeakHashMap::expungeStaleEntries@4 (line 330)
                      ; - java.util.WeakHashMap::getTable@1 (line 362)
                      ; - java.util.WeakHashMap::remove@12 (line 604)
                      ; - java.util.Collections$SetFromMap::remove@5 (line 6044)
                      ; - java.util.zip.ZipFile$ZipFileInputStream::close@42 (line 998)
                      ; - java.util.zip.ZipFile$ZipFileInputStream::read@130 (line 943)
                      ; - java.util.zip.ZipFile$ZipFileInflaterInputStream::fill@32 (line 449)
                      ; - java.util.zip.InflaterInputStream::read@78 (line 208)
  0x00000138419ba0a4: 384d 54ff 

  0x00000138419ba0a8: ;   {post_call_nop}
  0x00000138419ba0a8: 0f1f 8400 | a011 0007 | 488b d84c | 8b5c 2468 | 488d 8424 | d800 0000 | 418b 87d8 | 0600 004d 
  0x00000138419ba0c8: 8b13 4d3b | 5c07 f80f | 852e 0000 | 0041 83af | d806 0000 | 084d 3b5c | 07f0 0f84 | 5f00 0000 
  0x00000138419ba0e8: 498b c248 | 83e0 fc49 | 83ca 01f0 | 4d0f b113 | 0f85 b21f | 0000 e944 | 0000 0049 | 83ba 8600 
  0x00000138419ba108: 0000 0075 | 3349 c742 | 3e00 0000 | 00f0 8344 | 24c0 0049 | 83ba 8e00 | 0000 0074 | 2249 83ba 
  0x00000138419ba128: 9e00 0000 | 0075 1849 | 83e2 fd4d | 8997 e805 | 0000 4183 | ca01 eb0a | 49ff 8a86 | 0000 0045 
  0x00000138419ba148: 33d2 0f85 | f314 0000 | 4d8b 9fc0 | 0500 004d | 85db 7414 | 458b 5338 | 4585 d20f | 8413 1400 
  0x00000138419ba168: 0041 ffca | 4589 5338 | 4c8b c34d | 85c0 0f85 | ef14 0000 | 488b 7424 | 508b 7c24 | 4c44 8b54 
  0x00000138419ba188: 2448 488b | 5424 284c | 8b4c 2458 | 448b 5c24 | 60e9 71fa | ffff 458b | d241 8bfa 

  0x00000138419ba1a4: ;   {other}
  0x00000138419ba1a4: e97e f6ff | ff4c 896c | 2470 4489 | 4424 6889 | 4c24 6444 | 895c 2460 | 4c89 4c24 | 5848 8954 
  0x00000138419ba1c4: 2428 4489 | 5424 4c89 | 7c24 4848 | 8974 2450 | 458b 5d0c | 458b d341 | 807f 4800 | 0f85 4f1e 
  0x00000138419ba1e4: 0000 4585 | db0f 84dd | 1400 004d | 8bc3 488b | d64c 89b4 | 2490 0000 

  0x00000138419ba1fc: ;   {optimized virtual_call}
  0x00000138419ba1fc: 0066 90e8 

  0x00000138419ba200: ; ImmutableOopMap {rbp=NarrowOop [40]=Oop [48]=Oop [64]=Oop [76]=NarrowOop [80]=Oop [88]=Oop [100]=NarrowOop [112]=Oop [144]=Oop [152]=Oop [160]=Oop }
                      ;*invokevirtual equals {reexecute=0 rethrow=0 return_oop=0}
                      ; - java.util.WeakHashMap::matchesKey@21 (line 299)
                      ; - java.util.WeakHashMap::remove@62 (line 611)
                      ; - java.util.Collections$SetFromMap::remove@5 (line 6044)
                      ; - java.util.zip.ZipFile$ZipFileInputStream::close@42 (line 998)
                      ; - java.util.zip.ZipFile$ZipFileInputStream::read@130 (line 943)
                      ; - java.util.zip.ZipFile$ZipFileInflaterInputStream::fill@32 (line 449)
                      ; - java.util.zip.InflaterInputStream::read@78 (line 208)
  0x00000138419ba200: dc4b 54ff 

  0x00000138419ba204: ;   {post_call_nop}
  0x00000138419ba204: 0f1f 8400 | fc12 0008 | 85c0 0f84 | b814 0000 | 8b7c 2448 | 448b 5424 | 4c48 8b54 | 2428 4c8b 
  0x00000138419ba224: 4c24 588b | 4c24 6444 | 8b44 2468 | 4c8b 6c24 | 70e9 27fa | ffff 488d | 8424 d000 | 0000 4c8b 
  0x00000138419ba244: 5c24 2841 | 8b87 d806 | 0000 4d8b | 134d 3b5c | 07f8 0f85 | 2e00 0000 | 4183 afd8 | 0600 0008 
  0x00000138419ba264: 4d3b 5c07 | f00f 845f | 0000 0049 | 8bc2 4883 | e0fc 4983 | ca01 f04d | 0fb1 130f | 851e 1e00 
  0x00000138419ba284: 00e9 4400 | 0000 4983 | ba86 0000 | 0000 7533 | 49c7 423e | 0000 0000 | f083 4424 | c000 4983 
  0x00000138419ba2a4: ba8e 0000 | 0000 7422 | 4983 ba9e | 0000 0000 | 7518 4983 | e2fd 4d89 | 97e8 0500 | 0041 83ca 
  0x00000138419ba2c4: 01eb 0a49 | ff8a 8600 | 0000 4533 | d20f 8525 | 1400 004c | 8b54 2440 | 41c7 421c | ffff ffff 
  0x00000138419ba2e4: ba45 ffff | ff48 8b6c | 2430 448b | 5c24 3844 | 895c 2420 | 4889 4424 | f88b 4424 

  0x00000138419ba300: ;   {other}
  0x00000138419ba300: 3c89 4424 | 2448 8b44 | 24f8 8974 

  0x00000138419ba30c: ;   {runtime_call UncommonTrapBlob}
  0x00000138419ba30c: 2428 90e8 

  0x00000138419ba310: ; ImmutableOopMap {rbp=Oop [64]=Oop }
                      ;*if_icmpne {reexecute=1 rethrow=0 return_oop=0}
                      ; - (reexecute) java.util.zip.ZipFile$ZipFileInflaterInputStream::fill@43 (line 450)
                      ; - java.util.zip.InflaterInputStream::read@78 (line 208)
  0x00000138419ba310: 4ced 57ff 

  0x00000138419ba314: ;   {post_call_nop}
  0x00000138419ba314: 0f1f 8400 | 0c14 0009 | 4c8b 9424 | 9800 0000 | 458b 4210 

  0x00000138419ba328: ; implicit exception: dispatches to 0x00000138419bbddc
  0x00000138419ba328: 458b 5830 | 4585 db0f | 84f1 1300 | 0048 8d9c | 24d0 0000 | 004d 8b13 | 418b 9fd8 | 0600 0041 
  0x00000138419ba348: f6c2 020f | 8537 0000 | 0081 fb27 | 0700 000f | 8f4b 0000 | 004d 3b5c | 1ff8 7416 | 498b c248 
  0x00000138419ba368: 83c8 0149 | 83e2 fef0 | 4d0f b113 | 0f85 2e00 | 0000 4d89 | 1c1f 4183 | 87d8 0600 | 0008 eb1e 
  0x00000138419ba388: 4833 c049 | 8b9f c804 | 0000 f049 | 0fb1 5a3e | 740c 483b | d875 0949 | ff82 8600 | 0000 33c0 
  0x00000138419ba3a8: 0f85 c213 | 0000 410f | b678 2c48 | 8d84 24d0 | 0000 0041 | 8b87 d806 | 0000 4d8b | 134d 3b5c 
  0x00000138419ba3c8: 07f8 0f85 | 2e00 0000 | 4183 afd8 | 0600 0008 | 4d3b 5c07 | f00f 845f | 0000 0049 | 8bc2 4883 
  0x00000138419ba3e8: e0fc 4983 | ca01 f04d | 0fb1 130f | 859d 1c00 | 00e9 4400 | 0000 4983 | ba86 0000 | 0000 7533 
  0x00000138419ba408: 49c7 423e | 0000 0000 

  0x00000138419ba410: ;   {other}
  0x00000138419ba410: f083 4424 | c000 4983 | ba8e 0000 | 0000 7422 | 4983 ba9e | 0000 0000 | 7518 4983 | e2fd 4d89 
  0x00000138419ba430: 97e8 0500 | 0041 83ca | 01eb 0a49 | ff8a 8600 | 0000 4533 | d20f 85fd | 1200 0085 | ff0f 853b 
  0x00000138419ba450: fbff ff8b | 7424 20e9 | 57ed ffff | 4c89 4c24 | 5048 8954 | 2428 4489 | 5424 4c89 | 7c24 4848 
  0x00000138419ba470: 8bee 488b 

  0x00000138419ba474: ;   {optimized virtual_call}
  0x00000138419ba474: d666 90e8 

  0x00000138419ba478: ; ImmutableOopMap {rbp=Oop [40]=Oop [48]=Oop [64]=Oop [76]=NarrowOop [80]=Oop [152]=Oop }
                      ;*invokevirtual hashCode {reexecute=0 rethrow=0 return_oop=0}
                      ; - java.util.WeakHashMap::hash@1 (line 310)
                      ; - java.util.WeakHashMap::remove@7 (line 603)
                      ; - java.util.Collections$SetFromMap::remove@5 (line 6044)
                      ; - java.util.zip.ZipFile$ZipFileInputStream::close@42 (line 998)
                      ; - java.util.zip.ZipFile$ZipFileInputStream::read@130 (line 943)
                      ; - java.util.zip.ZipFile$ZipFileInflaterInputStream::fill@32 (line 449)
                      ; - java.util.zip.InflaterInputStream::read@78 (line 208)
  0x00000138419ba478: 947b a9ff 

  0x00000138419ba47c: ;   {post_call_nop}
  0x00000138419ba47c: 0f1f 8400 | 7415 000a | 488b f58b | 7c24 4844 | 8b54 244c | 488b 5424 | 284c 8b4c | 2450 e935 
  0x00000138419ba49c: f7ff ff48 | 8bea 4489 | 5424 4c89 | 7c24 4849 | 8bd1 4c8b | c648 b800 | 7734 6038 

  0x00000138419ba4b8: ;   {virtual_call}
  0x00000138419ba4b8: 0100 00e8 

  0x00000138419ba4bc: ; ImmutableOopMap {rbp=Oop [48]=Oop [64]=Oop [76]=NarrowOop [152]=Oop }
                      ;*invokeinterface remove {reexecute=0 rethrow=0 return_oop=1}
                      ; - java.util.Collections$SetFromMap::remove@5 (line 6044)
                      ; - java.util.zip.ZipFile$ZipFileInputStream::close@42 (line 998)
                      ; - java.util.zip.ZipFile$ZipFileInputStream::read@130 (line 943)
                      ; - java.util.zip.ZipFile$ZipFileInflaterInputStream::fill@32 (line 449)
                      ; - java.util.zip.InflaterInputStream::read@78 (line 208)
  0x00000138419ba4bc: 204c 54ff 

  0x00000138419ba4c0: ;   {post_call_nop}
  0x00000138419ba4c0: 0f1f 8400 | b815 000b | 8b7c 2448 | 488b d5e9 | f4f7 ffff | 4c89 4424 | 7048 ff74 | 2460 488f 
  0x00000138419ba4e0: 4424 6848 | ff74 2428 | 488f 4424 | 6044 8974 | 2458 4c89 | 5c24 5089 | 7c24 4c89 | 7424 2c48 
  0x00000138419ba500: 8944 24f8 | 8b44 243c | 8944 2428 | 488b 4424 | f848 ff74 | 2430 488f 

  0x00000138419ba518: ;   {metadata({type array byte})}
  0x00000138419ba518: 4424 2048 | ba48 4718 | 0c00 0000 | 0041 b81e | 0000 0048 | ff74 2440 | 488f 4424 

  0x00000138419ba534: ;   {runtime_call C2 Runtime new_array}
  0x00000138419ba534: 3066 90e8 

  0x00000138419ba538: ; ImmutableOopMap {[32]=Oop [48]=Oop [64]=Oop [72]=NarrowOop [80]=Oop [88]=NarrowOop [96]=Oop [104]=Oop [152]=Oop }
                      ;*newarray {reexecute=0 rethrow=0 return_oop=1}
                      ; - java.util.zip.ZipFile$ZipFileInputStream::initDataOffset@11 (line 908)
                      ; - java.util.zip.ZipFile$ZipFileInputStream::read@16 (line 926)
                      ; - java.util.zip.ZipFile$ZipFileInflaterInputStream::fill@32 (line 449)
                      ; - java.util.zip.InflaterInputStream::read@78 (line 208)
  0x00000138419ba538: a459 61ff 

  0x00000138419ba53c: ;   {post_call_nop}
  0x00000138419ba53c: 0f1f 8400 | 3416 000c | 48ff 7424 | 2048 8f44 | 2430 4889 | 4424 f88b | 4424 2889 | 4424 3c48 
  0x00000138419ba55c: 8b44 24f8 | 8b74 242c | 8b7c 244c | 4c8b 5c24 | 5044 8b74 | 2458 48ff | 7424 6048 | 8f44 2428 
  0x00000138419ba57c: 48ff 7424 | 6848 8f44 | 2460 4c8b | 4424 70e9 | 3bf0 ffff | baf6 ffff | ff48 8bac | 2498 0000 
  0x00000138419ba59c: 0048 ff74 | 2430 488f | 4424 2044 | 8944 2430 

  0x00000138419ba5ac: ;   {runtime_call UncommonTrapBlob}
  0x00000138419ba5ac: 6666 90e8 

  0x00000138419ba5b0: ; ImmutableOopMap {rbp=Oop [32]=Oop [48]=NarrowOop }
                      ;*monitorenter {reexecute=0 rethrow=0 return_oop=0}
                      ; - java.util.zip.Inflater::finished@6 (line 302)
                      ; - java.util.zip.InflaterInputStream::read@34 (line 198)
  0x00000138419ba5b0: acea 57ff 

  0x00000138419ba5b4: ;   {post_call_nop}
  0x00000138419ba5b4: 0f1f 8400 | ac16 000d | 498b cb48 | 8d94 24d0 | 0000 004d 

  0x00000138419ba5c8: ;   {runtime_call}
  0x00000138419ba5c8: 8bc7 49ba | d0de 7726 | ff7f 0000 

  0x00000138419ba5d4: ;   {post_call_nop}
  0x00000138419ba5d4: 41ff d20f | 1f84 0000 | 0000 00e9 | c2eb ffff | 4c89 5c24 | 4848 ff74 | 2430 488f | 4424 2848 
  0x00000138419ba5f4: 8954 2420 | 498b e844 | 8944 2440 | 498b d34c | 8d84 24d0 

  0x00000138419ba608: ;   {runtime_call C2 Runtime complete_monitor_locking}
  0x00000138419ba608: 0000 00e8 

  0x00000138419ba60c: ; ImmutableOopMap {rbp=Oop [32]=Oop [40]=Oop [64]=NarrowOop [72]=Oop [152]=Oop }
                      ;*monitorenter {reexecute=0 rethrow=0 return_oop=0}
                      ; - java.util.zip.Inflater::finished@6 (line 302)
                      ; - java.util.zip.InflaterInputStream::read@34 (line 198)
  0x00000138419ba60c: d0d1 61ff 

  0x00000138419ba610: ;   {post_call_nop}
  0x00000138419ba610: 0f1f 8400 | 0817 000e | 48ff 7424 | 2848 8f44 | 2430 448b | 4424 404c | 8b5c 2448 | e9d8 eaff 
  0x00000138419ba630: ffba f6ff | ffff 48ff | 7424 3048 | 8f44 2420 | 4489 4c24 

  0x00000138419ba644: ;   {runtime_call UncommonTrapBlob}
  0x00000138419ba644: 3066 90e8 

  0x00000138419ba648: ; ImmutableOopMap {[32]=Oop [48]=NarrowOop [152]=Oop }
                      ;*monitorenter {reexecute=0 rethrow=0 return_oop=0}
                      ; - java.util.zip.Inflater::needsDictionary@6 (line 292)
                      ; - java.util.zip.InflaterInputStream::read@44 (line 198)
  0x00000138419ba648: 14ea 57ff 

  0x00000138419ba64c: ;   {post_call_nop}
  0x00000138419ba64c: 0f1f 8400 | 4417 000f | baf6 ffff | ff48 ff74 | 2430 488f | 4424 2044 | 8944 2430 

  0x00000138419ba668: ;   {runtime_call UncommonTrapBlob}
  0x00000138419ba668: 6666 90e8 

  0x00000138419ba66c: ; ImmutableOopMap {[32]=Oop [48]=NarrowOop [152]=Oop }
                      ;*monitorenter {reexecute=0 rethrow=0 return_oop=0}
                      ; - java.util.zip.Inflater::needsInput@6 (line 281)
                      ; - java.util.zip.InflaterInputStream::read@61 (line 202)
  0x00000138419ba66c: f0e9 57ff 

  0x00000138419ba670: ;   {post_call_nop}
  0x00000138419ba670: 0f1f 8400 | 6817 0010 | baf6 ffff 

  0x00000138419ba67c: ;   {runtime_call UncommonTrapBlob}
  0x00000138419ba67c: ff66 90e8 

  0x00000138419ba680: ; ImmutableOopMap {[48]=Oop [152]=Oop }
                      ;*invokevirtual inflate {reexecute=0 rethrow=0 return_oop=0}
                      ; - java.util.zip.InflaterInputStream::read@88 (line 210)
  0x00000138419ba680: dce9 57ff 

  0x00000138419ba684: ;   {post_call_nop}
  0x00000138419ba684: 0f1f 8400 | 7c17 0011 | 4c89 5c24 | 4889 7424 | 4048 ff74 | 2430 488f | 4424 2849 | 8be9 4489 
  0x00000138419ba6a4: 4c24 4449 | 8bd3 4c8d | 8424 d000 

  0x00000138419ba6b0: ;   {runtime_call C2 Runtime complete_monitor_locking}
  0x00000138419ba6b0: 0000 90e8 

  0x00000138419ba6b4: ; ImmutableOopMap {rbp=Oop [40]=Oop [68]=NarrowOop [72]=Oop [152]=Oop }
                      ;*monitorenter {reexecute=0 rethrow=0 return_oop=0}
                      ; - java.util.zip.Inflater::needsDictionary@6 (line 292)
                      ; - java.util.zip.InflaterInputStream::read@44 (line 198)
  0x00000138419ba6b4: 28d1 61ff 

  0x00000138419ba6b8: ;   {post_call_nop}
  0x00000138419ba6b8: 0f1f 8400 | b017 0012 | 48ff 7424 | 2848 8f44 | 2430 8b74 | 2440 448b | 4c24 444c | 8b5c 2448 
  0x00000138419ba6d8: e968 ebff | ff49 8bcb | 488d 9424 | d000 0000 

  0x00000138419ba6e8: ;   {runtime_call}
  0x00000138419ba6e8: 4d8b c749 | bad0 de77 | 26ff 7f00 | 0041 ffd2 

  0x00000138419ba6f8: ;   {post_call_nop}
  0x00000138419ba6f8: 0f1f 8400 | 0000 0000 | e9dd ebff | ff48 894c | 2450 4489 | 5424 4889 | 7424 4048 | ff74 2430 
  0x00000138419ba718: 488f 4424 | 2849 8be8 | 4489 4424 | 4448 8bd1 | 4c8d 8424 | d000 0000 

  0x00000138419ba730: ;   {runtime_call C2 Runtime complete_monitor_locking}
  0x00000138419ba730: 6666 90e8 

  0x00000138419ba734: ; ImmutableOopMap {rbp=Oop [40]=Oop [68]=NarrowOop [72]=NarrowOop [80]=Oop [152]=Oop }
                      ;*monitorenter {reexecute=0 rethrow=0 return_oop=0}
                      ; - java.util.zip.Inflater::needsInput@6 (line 281)
                      ; - java.util.zip.InflaterInputStream::read@61 (line 202)
  0x00000138419ba734: a8d0 61ff 

  0x00000138419ba738: ;   {post_call_nop}
  0x00000138419ba738: 0f1f 8400 | 3018 0013 | 48ff 7424 | 2848 8f44 | 2430 8b74 | 2440 448b | 4424 4444 | 8b54 2448 
  0x00000138419ba758: 488b 4c24 | 50e9 1dec | ffff 488d | 9424 d000 | 0000 4d8b 

  0x00000138419ba76c: ;   {runtime_call}
  0x00000138419ba76c: c749 bad0 | de77 26ff | 7f00 0041 

  0x00000138419ba778: ;   {post_call_nop}
  0x00000138419ba778: ffd2 0f1f | 8400 0000 | 0000 e9c4 | ecff ffba | 45ff ffff | 488b ac24 | 9800 0000 | 4c89 4424 
  0x00000138419ba798: 2044 894c | 2430 897c | 2434 4489 | 5424 3844 | 895c 243c 

  0x00000138419ba7ac: ;   {runtime_call UncommonTrapBlob}
  0x00000138419ba7ac: 6666 90e8 

  0x00000138419ba7b0: ; ImmutableOopMap {rbp=Oop [32]=Oop }
                      ;*iflt {reexecute=1 rethrow=0 return_oop=0}
                      ; - (reexecute) jdk.internal.util.Preconditions::checkFromIndexSize@5 (line 396)
                      ; - java.util.Objects::checkFromIndexSize@4 (line 417)
                      ; - java.util.zip.InflaterInputStream::read@20 (line 191)
  0x00000138419ba7b0: ace8 57ff 

  0x00000138419ba7b4: ;   {post_call_nop}
  0x00000138419ba7b4: 0f1f 8400 | ac18 0014 | baf6 ffff | ff48 8b6c | 2430 448b | 5424 3844 | 8954 2420 | 4889 4424 
  0x00000138419ba7d4: f88b 4424 | 3c89 4424 | 2448 8b44 | 24f8 48ff | 7424 4048 | 8f44 2428 | 4c89 5c24 | 4089 7c24 
  0x00000138419ba7f4: ;   {runtime_call UncommonTrapBlob}
  0x00000138419ba7f4: 4c66 90e8 

  0x00000138419ba7f8: ; ImmutableOopMap {rbp=Oop [40]=Oop [64]=Oop [72]=NarrowOop }
                      ;*monitorenter {reexecute=0 rethrow=0 return_oop=0}
                      ; - java.util.zip.ZipFile$ZipFileInputStream::read@7 (line 924)
                      ; - java.util.zip.ZipFile$ZipFileInflaterInputStream::fill@32 (line 449)
                      ; - java.util.zip.InflaterInputStream::read@78 (line 208)
  0x00000138419ba7f8: 64e8 57ff 

  0x00000138419ba7fc: ;   {post_call_nop}
  0x00000138419ba7fc: 0f1f 8400 | f418 0015 | baf6 ffff | ff48 8b6c | 2430 8b4c | 2438 894c | 2420 4889 | 4424 f88b 
  0x00000138419ba81c: 4424 3c89 | 4424 2448 | 8b44 24f8 | 48ff 7424 | 4048 8f44 | 2428 4c89 | 5c24 4044 | 8974 2450 
  0x00000138419ba83c: 897c 2454 | 4489 5424 | 584c 8944 

  0x00000138419ba848: ;   {runtime_call UncommonTrapBlob}
  0x00000138419ba848: 2460 90e8 

  0x00000138419ba84c: ; ImmutableOopMap {rbp=Oop [40]=Oop [64]=Oop [72]=NarrowOop [80]=NarrowOop [84]=NarrowOop }
                      ;*monitorenter {reexecute=0 rethrow=0 return_oop=0}
                      ; - java.util.zip.ZipFile$Source::readAt@7 (line 1586)
                      ; - java.util.zip.ZipFile$ZipFileInputStream::read@76 (line 936)
                      ; - java.util.zip.ZipFile$ZipFileInflaterInputStream::fill@32 (line 449)
                      ; - java.util.zip.InflaterInputStream::read@78 (line 208)
  0x00000138419ba84c: 10e8 57ff 

  0x00000138419ba850: ;   {post_call_nop}
  0x00000138419ba850: 0f1f 8400 | 4819 0016 | baf6 ffff | ff48 8b6c | 2430 8b4c | 2438 894c | 2420 4889 | 4424 f88b 
  0x00000138419ba870: 4424 3c89 | 4424 2448 | 8b44 24f8 | 48ff 7424 | 4048 8f44 | 2430 48ff | 7424 4048 | 8f44 2438 
  0x00000138419ba890: 4c89 5c24 | 4044 8974 | 2450 897c | 2454 4489 | 5424 584c | 8944 2460 | 4489 4c24 

  0x00000138419ba8ac: ;   {runtime_call UncommonTrapBlob}
  0x00000138419ba8ac: 6866 90e8 

  0x00000138419ba8b0: ; ImmutableOopMap {rbp=Oop [48]=Oop [56]=Oop [64]=Oop [72]=NarrowOop [80]=NarrowOop [84]=NarrowOop [104]=NarrowOop }
                      ;*invokevirtual seek {reexecute=0 rethrow=0 return_oop=0}
                      ; - java.util.zip.ZipFile$Source::readAt@14 (line 1587)
                      ; - java.util.zip.ZipFile$ZipFileInputStream::read@76 (line 936)
                      ; - java.util.zip.ZipFile$ZipFileInflaterInputStream::fill@32 (line 449)
                      ; - java.util.zip.InflaterInputStream::read@78 (line 208)
  0x00000138419ba8b0: ace7 57ff 

  0x00000138419ba8b4: ;   {post_call_nop}
  0x00000138419ba8b4: 0f1f 8400 | ac19 0017 | baf6 ffff | ff48 8b6c | 2430 448b | 5c24 3844 | 895c 2420 | 448b 5424 
  0x00000138419ba8d4: 3c44 8954 | 2424 4c8b | 5424 404c | 8954 2430 | 48ff 7424 | 4048 8f44 | 2438 48ff | 7424 5048 
  0x00000138419ba8f4: 8f44 2440 

  0x00000138419ba8f8: ;   {runtime_call UncommonTrapBlob}
  0x00000138419ba8f8: 6666 90e8 

  0x00000138419ba8fc: ; ImmutableOopMap {rbp=Oop [48]=Oop [56]=Oop [64]=Oop [72]=NarrowOop [76]=NarrowOop [92]=NarrowOop }
                      ;*invokevirtual read {reexecute=0 rethrow=0 return_oop=0}
                      ; - java.util.zip.ZipFile$Source::readAt@24 (line 1588)
                      ; - java.util.zip.ZipFile$ZipFileInputStream::read@76 (line 936)
                      ; - java.util.zip.ZipFile$ZipFileInflaterInputStream::fill@32 (line 449)
                      ; - java.util.zip.InflaterInputStream::read@78 (line 208)
  0x00000138419ba8fc: 60e7 57ff 

  0x00000138419ba900: ;   {post_call_nop}
  0x00000138419ba900: 0f1f 8400 | f819 0018 | baf6 ffff | ff48 8b6c | 2430 448b | 5424 3844 | 8954 2420 | 4489 5c24 
  0x00000138419ba920: 3044 894c | 2434 897c 

  0x00000138419ba928: ;   {runtime_call UncommonTrapBlob}
  0x00000138419ba928: 2438 90e8 

  0x00000138419ba92c: ; ImmutableOopMap {rbp=Oop [48]=NarrowOop [52]=NarrowOop [64]=Oop }
                      ;*monitorenter {reexecute=0 rethrow=0 return_oop=0}
                      ; - java.util.zip.Inflater::setInput@18 (line 135)
                      ; - java.util.zip.ZipFile$ZipFileInflaterInputStream::fill@76 (line 455)
                      ; - java.util.zip.InflaterInputStream::read@78 (line 208)
  0x00000138419ba92c: 30e7 57ff 

  0x00000138419ba930: ;   {post_call_nop}
  0x00000138419ba930: 0f1f 8400 | 281a 0019 | 33ed 453b | c840 0f9c | c5ba 45ff | ffff 48ff | 7424 3048 | 8f44 2428 
  0x00000138419ba950: 448b 5c24 | 3844 895c | 2430 4889 | 4424 f88b | 4424 3c89 | 4424 3448 | 8b44 24f8 | 4489 5424 
  0x00000138419ba970: ;   {runtime_call UncommonTrapBlob}
  0x00000138419ba970: 3c66 90e8 

  0x00000138419ba974: ; ImmutableOopMap {[40]=Oop [60]=NarrowOop [152]=Oop }
                      ;*ifne {reexecute=1 rethrow=0 return_oop=0}
                      ; - (reexecute) java.util.zip.Inflater::needsInput@39 (line 283)
                      ; - java.util.zip.InflaterInputStream::read@61 (line 202)
  0x00000138419ba974: e8e6 57ff 

  0x00000138419ba978: ;   {post_call_nop}
  0x00000138419ba978: 0f1f 8400 | 701a 001a | bade ffff | ff48 ff74 | 2430 488f 

  0x00000138419ba98c: ;   {runtime_call UncommonTrapBlob}
  0x00000138419ba98c: 4424 20e8 

  0x00000138419ba990: ; ImmutableOopMap {[32]=Oop [152]=Oop }
                      ;*invokevirtual fill {reexecute=0 rethrow=0 return_oop=0}
                      ; - java.util.zip.InflaterInputStream::read@78 (line 208)
  0x00000138419ba990: cce6 57ff 

  0x00000138419ba994: ;   {post_call_nop}
  0x00000138419ba994: 0f1f 8400 | 8c1a 001b | bade ffff | ff48 8b6c | 2430 448b | 4424 3844 | 8944 2420 | 4889 4424 
  0x00000138419ba9b4: f88b 4424 | 3c89 4424 | 2448 8b44 | 24f8 48ff | 7424 4048 | 8f44 2428 | 4489 5c24 | 4048 8944 
  0x00000138419ba9d4: 24f8 8b44 | 2448 8944 | 2444 488b | 4424 f889 

  0x00000138419ba9e4: ;   {runtime_call UncommonTrapBlob}
  0x00000138419ba9e4: 7c24 48e8 

  0x00000138419ba9e8: ; ImmutableOopMap {rbp=Oop [40]=Oop [64]=NarrowOop [68]=NarrowOop }
                      ;*invokevirtual read {reexecute=0 rethrow=0 return_oop=0}
                      ; - java.util.zip.ZipFile$ZipFileInflaterInputStream::fill@32 (line 449)
                      ; - java.util.zip.InflaterInputStream::read@78 (line 208)
  0x00000138419ba9e8: 74e6 57ff 

  0x00000138419ba9ec: ;   {post_call_nop}
  0x00000138419ba9ec: 0f1f 8400 | e41a 001c | 48ff 7424 | 6048 8f44 | 2468 4c89 | 4424 6044 | 8974 2458 | 4c89 5c24 
  0x00000138419baa0c: 5089 7c24 | 4c89 7424 | 2c48 8944 | 24f8 8b44 | 243c 8944 | 2428 488b | 4424 f848 | ff74 2430 
  0x00000138419baa2c: 488f 4424 | 2049 8bd0 | 4c8d 8424 | d000 0000 | 48ff 7424 | 4048 8f44 

  0x00000138419baa44: ;   {runtime_call C2 Runtime complete_monitor_locking}
  0x00000138419baa44: 2430 90e8 

  0x00000138419baa48: ; ImmutableOopMap {[32]=Oop [48]=Oop [64]=Oop [72]=NarrowOop [80]=Oop [88]=NarrowOop [96]=Oop [104]=Oop [152]=Oop }
                      ;*monitorenter {reexecute=0 rethrow=0 return_oop=0}
                      ; - java.util.zip.ZipFile$ZipFileInputStream::read@7 (line 924)
                      ; - java.util.zip.ZipFile$ZipFileInflaterInputStream::fill@32 (line 449)
                      ; - java.util.zip.InflaterInputStream::read@78 (line 208)
  0x00000138419baa48: 94cd 61ff 

  0x00000138419baa4c: ;   {post_call_nop}
  0x00000138419baa4c: 0f1f 8400 | 441b 001d | 48ff 7424 | 2048 8f44 | 2430 4889 | 4424 f88b | 4424 2889 | 4424 3c48 
  0x00000138419baa6c: 8b44 24f8 | 8b74 242c | 8b7c 244c | 4c8b 5c24 | 5044 8b74 | 2458 48ff | 7424 6048 | 8f44 2428 
  0x00000138419baa8c: 48ff 7424 | 6848 8f44 | 2460 e9b3 | eaff ff48 | 8994 2488 | 0000 0044 | 898c 2480 | 0000 0089 
  0x00000138419baaac: 7c24 7c44 | 8954 2478 | 4c89 4424 | 7048 ff74 | 2460 488f | 4424 6848 | ff74 2428 | 488f 4424 
  0x00000138419baacc: 6044 8974 | 2454 4c89 | 5c24 5848 | 8944 24f8 | 8b44 2448 | 8944 2450 | 488b 4424 | f848 ff74 
  0x00000138419baaec: 2440 488f | 4424 4889 | 7424 4048 | ff74 2430 | 488f 4424 | 2848 ffb4 | 2498 0000 | 0048 8f44 
  0x00000138419bab0c: 2420 4c8d | 8424 d800 | 0000 48ff | 7424 4848 | 8f44 2430 

  0x00000138419bab20: ;   {runtime_call C2 Runtime complete_monitor_locking}
  0x00000138419bab20: 6666 90e8 

  0x00000138419bab24: ; ImmutableOopMap {rbp=Oop [32]=Oop [40]=Oop [48]=Oop [72]=Oop [80]=NarrowOop [84]=NarrowOop [88]=Oop [96]=Oop [104]=Oop [124]=NarrowOop [128]=NarrowOop [136]=Oop }
                      ;*monitorenter {reexecute=0 rethrow=0 return_oop=0}
                      ; - java.util.zip.ZipFile$Source::readAt@7 (line 1586)
                      ; - java.util.zip.ZipFile$ZipFileInputStream::read@76 (line 936)
                      ; - java.util.zip.ZipFile$ZipFileInflaterInputStream::fill@32 (line 449)
                      ; - java.util.zip.InflaterInputStream::read@78 (line 208)
  0x00000138419bab24: b8cc 61ff 

  0x00000138419bab28: ;   {post_call_nop}
  0x00000138419bab28: 0f1f 8400 | 201c 001e | 48ff 7424 | 2048 8f84 | 2498 0000 | 0048 ff74 | 2428 488f | 4424 308b 
  0x00000138419bab48: 7424 4048 | ff74 2448 | 488f 4424 | 4048 8944 | 24f8 8b44 | 2450 8944 | 2448 488b | 4424 f84c 
  0x00000138419bab68: 8b5c 2458 | 448b 7424 | 5448 ff74 | 2460 488f | 4424 2848 | ff74 2468 | 488f 4424 | 604c 8b44 
  0x00000138419bab88: 2470 448b | 5424 788b | 7c24 7c44 | 8b8c 2480 | 0000 0048 | 8b94 2488 | 0000 00e9 | 20ed ffff 
  0x00000138419baba8: 498b cb48 | 8d94 24d8 | 0000 004d 

  0x00000138419babb4: ;   {runtime_call}
  0x00000138419babb4: 8bc7 49ba | d0de 7726 | ff7f 0000 

  0x00000138419babc0: ;   {post_call_nop}
  0x00000138419babc0: 41ff d20f | 1f84 0000 | 0000 00e9 | 2dee ffff | 488b 4c24 | 2848 8d94 | 24d0 0000 | 004d 8bc7 
  0x00000138419babe0: ;   {runtime_call}
  0x00000138419babe0: 49ba d0de | 7726 ff7f | 0000 41ff 

  0x00000138419babec: ;   {post_call_nop}
  0x00000138419babec: d20f 1f84 | 0000 0000 | 00e9 c6ee | ffff 488b | ca48 8d94 | 24d0 0000 | 004d 8bc7 

  0x00000138419bac08: ;   {runtime_call}
  0x00000138419bac08: 49ba d0de | 7726 ff7f | 0000 41ff 

  0x00000138419bac14: ;   {post_call_nop}
  0x00000138419bac14: d20f 1f84 | 0000 0000 | 00e9 0ef3 | ffff 4889 | 5424 4889 | 7c24 244d | 8bc1 498b | c844 894c 
  0x00000138419bac34: 2428 498b | eb44 895c | 242c 4c8d | 8424 d000 | 0000 4889 

  0x00000138419bac48: ;   {runtime_call C2 Runtime complete_monitor_locking}
  0x00000138419bac48: 4c24 50e8 

  0x00000138419bac4c: ; ImmutableOopMap {rbp=Oop [40]=NarrowOop [44]=NarrowOop [48]=Oop [64]=Oop [72]=Oop [80]=Oop [152]=Oop }
                      ;*monitorenter {reexecute=0 rethrow=0 return_oop=0}
                      ; - java.util.zip.Inflater::setInput@18 (line 135)
                      ; - java.util.zip.ZipFile$ZipFileInflaterInputStream::fill@76 (line 455)
                      ; - java.util.zip.InflaterInputStream::read@78 (line 208)
  0x00000138419bac4c: 90cb 61ff 

  0x00000138419bac50: ;   {post_call_nop}
  0x00000138419bac50: 0f1f 8400 | 481d 001f | 8b7c 2424 | 448b 4c24 | 2844 8b5c | 242c 488b | 5424 48e9 | c8f1 ffff 
  0x00000138419bac70: baf6 ffff | ff48 8b6c | 2430 448b | 5424 3844 | 8954 2420 | 4889 4424 | f88b 4424 | 3c89 4424 
  0x00000138419bac90: 2448 8b44 | 24f8 48ff | 7424 4048 | 8f44 2428 | 897c 244c | 4489 7424 | 544c 895c | 2458 4489 
  0x00000138419bacb0: 4c24 6848 | 894c 2470 | 4c89 4424 

  0x00000138419bacbc: ;   {runtime_call UncommonTrapBlob}
  0x00000138419bacbc: 7866 90e8 

  0x00000138419bacc0: ; ImmutableOopMap {rbp=Oop [40]=Oop [72]=NarrowOop [84]=NarrowOop [88]=Oop [104]=NarrowOop [112]=Oop }
                      ;*monitorenter {reexecute=0 rethrow=0 return_oop=0}
                      ; - java.util.zip.ZipFile$Source::readFullyAt@7 (line 1570)
                      ; - java.util.zip.ZipFile$ZipFileInputStream::initDataOffset@41 (line 910)
                      ; - java.util.zip.ZipFile$ZipFileInputStream::read@16 (line 926)
                      ; - java.util.zip.ZipFile$ZipFileInflaterInputStream::fill@32 (line 449)
                      ; - java.util.zip.InflaterInputStream::read@78 (line 208)
  0x00000138419bacc0: 9ce3 57ff 

  0x00000138419bacc4: ;   {post_call_nop}
  0x00000138419bacc4: 0f1f 8400 | bc1d 0020 | baf6 ffff | ff48 8b6c | 2430 8b74 | 2438 8974 | 2420 4889 | 4424 f88b 
  0x00000138419bace4: 4424 3c89 | 4424 2448 | 8b44 24f8 | 48ff 7424 | 4048 8f44 | 2428 897c | 244c 4489 | 7424 544c 
  0x00000138419bad04: 895c 2458 | 4489 4c24 | 6848 894c | 2470 4c89 | 4424 7844 | 8994 2480 

  0x00000138419bad1c: ;   {runtime_call UncommonTrapBlob}
  0x00000138419bad1c: 0000 00e8 

  0x00000138419bad20: ; ImmutableOopMap {rbp=Oop [40]=Oop [72]=NarrowOop [84]=NarrowOop [88]=Oop [104]=NarrowOop [112]=Oop [128]=NarrowOop }
                      ;*invokevirtual seek {reexecute=0 rethrow=0 return_oop=0}
                      ; - java.util.zip.ZipFile$Source::readFullyAt@14 (line 1571)
                      ; - java.util.zip.ZipFile$ZipFileInputStream::initDataOffset@41 (line 910)
                      ; - java.util.zip.ZipFile$ZipFileInputStream::read@16 (line 926)
                      ; - java.util.zip.ZipFile$ZipFileInflaterInputStream::fill@32 (line 449)
                      ; - java.util.zip.InflaterInputStream::read@78 (line 208)
  0x00000138419bad20: 3ce3 57ff 

  0x00000138419bad24: ;   {post_call_nop}
  0x00000138419bad24: 0f1f 8400 | 1c1e 0021 | baf6 ffff | ff48 8b6c | 2430 448b | 4424 3844 | 8944 2420 | 448b 5c24 
  0x00000138419bad44: 3c44 895c | 2424 4c8b | 5c24 404c | 895c 2430 | 4c89 5c24 | 3844 8954 

  0x00000138419bad5c: ;   {runtime_call UncommonTrapBlob}
  0x00000138419bad5c: 2464 90e8 

  0x00000138419bad60: ; ImmutableOopMap {rbp=Oop [48]=Oop [56]=Oop [72]=NarrowOop [80]=Oop [88]=NarrowOop [92]=NarrowOop [100]=NarrowOop [104]=Oop }
                      ;*invokevirtual readFully {reexecute=0 rethrow=0 return_oop=0}
                      ; - java.util.zip.ZipFile$Source::readFullyAt@43 (line 1575)
                      ; - java.util.zip.ZipFile$ZipFileInputStream::initDataOffset@41 (line 910)
                      ; - java.util.zip.ZipFile$ZipFileInputStream::read@16 (line 926)
                      ; - java.util.zip.ZipFile$ZipFileInflaterInputStream::fill@32 (line 449)
                      ; - java.util.zip.InflaterInputStream::read@78 (line 208)
  0x00000138419bad60: fce2 57ff 

  0x00000138419bad64: ;   {post_call_nop}
  0x00000138419bad64: 0f1f 8400 | 5c1e 0022 | ba45 ffff | ff48 8bac | 2498 0000 | 004c 8944 | 2420 4489 

  0x00000138419bad80: ;   {runtime_call UncommonTrapBlob}
  0x00000138419bad80: 5424 30e8 

  0x00000138419bad84: ; ImmutableOopMap {rbp=Oop [32]=Oop }
                      ;*ifeq {reexecute=1 rethrow=0 return_oop=0}
                      ; - (reexecute) java.util.zip.InflaterInputStream::ensureOpen@4 (line 84)
                      ; - java.util.zip.InflaterInputStream::read@1 (line 187)
  0x00000138419bad84: d8e2 57ff 

  0x00000138419bad88: ;   {post_call_nop}
  0x00000138419bad88: 0f1f 8400 | 801e 0023 | ba45 ffff | ff48 8bac | 2498 0000 | 0048 ff74 | 2430 488f | 4424 2044 
  0x00000138419bada8: 894c 2430 | 897c 2434 | 4489 5424 | 3844 895c 

  0x00000138419badb8: ;   {runtime_call UncommonTrapBlob}
  0x00000138419badb8: 2440 90e8 

  0x00000138419badbc: ; ImmutableOopMap {rbp=Oop [32]=Oop }
                      ;*if_icmple {reexecute=1 rethrow=0 return_oop=0}
                      ; - (reexecute) jdk.internal.util.Preconditions::checkFromIndexSize@12 (line 396)
                      ; - java.util.Objects::checkFromIndexSize@4 (line 417)
                      ; - java.util.zip.InflaterInputStream::read@20 (line 191)
  0x00000138419badbc: a0e2 57ff 

  0x00000138419badc0: ;   {post_call_nop}
  0x00000138419badc0: 0f1f 8400 | b81e 0024 | 4c89 ac24 | 9000 0000 | 4889 ac24 | 8800 0000 | 4489 9424 | 8000 0000 
  0x00000138419bade0: 4489 4c24 | 5c48 894c | 2478 4c89 | 4424 7048 | ff74 2460 | 488f 4424 | 6848 ff74 | 2428 488f 
  0x00000138419bae00: 4424 6044 | 8974 2458 | 4c89 5c24 | 5089 7c24 | 4c89 7424 | 2c48 8944 | 24f8 8b44 | 243c 8944 
  0x00000138419bae20: 2428 488b | 4424 f848 | ff74 2430 | 488f 4424 | 2048 8bac | 2498 0000 | 0048 8b94 | 2488 0000 
  0x00000138419bae40: 004c 8d84 | 24d8 0000 | 0048 ff74 | 2440 488f 

  0x00000138419bae50: ;   {runtime_call C2 Runtime complete_monitor_locking}
  0x00000138419bae50: 4424 30e8 

  0x00000138419bae54: ; ImmutableOopMap {rbp=Oop [32]=Oop [48]=Oop [64]=Oop [72]=NarrowOop [80]=Oop [88]=NarrowOop [92]=NarrowOop [96]=Oop [104]=Oop [120]=Oop [128]=NarrowOop [136]=Oop [144]=Oop }
                      ;*monitorenter {reexecute=0 rethrow=0 return_oop=0}
                      ; - java.util.zip.ZipFile$Source::readFullyAt@7 (line 1570)
                      ; - java.util.zip.ZipFile$ZipFileInputStream::initDataOffset@41 (line 910)
                      ; - java.util.zip.ZipFile$ZipFileInputStream::read@16 (line 926)
                      ; - java.util.zip.ZipFile$ZipFileInflaterInputStream::fill@32 (line 449)
                      ; - java.util.zip.InflaterInputStream::read@78 (line 208)
  0x00000138419bae54: 88c9 61ff 

  0x00000138419bae58: ;   {post_call_nop}
  0x00000138419bae58: 0f1f 8400 | 501f 0025 | 4889 ac24 | 9800 0000 | 48ff 7424 | 2048 8f44 | 2430 4889 | 4424 f88b 
  0x00000138419bae78: 4424 2889 | 4424 3c48 | 8b44 24f8 | 8b74 242c | 8b7c 244c | 4c8b 5c24 | 5044 8b74 | 2458 48ff 
  0x00000138419bae98: 7424 6048 | 8f44 2428 | 48ff 7424 | 6848 8f44 | 2460 4c8b | 4424 7048 | 8b4c 2478 | 448b 4c24 
  0x00000138419baeb8: 5c44 8b94 | 2480 0000 | 0048 8bac | 2488 0000 | 004c 8bac | 2490 0000 | 00e9 98e7 | ffff 498b 
  0x00000138419baed8: cb48 8d94 | 24d8 0000 | 004d 8bc7 

  0x00000138419baee4: ;   {runtime_call}
  0x00000138419baee4: 49ba d0de | 7726 ff7f | 0000 41ff 

  0x00000138419baef0: ;   {post_call_nop}
  0x00000138419baef0: d20f 1f84 | 0000 0000 | 00e9 cce8 | ffff ba45 

  0x00000138419baf00: ;   {runtime_call UncommonTrapBlob}
  0x00000138419baf00: ffff ffe8 

  0x00000138419baf04: ; ImmutableOopMap {[152]=Oop }
                      ;*ifeq {reexecute=1 rethrow=0 return_oop=0}
                      ; - (reexecute) java.util.zip.InflaterInputStream::read@47 (line 198)
  0x00000138419baf04: 58e1 57ff 

  0x00000138419baf08: ;   {post_call_nop}
  0x00000138419baf08: 0f1f 8400 | 0020 0026 | ba45 ffff | ff48 ff74 | 2430 488f 

  0x00000138419baf1c: ;   {runtime_call UncommonTrapBlob}
  0x00000138419baf1c: 4424 28e8 

  0x00000138419baf20: ; ImmutableOopMap {[40]=Oop [152]=Oop }
                      ;*ifne {reexecute=1 rethrow=0 return_oop=0}
                      ; - (reexecute) java.util.zip.InflaterInputStream::read@74 (line 202)
  0x00000138419baf20: 3ce1 57ff 

  0x00000138419baf24: ;   {post_call_nop}
  0x00000138419baf24: 0f1f 8400 | 1c20 0027 | ba45 ffff | ff48 8b6c | 2430 448b | 5c24 3844 | 895c 2420 | 448b 5424 
  0x00000138419baf44: 3c44 8954 | 2424 4c8b | 5424 404c | 8954 2430 | 4c89 5424 | 384c 8b54 | 2450 4c89 | 5424 4089 
  0x00000138419baf64: ;   {runtime_call UncommonTrapBlob}
  0x00000138419baf64: 7c24 54e8 

  0x00000138419baf68: ; ImmutableOopMap {rbp=Oop [48]=Oop [56]=Oop [64]=Oop [76]=NarrowOop }
                      ;*ifle {reexecute=1 rethrow=0 return_oop=0}
                      ; - (reexecute) java.util.zip.ZipFile$ZipFileInputStream::read@81 (line 937)
                      ; - java.util.zip.ZipFile$ZipFileInflaterInputStream::fill@32 (line 449)
                      ; - java.util.zip.InflaterInputStream::read@78 (line 208)
  0x00000138419baf68: f4e0 57ff 

  0x00000138419baf6c: ;   {post_call_nop}
  0x00000138419baf6c: 0f1f 8400 | 6420 0028 | ba45 ffff | ff4c 8b54 | 2430 4c89 | 5424 2044 | 8b54 2438 | 4489 5424 
  0x00000138419baf8c: 2844 8b54 | 243c 4489 | 5424 2c48 | ff74 2440 | 488f 4424 | 3044 895c | 2438 4489 | 4c24 3c89 
  0x00000138419bafac: 7c24 4489 

  0x00000138419bafb0: ;   {runtime_call UncommonTrapBlob}
  0x00000138419bafb0: 5c24 48e8 

  0x00000138419bafb4: ; ImmutableOopMap {[32]=Oop [48]=Oop [56]=NarrowOop [60]=NarrowOop }
                      ;*iflt {reexecute=1 rethrow=0 return_oop=0}
                      ; - (reexecute) jdk.internal.util.Preconditions::checkFromIndexSize@5 (line 396)
                      ; - java.util.zip.Inflater::setInput@7 (line 134)
                      ; - java.util.zip.ZipFile$ZipFileInflaterInputStream::fill@76 (line 455)
                      ; - java.util.zip.InflaterInputStream::read@78 (line 208)
  0x00000138419bafb4: a8e0 57ff 

  0x00000138419bafb8: ;   {post_call_nop}
  0x00000138419bafb8: 0f1f 8400 | b020 0029 | baf6 ffff | ff48 8b6c | 2430 448b | 5424 3844 | 8954 2420 | 448b 5c24 
  0x00000138419bafd8: 3c44 895c | 2424 4c8b | 5424 404c | 8954 2430 | 4c89 5424 | 3889 7c24 

  0x00000138419baff0: ;   {runtime_call UncommonTrapBlob}
  0x00000138419baff0: 4066 90e8 

  0x00000138419baff4: ; ImmutableOopMap {rbp=Oop [48]=Oop [56]=Oop [80]=Oop }
                      ;*monitorenter {reexecute=0 rethrow=0 return_oop=0}
                      ; - java.util.zip.ZipFile$ZipFileInputStream::close@30 (line 997)
                      ; - java.util.zip.ZipFile$ZipFileInputStream::read@130 (line 943)
                      ; - java.util.zip.ZipFile$ZipFileInflaterInputStream::fill@32 (line 449)
                      ; - java.util.zip.InflaterInputStream::read@78 (line 208)
  0x00000138419baff4: 68e0 57ff 

  0x00000138419baff8: ;   {post_call_nop}
  0x00000138419baff8: 0f1f 8400 | f020 002a | baf6 ffff | ff48 8b6c | 2430 8b4c | 2438 894c | 2420 448b | 4424 3c44 
  0x00000138419bb018: 8944 2424 | 4c8b 4424 | 404c 8944 | 2430 4c89 | 4424 3889 | 7c24 4044 | 8954 2448 | 4889 7424 
  0x00000138419bb038: 5844 895c | 244c 4c89 | 4c24 604c | 894c 2468 

  0x00000138419bb048: ;   {runtime_call UncommonTrapBlob}
  0x00000138419bb048: 6666 90e8 

  0x00000138419bb04c: ; ImmutableOopMap {rbp=Oop [48]=Oop [56]=Oop [72]=NarrowOop [88]=Oop [96]=Oop [104]=Oop }
                      ;*invokevirtual poll {reexecute=0 rethrow=0 return_oop=0}
                      ; - java.util.WeakHashMap::expungeStaleEntries@4 (line 330)
                      ; - java.util.WeakHashMap::getTable@1 (line 362)
                      ; - java.util.WeakHashMap::remove@12 (line 604)
                      ; - java.util.Collections$SetFromMap::remove@5 (line 6044)
                      ; - java.util.zip.ZipFile$ZipFileInputStream::close@42 (line 998)
                      ; - java.util.zip.ZipFile$ZipFileInputStream::read@130 (line 943)
                      ; - java.util.zip.ZipFile$ZipFileInflaterInputStream::fill@32 (line 449)
                      ; - java.util.zip.InflaterInputStream::read@78 (line 208)
  0x00000138419bb04c: 10e0 57ff 

  0x00000138419bb050: ;   {post_call_nop}
  0x00000138419bb050: 0f1f 8400 | 4821 002b | ba45 ffff | ff48 8b6c | 2430 448b | 5c24 3844 | 895c 2420 | 448b 5424 
  0x00000138419bb070: 3c44 8954 | 2424 4c8b | 5424 404c | 8954 2430 | 4c89 5424 | 3848 8944 | 24f8 8b84 | 2480 0000 
  0x00000138419bb090: 0089 4424 | 6448 8b44 | 24f8 448b | 9c24 8400 | 0000 4489 | 5c24 7c89 | 8424 8c00 

  0x00000138419bb0ac: ;   {runtime_call UncommonTrapBlob}
  0x00000138419bb0ac: 0000 90e8 

  0x00000138419bb0b0: ; ImmutableOopMap {rbp=Oop [48]=Oop [56]=Oop [72]=NarrowOop [80]=Oop [88]=NarrowOop [92]=NarrowOop [100]=NarrowOop [104]=Oop [124]=NarrowOop }
                      ;*if_icmplt {reexecute=1 rethrow=0 return_oop=0}
                      ; - (reexecute) java.io.RandomAccessFile::readFully@41 (line 505)
                      ; - java.util.zip.ZipFile$Source::readFullyAt@43 (line 1575)
                      ; - java.util.zip.ZipFile$ZipFileInputStream::initDataOffset@41 (line 910)
                      ; - java.util.zip.ZipFile$ZipFileInputStream::read@16 (line 926)
                      ; - java.util.zip.ZipFile$ZipFileInflaterInputStream::fill@32 (line 449)
                      ; - java.util.zip.InflaterInputStream::read@78 (line 208)
  0x00000138419bb0b0: acdf 57ff 

  0x00000138419bb0b4: ;   {post_call_nop}
  0x00000138419bb0b4: 0f1f 8400 | ac21 002c | 4889 5424 | 4844 8954 | 2428 897c | 2424 488b | ee4c 8d84 | 24d0 0000 
  0x00000138419bb0d4: ;   {runtime_call C2 Runtime complete_monitor_locking}
  0x00000138419bb0d4: 0066 90e8 

  0x00000138419bb0d8: ; ImmutableOopMap {rbp=Oop [40]=NarrowOop [48]=Oop [64]=Oop [72]=Oop [152]=Oop }
                      ;*monitorenter {reexecute=0 rethrow=0 return_oop=0}
                      ; - java.util.zip.ZipFile$ZipFileInputStream::close@30 (line 997)
                      ; - java.util.zip.ZipFile$ZipFileInputStream::read@130 (line 943)
                      ; - java.util.zip.ZipFile$ZipFileInflaterInputStream::fill@32 (line 449)
                      ; - java.util.zip.InflaterInputStream::read@78 (line 208)
  0x00000138419bb0d8: 04c7 61ff 

  0x00000138419bb0dc: ;   {post_call_nop}
  0x00000138419bb0dc: 0f1f 8400 | d421 002d | 488b f58b | 7c24 2444 | 8b54 2428 | 488b 5424 | 48e9 7cea | ffff bade 
  0x00000138419bb0fc: ffff ff4c | 8b5c 2430 | 4c89 5c24 | 2044 8b44 | 2438 4489 | 4424 2844 | 8b5c 243c | 4489 5c24 
  0x00000138419bb11c: 2c89 7c24 | 4848 8974 | 2450 4489 

  0x00000138419bb128: ;   {runtime_call UncommonTrapBlob}
  0x00000138419bb128: 5424 58e8 

  0x00000138419bb12c: ; ImmutableOopMap {rbp=NarrowOop [32]=Oop [64]=Oop [80]=Oop [88]=NarrowOop }
                      ;*invokeinterface remove {reexecute=0 rethrow=0 return_oop=0}
                      ; - java.util.zip.ZipFile$ZipFileInputStream::close@42 (line 998)
                      ; - java.util.zip.ZipFile$ZipFileInputStream::read@130 (line 943)
                      ; - java.util.zip.ZipFile$ZipFileInflaterInputStream::fill@32 (line 449)
                      ; - java.util.zip.InflaterInputStream::read@78 (line 208)
  0x00000138419bb12c: 30df 57ff 

  0x00000138419bb130: ;   {post_call_nop}
  0x00000138419bb130: 0f1f 8400 | 2822 002e | bae4 ffff | ff48 8b6c | 2430 8b44 | 2438 8944 | 2420 8b5c | 243c 895c 
  0x00000138419bb150: 2424 488b | 5c24 4048 | 895c 2430 | 4889 5c24 | 3889 7c24 | 4044 8954 | 2448 4c89 | 4c24 5048 
  0x00000138419bb170: 8974 2458 | 4489 5c24 | 4c89 4c24 | 6844 8944 

  0x00000138419bb180: ;   {runtime_call UncommonTrapBlob}
  0x00000138419bb180: 246c 90e8 

  0x00000138419bb184: ; ImmutableOopMap {rbp=Oop [48]=Oop [56]=Oop [72]=NarrowOop [80]=Oop [88]=Oop [104]=NarrowOop }
                      ;*aaload {reexecute=0 rethrow=0 return_oop=0}
                      ; - java.util.WeakHashMap::remove@30 (line 606)
                      ; - java.util.Collections$SetFromMap::remove@5 (line 6044)
                      ; - java.util.zip.ZipFile$ZipFileInputStream::close@42 (line 998)
                      ; - java.util.zip.ZipFile$ZipFileInputStream::read@130 (line 943)
                      ; - java.util.zip.ZipFile$ZipFileInflaterInputStream::fill@32 (line 449)
                      ; - java.util.zip.InflaterInputStream::read@78 (line 208)
  0x00000138419bb184: d8de 57ff 

  0x00000138419bb188: ;   {post_call_nop}
  0x00000138419bb188: 0f1f 8400 | 8022 002f | ba45 ffff | ff48 ff74 | 2430 488f 

  0x00000138419bb19c: ;   {runtime_call UncommonTrapBlob}
  0x00000138419bb19c: 4424 20e8 

  0x00000138419bb1a0: ; ImmutableOopMap {[32]=Oop [64]=Oop }
                      ;*ifeq {reexecute=1 rethrow=0 return_oop=0}
                      ; - (reexecute) java.util.zip.ZipFile$ZipFileInflaterInputStream::fill@4 (line 446)
                      ; - java.util.zip.InflaterInputStream::read@78 (line 208)
  0x00000138419bb1a0: bcde 57ff 

  0x00000138419bb1a4: ;   {post_call_nop}
  0x00000138419bb1a4: 0f1f 8400 | 9c22 0030 | ba45 ffff | ff48 ff74 | 2430 488f | 4424 2044 | 8b54 2438 | 4489 5424 
  0x00000138419bb1c4: 2848 8944 | 24f8 8b44 | 243c 8944 | 242c 488b | 4424 f848 | ff74 2440 | 488f 4424 | 304c 895c 
  0x00000138419bb1e4: 2450 897c | 244c 4489 

  0x00000138419bb1ec: ;   {runtime_call UncommonTrapBlob}
  0x00000138419bb1ec: 7424 5ce8 

  0x00000138419bb1f0: ; ImmutableOopMap {[32]=Oop [48]=Oop [72]=NarrowOop [80]=Oop [92]=NarrowOop }
                      ;*ifeq {reexecute=1 rethrow=0 return_oop=0}
                      ; - (reexecute) java.util.zip.ZipFile::ensureOpenOrZipException@4 (line 834)
                      ; - java.util.zip.ZipFile$ZipFileInputStream::read@12 (line 925)
                      ; - java.util.zip.ZipFile$ZipFileInflaterInputStream::fill@32 (line 449)
                      ; - java.util.zip.InflaterInputStream::read@78 (line 208)
  0x00000138419bb1f0: 6cde 57ff 

  0x00000138419bb1f4: ;   {post_call_nop}
  0x00000138419bb1f4: 0f1f 8400 | ec22 0031 | ba45 ffff | ff48 8b6c | 2430 448b | 4424 3844 | 8944 2420 | 4889 4424 
  0x00000138419bb214: f88b 4424 | 3c89 4424 | 2448 8b44 | 24f8 48ff | 7424 4048 | 8f44 2428 | 897c 2444 | 4489 7424 
  0x00000138419bb234: ;   {runtime_call UncommonTrapBlob}
  0x00000138419bb234: 4866 90e8 

  0x00000138419bb238: ; ImmutableOopMap {rbp=Oop [40]=Oop [72]=NarrowOop }
                      ;*ifgt {reexecute=1 rethrow=0 return_oop=0}
                      ; - (reexecute) java.util.zip.ZipFile$ZipFileInputStream::read@51 (line 933)
                      ; - java.util.zip.ZipFile$ZipFileInflaterInputStream::fill@32 (line 449)
                      ; - java.util.zip.InflaterInputStream::read@78 (line 208)
  0x00000138419bb238: 24de 57ff 

  0x00000138419bb23c: ;   {post_call_nop}
  0x00000138419bb23c: 0f1f 8400 | 3423 0032 | 33c9 4c3b | c1bd ffff | ffff 7c08 | 400f 95c5 | 400f b6ed | ba45 ffff 
  0x00000138419bb25c: ff48 ff74 | 2430 488f | 4424 208b | 4c24 3889 | 4c24 2848 | 8944 24f8 | 8b44 243c | 8944 242c 
  0x00000138419bb27c: 488b 4424 | f84c 895c | 2450 4489 | 7424 5889 | 7c24 5c44 | 8954 2460 | 4489 4c24 

  0x00000138419bb298: ;   {runtime_call UncommonTrapBlob}
  0x00000138419bb298: 6866 90e8 

  0x00000138419bb29c: ; ImmutableOopMap {[32]=Oop [64]=Oop [72]=NarrowOop [80]=Oop [88]=NarrowOop [92]=NarrowOop [104]=NarrowOop }
                      ;*ifge {reexecute=1 rethrow=0 return_oop=0}
                      ; - (reexecute) java.io.RandomAccessFile::seek@3 (line 672)
                      ; - java.util.zip.ZipFile$Source::readAt@14 (line 1587)
                      ; - java.util.zip.ZipFile$ZipFileInputStream::read@76 (line 936)
                      ; - java.util.zip.ZipFile$ZipFileInflaterInputStream::fill@32 (line 449)
                      ; - java.util.zip.InflaterInputStream::read@78 (line 208)
  0x00000138419bb29c: c0dd 57ff 

  0x00000138419bb2a0: ;   {post_call_nop}
  0x00000138419bb2a0: 0f1f 8400 | 9823 0033 | ba45 ffff | ff4c 8b5c | 2430 4c89 | 5c24 2044 | 8b44 2438 | 4489 4424 
  0x00000138419bb2c0: 2844 8b5c | 243c 4489 | 5c24 2c44 | 8954 2468 

  0x00000138419bb2d0: ;   {runtime_call UncommonTrapBlob}
  0x00000138419bb2d0: 6666 90e8 

  0x00000138419bb2d4: ; ImmutableOopMap {[32]=Oop [64]=Oop [72]=NarrowOop [76]=NarrowOop [80]=Oop [92]=NarrowOop [104]=NarrowOop }
                      ;*ifeq {reexecute=1 rethrow=0 return_oop=0}
                      ; - (reexecute) java.io.RandomAccessFile::readBytes@3 (line 392)
                      ; - java.io.RandomAccessFile::read@4 (line 437)
                      ; - java.util.zip.ZipFile$Source::readAt@24 (line 1588)
                      ; - java.util.zip.ZipFile$ZipFileInputStream::read@76 (line 936)
                      ; - java.util.zip.ZipFile$ZipFileInflaterInputStream::fill@32 (line 449)
                      ; - java.util.zip.InflaterInputStream::read@78 (line 208)
  0x00000138419bb2d4: 88dd 57ff 

  0x00000138419bb2d8: ;   {post_call_nop}
  0x00000138419bb2d8: 0f1f 8400 | d023 0034 | 8bf7 e9fd | efff ffba | 45ff ffff | 488b 6c24 | 3044 8b54 | 2438 4489 
  0x00000138419bb2f8: 5424 2044 | 8b44 243c | 4489 4424 | 2448 ff74 | 2440 488f | 4424 2844 | 895c 2430 | 4489 4c24 
  0x00000138419bb318: 3489 7c24 | 3c89 7c24 | 4489 5c24 

  0x00000138419bb324: ;   {runtime_call UncommonTrapBlob}
  0x00000138419bb324: 4866 90e8 

  0x00000138419bb328: ; ImmutableOopMap {rbp=Oop [40]=Oop [48]=NarrowOop [52]=NarrowOop }
                      ;*if_icmple {reexecute=1 rethrow=0 return_oop=0}
                      ; - (reexecute) jdk.internal.util.Preconditions::checkFromIndexSize@12 (line 396)
                      ; - java.util.zip.Inflater::setInput@7 (line 134)
                      ; - java.util.zip.ZipFile$ZipFileInflaterInputStream::fill@76 (line 455)
                      ; - java.util.zip.InflaterInputStream::read@78 (line 208)
  0x00000138419bb328: 34dd 57ff 

  0x00000138419bb32c: ;   {post_call_nop}
  0x00000138419bb32c: 0f1f 8400 | 2424 0035 | 33db 4c3b | c3bd ffff | ffff 7c08 | 400f 95c5 | 400f b6ed | ba45 ffff 
  0x00000138419bb34c: ff48 ff74 | 2430 488f | 4424 208b | 5c24 3889 | 5c24 2848 | 8944 24f8 | 8b44 243c | 8944 242c 
  0x00000138419bb36c: 488b 4424 | f848 ff74 | 2440 488f | 4424 3089 | 7c24 4c44 | 8974 245c | 4c89 5c24 | 6044 894c 
  0x00000138419bb38c: 2470 4889 | 4c24 7844 | 8994 2480 

  0x00000138419bb398: ;   {runtime_call UncommonTrapBlob}
  0x00000138419bb398: 0000 00e8 

  0x00000138419bb39c: ; ImmutableOopMap {[32]=Oop [48]=Oop [72]=NarrowOop [92]=NarrowOop [96]=Oop [112]=NarrowOop [120]=Oop [128]=NarrowOop }
                      ;*ifge {reexecute=1 rethrow=0 return_oop=0}
                      ; - (reexecute) java.io.RandomAccessFile::seek@3 (line 672)
                      ; - java.util.zip.ZipFile$Source::readFullyAt@14 (line 1571)
                      ; - java.util.zip.ZipFile$ZipFileInputStream::initDataOffset@41 (line 910)
                      ; - java.util.zip.ZipFile$ZipFileInputStream::read@16 (line 926)
                      ; - java.util.zip.ZipFile$ZipFileInflaterInputStream::fill@32 (line 449)
                      ; - java.util.zip.InflaterInputStream::read@78 (line 208)
  0x00000138419bb39c: c0dc 57ff 

  0x00000138419bb3a0: ;   {post_call_nop}
  0x00000138419bb3a0: 0f1f 8400 | 9824 0036 | ba45 ffff | ff4c 8b5c | 2430 4c89 | 5c24 2044 | 8b44 2438 | 4489 4424 
  0x00000138419bb3c0: 2844 8b5c | 243c 4489 | 5c24 2c4c | 8b5c 2440 | 4c89 5c24 | 3844 8954 | 2464 4489 | 8c24 9000 
  0x00000138419bb3e0: ;   {runtime_call UncommonTrapBlob}
  0x00000138419bb3e0: 0000 90e8 

  0x00000138419bb3e4: ; ImmutableOopMap {[32]=Oop [56]=Oop [64]=Oop [72]=NarrowOop [80]=Oop [88]=NarrowOop [92]=NarrowOop [100]=NarrowOop [104]=Oop [144]=NarrowOop }
                      ;*ifeq {reexecute=1 rethrow=0 return_oop=0}
                      ; - (reexecute) java.io.RandomAccessFile::readBytes@3 (line 392)
                      ; - java.io.RandomAccessFile::read@4 (line 437)
                      ; - java.io.RandomAccessFile::readFully@13 (line 501)
                      ; - java.util.zip.ZipFile$Source::readFullyAt@43 (line 1575)
                      ; - java.util.zip.ZipFile$ZipFileInputStream::initDataOffset@41 (line 910)
                      ; - java.util.zip.ZipFile$ZipFileInputStream::read@16 (line 926)
                      ; - java.util.zip.ZipFile$ZipFileInflaterInputStream::fill@32 (line 449)
                      ; - java.util.zip.InflaterInputStream::read@78 (line 208)
  0x00000138419bb3e4: 78dc 57ff 

  0x00000138419bb3e8: ;   {post_call_nop}
  0x00000138419bb3e8: 0f1f 8400 | e024 0037 | ba45 ffff | ff48 8b6c | 2430 448b | 5c24 3844 | 895c 2420 | 448b 5424 
  0x00000138419bb408: 3c44 8954 | 2424 4c8b | 5424 404c | 8954 2430 | 4c89 5424 | 3889 4424 

  0x00000138419bb420: ;   {runtime_call UncommonTrapBlob}
  0x00000138419bb420: 7c66 90e8 

  0x00000138419bb424: ; ImmutableOopMap {rbp=Oop [48]=Oop [56]=Oop [72]=NarrowOop [80]=Oop [88]=NarrowOop [92]=NarrowOop [104]=Oop [128]=NarrowOop }
                      ;*ifge {reexecute=1 rethrow=0 return_oop=0}
                      ; - (reexecute) java.io.RandomAccessFile::readFully@20 (line 502)
                      ; - java.util.zip.ZipFile$Source::readFullyAt@43 (line 1575)
                      ; - java.util.zip.ZipFile$ZipFileInputStream::initDataOffset@41 (line 910)
                      ; - java.util.zip.ZipFile$ZipFileInputStream::read@16 (line 926)
                      ; - java.util.zip.ZipFile$ZipFileInflaterInputStream::fill@32 (line 449)
                      ; - java.util.zip.InflaterInputStream::read@78 (line 208)
  0x00000138419bb424: 38dc 57ff 

  0x00000138419bb428: ;   {post_call_nop}
  0x00000138419bb428: 0f1f 8400 | 2025 0038 | 41bb 504b | 0304 4d3b | d3bd ffff | ffff 7c08 | 400f 95c5 | 400f b6ed 
  0x00000138419bb448: ba45 ffff | ff4c 8b54 | 2430 4c89 | 5424 2044 | 8b5c 2438 | 4489 5c24 | 2844 8b54 | 243c 4489 
  0x00000138419bb468: 5424 2c4c | 8b54 2440 | 4c89 5424 

  0x00000138419bb474: ;   {runtime_call UncommonTrapBlob}
  0x00000138419bb474: 3866 90e8 

  0x00000138419bb478: ; ImmutableOopMap {[32]=Oop [56]=Oop [64]=Oop [72]=NarrowOop [80]=Oop [88]=NarrowOop }
                      ;*ifeq {reexecute=1 rethrow=0 return_oop=0}
                      ; - (reexecute) java.util.zip.ZipFile$ZipFileInputStream::initDataOffset@69 (line 914)
                      ; - java.util.zip.ZipFile$ZipFileInputStream::read@16 (line 926)
                      ; - java.util.zip.ZipFile$ZipFileInflaterInputStream::fill@32 (line 449)
                      ; - java.util.zip.InflaterInputStream::read@78 (line 208)
  0x00000138419bb478: e4db 57ff 

  0x00000138419bb47c: ;   {post_call_nop}
  0x00000138419bb47c: 0f1f 8400 | 7425 0039 | ba45 ffff | ff4c 8b44 | 2430 4c89 | 4424 2044 | 8b4c 2438 | 4489 4c24 
  0x00000138419bb49c: 2844 8b44 | 243c 4489 | 4424 2c89 | 7c24 4844 | 8954 2450 | 4c89 6c24 

  0x00000138419bb4b4: ;   {runtime_call UncommonTrapBlob}
  0x00000138419bb4b4: 7066 90e8 

  0x00000138419bb4b8: ; ImmutableOopMap {rbp=NarrowOop [32]=Oop [64]=Oop [80]=NarrowOop [112]=Oop [160]=Oop }
                      ;*if_acmpne {reexecute=1 rethrow=0 return_oop=0}
                      ; - (reexecute) java.util.WeakHashMap::remove@92 (line 614)
                      ; - java.util.Collections$SetFromMap::remove@5 (line 6044)
                      ; - java.util.zip.ZipFile$ZipFileInputStream::close@42 (line 998)
                      ; - java.util.zip.ZipFile$ZipFileInputStream::read@130 (line 943)
                      ; - java.util.zip.ZipFile$ZipFileInflaterInputStream::fill@32 (line 449)
                      ; - java.util.zip.InflaterInputStream::read@78 (line 208)
  0x00000138419bb4b8: a4db 57ff 

  0x00000138419bb4bc: ;   {post_call_nop}
  0x00000138419bb4bc: 0f1f 8400 | b425 003a | baf6 ffff | ff48 8b6c | 2430 8b5c | 2438 895c | 2420 448b | 4424 3c44 
  0x00000138419bb4dc: 8944 2424 | 4c8b 4424 | 404c 8944 | 2430 4c89 | 4424 3889 | 7c24 4044 | 8954 2448 | 4889 7424 
  0x00000138419bb4fc: 5844 895c | 244c 4c89 | 4c24 604c | 894c 2468 | 894c 2470 

  0x00000138419bb510: ;   {runtime_call UncommonTrapBlob}
  0x00000138419bb510: 6666 90e8 

  0x00000138419bb514: ; ImmutableOopMap {rbp=Oop [48]=Oop [56]=Oop [72]=NarrowOop [88]=Oop [96]=Oop [104]=Oop [112]=NarrowOop }
                      ;*monitorenter {reexecute=0 rethrow=0 return_oop=0}
                      ; - java.lang.ref.ReferenceQueue::poll@18 (line 164)
                      ; - java.util.WeakHashMap::expungeStaleEntries@4 (line 330)
                      ; - java.util.WeakHashMap::getTable@1 (line 362)
                      ; - java.util.WeakHashMap::remove@12 (line 604)
                      ; - java.util.Collections$SetFromMap::remove@5 (line 6044)
                      ; - java.util.zip.ZipFile$ZipFileInputStream::close@42 (line 998)
                      ; - java.util.zip.ZipFile$ZipFileInputStream::read@130 (line 943)
                      ; - java.util.zip.ZipFile$ZipFileInflaterInputStream::fill@32 (line 449)
                      ; - java.util.zip.InflaterInputStream::read@78 (line 208)
  0x00000138419bb514: 48db 57ff 

  0x00000138419bb518: ;   {post_call_nop}
  0x00000138419bb518: 0f1f 8400 | 1026 003b | bacf ffff | ff48 8b6c | 2430 448b | 4424 3844 | 8944 2420 | 8b5c 243c 
  0x00000138419bb538: 895c 2424 | 4c8b 4424 | 404c 8944 | 2430 4c89 | 4424 3889 | 7c24 4044 | 8954 2448 | 4889 7424 
  0x00000138419bb558: 5844 895c | 244c 4c89 | 4c24 604c | 894c 2468 | 894c 2470 

  0x00000138419bb56c: ;   {runtime_call UncommonTrapBlob}
  0x00000138419bb56c: 6666 90e8 

  0x00000138419bb570: ; ImmutableOopMap {rbp=Oop [48]=Oop [56]=Oop [72]=NarrowOop [88]=Oop [96]=Oop [104]=Oop [112]=NarrowOop }
                      ;*invokestatic pin {reexecute=0 rethrow=0 return_oop=0}
                      ; - jdk.internal.vm.ContinuationSupport::pinIfSupported@6 (line 58)
                      ; - java.lang.ref.ReferenceQueue::poll@9 (line 162)
                      ; - java.util.WeakHashMap::expungeStaleEntries@4 (line 330)
                      ; - java.util.WeakHashMap::getTable@1 (line 362)
                      ; - java.util.WeakHashMap::remove@12 (line 604)
                      ; - java.util.Collections$SetFromMap::remove@5 (line 6044)
                      ; - java.util.zip.ZipFile$ZipFileInputStream::close@42 (line 998)
                      ; - java.util.zip.ZipFile$ZipFileInputStream::read@130 (line 943)
                      ; - java.util.zip.ZipFile$ZipFileInflaterInputStream::fill@32 (line 449)
                      ; - java.util.zip.InflaterInputStream::read@78 (line 208)
  0x00000138419bb570: ecda 57ff 

  0x00000138419bb574: ;   {post_call_nop}
  0x00000138419bb574: 0f1f 8400 | 6c26 003c | bacf ffff | ff48 8b6c | 2430 448b | 5424 3844 | 8954 2420 | 448b 5c24 
  0x00000138419bb594: 3c44 895c | 2424 4c8b | 5424 404c | 8954 2430 | 48ff 7424 | 4048 8f44 | 2438 448b | 5424 4c44 
  0x00000138419bb5b4: 8954 2440 | 4889 4424 | f88b 4424 | 6089 4424 | 4c48 8b44 | 24f8 4889 

  0x00000138419bb5cc: ;   {runtime_call UncommonTrapBlob}
  0x00000138419bb5cc: 5c24 70e8 

  0x00000138419bb5d0: ; ImmutableOopMap {rbp=Oop [48]=Oop [56]=Oop [72]=NarrowOop [80]=Oop [88]=Oop [112]=Oop }
                      ;*invokestatic unpin {reexecute=0 rethrow=0 return_oop=0}
                      ; - jdk.internal.vm.ContinuationSupport::unpinIfSupported@6 (line 67)
                      ; - java.lang.ref.ReferenceQueue::poll@26 (line 168)
                      ; - java.util.WeakHashMap::expungeStaleEntries@4 (line 330)
                      ; - java.util.WeakHashMap::getTable@1 (line 362)
                      ; - java.util.WeakHashMap::remove@12 (line 604)
                      ; - java.util.Collections$SetFromMap::remove@5 (line 6044)
                      ; - java.util.zip.ZipFile$ZipFileInputStream::close@42 (line 998)
                      ; - java.util.zip.ZipFile$ZipFileInputStream::read@130 (line 943)
                      ; - java.util.zip.ZipFile$ZipFileInflaterInputStream::fill@32 (line 449)
                      ; - java.util.zip.InflaterInputStream::read@78 (line 208)
  0x00000138419bb5d0: 8cda 57ff 

  0x00000138419bb5d4: ;   {post_call_nop}
  0x00000138419bb5d4: 0f1f 8400 | cc26 003d | 4c89 6c24 | 684c 8944 | 2460 4489 | 5c24 4c4c | 894c 2458 | 4889 5424 
  0x00000138419bb5f4: 5044 8954 | 2448 897c | 2424 4889 | 7424 2849 | 8bd5 4c8d | 8424 d800 

  0x00000138419bb60c: ;   {runtime_call C2 Runtime complete_monitor_locking}
  0x00000138419bb60c: 0000 90e8 

  0x00000138419bb610: ; ImmutableOopMap {rbp=NarrowOop [40]=Oop [48]=Oop [64]=Oop [72]=NarrowOop [80]=Oop [88]=Oop [96]=Oop [104]=Oop [152]=Oop }
                      ;*monitorenter {reexecute=0 rethrow=0 return_oop=0}
                      ; - java.lang.ref.ReferenceQueue::poll@18 (line 164)
                      ; - java.util.WeakHashMap::expungeStaleEntries@4 (line 330)
                      ; - java.util.WeakHashMap::getTable@1 (line 362)
                      ; - java.util.WeakHashMap::remove@12 (line 604)
                      ; - java.util.Collections$SetFromMap::remove@5 (line 6044)
                      ; - java.util.zip.ZipFile$ZipFileInputStream::close@42 (line 998)
                      ; - java.util.zip.ZipFile$ZipFileInputStream::read@130 (line 943)
                      ; - java.util.zip.ZipFile$ZipFileInflaterInputStream::fill@32 (line 449)
                      ; - java.util.zip.InflaterInputStream::read@78 (line 208)
  0x00000138419bb610: ccc1 61ff 

  0x00000138419bb614: ;   {post_call_nop}
  0x00000138419bb614: 0f1f 8400 | 0c27 003e | 488b 7424 | 288b 7c24 | 2448 8b54 | 2450 4c8b | 4c24 5844 | 8b5c 244c 
  0x00000138419bb634: 4c8b 4424 | 604c 8b6c | 2468 e93d | eaff ff49 | 8bcb 488d | 9424 d800 | 0000 4d8b 

  0x00000138419bb650: ;   {runtime_call}
  0x00000138419bb650: c749 bad0 | de77 26ff | 7f00 0041 

  0x00000138419bb65c: ;   {post_call_nop}
  0x00000138419bb65c: ffd2 0f1f | 8400 0000 | 0000 e9e5 | eaff ffba | 45ff ffff | 488b 6c24 | 3044 8b54 | 2438 4489 
  0x00000138419bb67c: 5424 2044 | 8b54 243c | 4489 5424 | 244c 8b54 | 2440 4c89 | 5424 3048 | ff74 2440 | 488f 4424 
  0x00000138419bb69c: 3844 8b5c | 244c 4489 | 5c24 4048 | 8944 24f8 | 8b44 2460 | 8944 244c | 488b 4424 | f84c 8944 
  0x00000138419bb6bc: ;   {runtime_call UncommonTrapBlob}
  0x00000138419bb6bc: 2478 90e8 

  0x00000138419bb6c0: ; ImmutableOopMap {rbp=Oop [48]=Oop [56]=Oop [72]=NarrowOop [80]=Oop [88]=Oop [120]=Oop }
                      ;*ifnull {reexecute=1 rethrow=0 return_oop=0}
                      ; - (reexecute) java.util.WeakHashMap::expungeStaleEntries@9 (line 330)
                      ; - java.util.WeakHashMap::getTable@1 (line 362)
                      ; - java.util.WeakHashMap::remove@12 (line 604)
                      ; - java.util.Collections$SetFromMap::remove@5 (line 6044)
                      ; - java.util.zip.ZipFile$ZipFileInputStream::close@42 (line 998)
                      ; - java.util.zip.ZipFile$ZipFileInputStream::read@130 (line 943)
                      ; - java.util.zip.ZipFile$ZipFileInflaterInputStream::fill@32 (line 449)
                      ; - java.util.zip.InflaterInputStream::read@78 (line 208)
  0x00000138419bb6c0: 9cd9 57ff 

  0x00000138419bb6c4: ;   {post_call_nop}
  0x00000138419bb6c4: 0f1f 8400 | bc27 003f | ba45 ffff | ff4c 8b54 | 2430 4c89 | 5424 2044 | 8b54 2438 | 4489 5424 
  0x00000138419bb6e4: 2844 8b5c | 243c 4489 

  0x00000138419bb6ec: ;   {runtime_call UncommonTrapBlob}
  0x00000138419bb6ec: 5c24 2ce8 

  0x00000138419bb6f0: ; ImmutableOopMap {rbp=NarrowOop [32]=Oop [64]=Oop [76]=NarrowOop [80]=Oop [88]=Oop [100]=NarrowOop [112]=Oop }
                      ;*ifeq {reexecute=1 rethrow=0 return_oop=0}
                      ; - (reexecute) java.util.WeakHashMap::remove@65 (line 611)
                      ; - java.util.Collections$SetFromMap::remove@5 (line 6044)
                      ; - java.util.zip.ZipFile$ZipFileInputStream::close@42 (line 998)
                      ; - java.util.zip.ZipFile$ZipFileInputStream::read@130 (line 943)
                      ; - java.util.zip.ZipFile$ZipFileInflaterInputStream::fill@32 (line 449)
                      ; - java.util.zip.InflaterInputStream::read@78 (line 208)
  0x00000138419bb6f0: 6cd9 57ff 

  0x00000138419bb6f4: ;   {post_call_nop}
  0x00000138419bb6f4: 0f1f 8400 | ec27 0040 | 488b 4c24 | 2848 8d94 | 24d0 0000 | 004d 8bc7 

  0x00000138419bb70c: ;   {runtime_call}
  0x00000138419bb70c: 49ba d0de | 7726 ff7f | 0000 41ff 

  0x00000138419bb718: ;   {post_call_nop}
  0x00000138419bb718: d20f 1f84 | 0000 0000 | 00e9 b1eb | ffff baf6 | ffff ff48 | ff74 2430 | 488f 4424 | 2044 8944 
  0x00000138419bb738: ;   {runtime_call UncommonTrapBlob}
  0x00000138419bb738: 2430 90e8 

  0x00000138419bb73c: ; ImmutableOopMap {[32]=Oop [48]=NarrowOop [152]=Oop }
                      ;*monitorenter {reexecute=0 rethrow=0 return_oop=0}
                      ; - java.util.zip.Inflater::finished@6 (line 302)
                      ; - java.util.zip.InflaterInputStream::read@34 (line 198)
  0x00000138419bb73c: 20d9 57ff 

  0x00000138419bb740: ;   {post_call_nop}
  0x00000138419bb740: 0f1f 8400 | 3828 0041 | 498b cb48 | 8d94 24d0 | 0000 004d 

  0x00000138419bb754: ;   {runtime_call}
  0x00000138419bb754: 8bc7 49ba | d0de 7726 | ff7f 0000 

  0x00000138419bb760: ;   {post_call_nop}
  0x00000138419bb760: 41ff d20f | 1f84 0000 | 0000 00e9 | dbec ffff | 4c89 5c24 | 4049 8be8 | 4489 4424 | 2449 8bd3 
  0x00000138419bb780: 4c8d 8424 | d000 0000 

  0x00000138419bb788: ;   {runtime_call C2 Runtime complete_monitor_locking}
  0x00000138419bb788: 6666 90e8 

  0x00000138419bb78c: ; ImmutableOopMap {rbp=Oop [36]=NarrowOop [48]=Oop [64]=Oop [152]=Oop }
                      ;*monitorenter {reexecute=0 rethrow=0 return_oop=0}
                      ; - java.util.zip.Inflater::finished@6 (line 302)
                      ; - java.util.zip.InflaterInputStream::read@34 (line 198)
  0x00000138419bb78c: 50c0 61ff 

  0x00000138419bb790: ;   {post_call_nop}
  0x00000138419bb790: 0f1f 8400 | 8828 0042 | 448b 4424 | 244c 8b5c | 2440 e907 | ecff ff48 

  0x00000138419bb7a8: ;   {runtime_call C2 Runtime rethrow}
  0x00000138419bb7a8: 8bd0 90e8 

  0x00000138419bb7ac: ; ImmutableOopMap {[48]=Oop [152]=Oop }
                      ;*invokevirtual inflate {reexecute=0 rethrow=0 return_oop=1}
                      ; - java.util.zip.InflaterInputStream::read@88 (line 210)
  0x00000138419bb7ac: b082 61ff 

  0x00000138419bb7b0: ;   {post_call_nop}
  0x00000138419bb7b0: 0f1f 8400 | a828 0043 | 488b e8eb | 0348 8be8 | ba95 ffff | ff4c 8b54 | 2430 4c89 | 5424 2044 
  0x00000138419bb7d0: 8b5c 2438 | 4489 5c24 | 2844 8b54 | 243c 4489 

  0x00000138419bb7e0: ;   {runtime_call UncommonTrapBlob}
  0x00000138419bb7e0: 5424 2ce8 

  0x00000138419bb7e4: ; ImmutableOopMap {rbp=Oop [32]=Oop [64]=Oop [76]=NarrowOop [80]=Oop [92]=NarrowOop }
                      ;*astore {reexecute=0 rethrow=0 return_oop=0}
                      ; - java.util.zip.ZipFile$Source::readAt@31 (line 1589)
                      ; - java.util.zip.ZipFile$ZipFileInputStream::read@76 (line 936)
                      ; - java.util.zip.ZipFile$ZipFileInflaterInputStream::fill@32 (line 449)
                      ; - java.util.zip.InflaterInputStream::read@78 (line 208)
  0x00000138419bb7e4: 78d8 57ff 

  0x00000138419bb7e8: ;   {post_call_nop}
  0x00000138419bb7e8: 0f1f 8400 | e028 0044 | 488b e8eb | 0348 8be8 | ba95 ffff | ff4c 8b54 | 2430 4c89 | 5424 2044 
  0x00000138419bb808: 8b5c 2438 | 4489 5c24 | 2844 8b54 | 243c 4489 | 5424 2c4c | 8b54 2440 | 4c89 5424 

  0x00000138419bb824: ;   {runtime_call UncommonTrapBlob}
  0x00000138419bb824: 3866 90e8 

  0x00000138419bb828: ; ImmutableOopMap {rbp=Oop [32]=Oop [56]=Oop [64]=Oop [72]=NarrowOop [80]=Oop [88]=NarrowOop [92]=NarrowOop [104]=Oop }
                      ;*astore {reexecute=0 rethrow=0 return_oop=0}
                      ; - java.util.zip.ZipFile$Source::readFullyAt@66 (line 1580)
                      ; - java.util.zip.ZipFile$ZipFileInputStream::initDataOffset@41 (line 910)
                      ; - java.util.zip.ZipFile$ZipFileInputStream::read@16 (line 926)
                      ; - java.util.zip.ZipFile$ZipFileInflaterInputStream::fill@32 (line 449)
                      ; - java.util.zip.InflaterInputStream::read@78 (line 208)
  0x00000138419bb828: 34d8 57ff 

  0x00000138419bb82c: ;   {post_call_nop}
  0x00000138419bb82c: 0f1f 8400 | 2429 0045 | baf6 ffff | ff48 8bac | 2498 0000 

  0x00000138419bb840: ;   {runtime_call UncommonTrapBlob}
  0x00000138419bb840: 0066 90e8 

  0x00000138419bb844: ; ImmutableOopMap {rbp=Oop [48]=Oop }
                      ;*invokevirtual finished {reexecute=0 rethrow=0 return_oop=0}
                      ; - java.util.zip.InflaterInputStream::read@34 (line 198)
  0x00000138419bb844: 18d8 57ff 

  0x00000138419bb848: ;   {post_call_nop}
  0x00000138419bb848: 0f1f 8400 | 4029 0046 | baf6 ffff 

  0x00000138419bb854: ;   {runtime_call UncommonTrapBlob}
  0x00000138419bb854: ff66 90e8 

  0x00000138419bb858: ; ImmutableOopMap {[48]=Oop [152]=Oop }
                      ;*invokevirtual needsDictionary {reexecute=0 rethrow=0 return_oop=0}
                      ; - java.util.zip.InflaterInputStream::read@44 (line 198)
  0x00000138419bb858: 04d8 57ff 

  0x00000138419bb85c: ;   {post_call_nop}
  0x00000138419bb85c: 0f1f 8400 | 5429 0047 | baf6 ffff 

  0x00000138419bb868: ;   {runtime_call UncommonTrapBlob}
  0x00000138419bb868: ff66 90e8 

  0x00000138419bb86c: ; ImmutableOopMap {[48]=Oop [152]=Oop }
                      ;*invokevirtual needsInput {reexecute=0 rethrow=0 return_oop=0}
                      ; - java.util.zip.InflaterInputStream::read@61 (line 202)
  0x00000138419bb86c: f0d7 57ff 

  0x00000138419bb870: ;   {post_call_nop}
  0x00000138419bb870: 0f1f 8400 | 6829 0048 | baf6 ffff 

  0x00000138419bb87c: ;   {runtime_call UncommonTrapBlob}
  0x00000138419bb87c: ff66 90e8 

  0x00000138419bb880: ; ImmutableOopMap {[48]=Oop [152]=Oop }
                      ;*invokevirtual hasPendingOutput {reexecute=0 rethrow=0 return_oop=0}
                      ; - java.util.zip.InflaterInputStream::read@71 (line 202)
  0x00000138419bb880: dcd7 57ff 

  0x00000138419bb884: ;   {post_call_nop}
  0x00000138419bb884: 0f1f 8400 | 7c29 0049 | baf6 ffff 

  0x00000138419bb890: ;   {runtime_call UncommonTrapBlob}
  0x00000138419bb890: ff66 90e8 

  0x00000138419bb894: ; ImmutableOopMap {[48]=Oop [64]=Oop }
                      ;*arraylength {reexecute=0 rethrow=0 return_oop=0}
                      ; - java.util.zip.ZipFile$ZipFileInflaterInputStream::fill@31 (line 449)
                      ; - java.util.zip.InflaterInputStream::read@78 (line 208)
  0x00000138419bb894: c8d7 57ff 

  0x00000138419bb898: ;   {post_call_nop}
  0x00000138419bb898: 0f1f 8400 | 9029 004a | baf6 ffff | ff48 8b6c | 2430 897c 

  0x00000138419bb8ac: ;   {runtime_call UncommonTrapBlob}
  0x00000138419bb8ac: 2434 90e8 

  0x00000138419bb8b0: ; ImmutableOopMap {rbp=Oop [64]=Oop [72]=NarrowOop }
                      ;*invokevirtual read {reexecute=0 rethrow=0 return_oop=0}
                      ; - java.util.zip.ZipFile$ZipFileInflaterInputStream::fill@32 (line 449)
                      ; - java.util.zip.InflaterInputStream::read@78 (line 208)
  0x00000138419bb8b0: acd7 57ff 

  0x00000138419bb8b4: ;   {post_call_nop}
  0x00000138419bb8b4: 0f1f 8400 | ac29 004b | baf6 ffff | ff48 8b6c | 2430 448b | 4424 3844 | 8944 2420 | 4889 4424 
  0x00000138419bb8d4: f88b 4424 | 3c89 4424 | 2448 8b44 | 24f8 48ff | 7424 4048 | 8f44 2428 | 4c89 5c24 | 4089 7c24 
  0x00000138419bb8f4: 4c44 8974 

  0x00000138419bb8f8: ;   {runtime_call UncommonTrapBlob}
  0x00000138419bb8f8: 2454 90e8 

  0x00000138419bb8fc: ; ImmutableOopMap {rbp=Oop [40]=Oop [64]=Oop [72]=NarrowOop [84]=NarrowOop }
                      ;*invokevirtual ensureOpenOrZipException {reexecute=0 rethrow=0 return_oop=0}
                      ; - java.util.zip.ZipFile$ZipFileInputStream::read@12 (line 925)
                      ; - java.util.zip.ZipFile$ZipFileInflaterInputStream::fill@32 (line 449)
                      ; - java.util.zip.InflaterInputStream::read@78 (line 208)
  0x00000138419bb8fc: 60d7 57ff 

  0x00000138419bb900: ;   {post_call_nop}
  0x00000138419bb900: 0f1f 8400 | f829 004c | baf6 ffff | ff48 8b6c | 2430 448b | 4424 3844 | 8944 2420 | 4889 4424 
  0x00000138419bb920: f88b 4424 | 3c89 4424 | 2448 8b44 | 24f8 48ff | 7424 4048 | 8f44 2428 | 4c89 5c24 | 4089 7c24 
  0x00000138419bb940: 4c44 8974 

  0x00000138419bb944: ;   {runtime_call UncommonTrapBlob}
  0x00000138419bb944: 2454 90e8 

  0x00000138419bb948: ; ImmutableOopMap {rbp=Oop [40]=Oop [64]=Oop [72]=NarrowOop [84]=NarrowOop }
                      ;*getfield res {reexecute=1 rethrow=0 return_oop=0}
                      ; - (reexecute) java.util.zip.ZipFile$ZipFileInputStream::read@63 (line 936)
                      ; - java.util.zip.ZipFile$ZipFileInflaterInputStream::fill@32 (line 449)
                      ; - java.util.zip.InflaterInputStream::read@78 (line 208)
  0x00000138419bb948: 14d7 57ff 

  0x00000138419bb94c: ;   {post_call_nop}
  0x00000138419bb94c: 0f1f 8400 | 442a 004d | baf6 ffff | ff48 8b6c | 2430 448b | 4c24 3844 | 894c 2420 | 4889 4424 
  0x00000138419bb96c: f88b 4424 | 3c89 4424 | 2448 8b44 | 24f8 48ff | 7424 4048 | 8f44 2428 | 4c89 5c24 | 4044 8954 
  0x00000138419bb98c: 244c 4489 

  0x00000138419bb990: ;   {runtime_call UncommonTrapBlob}
  0x00000138419bb990: 7424 54e8 

  0x00000138419bb994: ; ImmutableOopMap {rbp=Oop [40]=Oop [64]=Oop [72]=NarrowOop [84]=NarrowOop }
                      ;*getfield zsrc {reexecute=1 rethrow=0 return_oop=0}
                      ; - (reexecute) java.util.zip.ZipFile$ZipFileInputStream::read@66 (line 936)
                      ; - java.util.zip.ZipFile$ZipFileInflaterInputStream::fill@32 (line 449)
                      ; - java.util.zip.InflaterInputStream::read@78 (line 208)
  0x00000138419bb994: c8d6 57ff 

  0x00000138419bb998: ;   {post_call_nop}
  0x00000138419bb998: 0f1f 8400 | 902a 004e | baf6 ffff | ff48 8b6c | 2430 448b | 4c24 3844 | 894c 2420 | 4889 4424 
  0x00000138419bb9b8: f88b 4424 | 3c89 4424 | 2448 8b44 | 24f8 48ff | 7424 4048 | 8f44 2428 | 4c89 5c24 | 4044 8954 
  0x00000138419bb9d8: 2450 4c89 | 4424 5844 | 8974 2454 

  0x00000138419bb9e4: ;   {runtime_call UncommonTrapBlob}
  0x00000138419bb9e4: 6666 90e8 

  0x00000138419bb9e8: ; ImmutableOopMap {rbp=Oop [40]=Oop [64]=Oop [72]=NarrowOop [84]=NarrowOop }
                      ;*invokevirtual readAt {reexecute=0 rethrow=0 return_oop=0}
                      ; - java.util.zip.ZipFile$ZipFileInputStream::read@76 (line 936)
                      ; - java.util.zip.ZipFile$ZipFileInflaterInputStream::fill@32 (line 449)
                      ; - java.util.zip.InflaterInputStream::read@78 (line 208)
  0x00000138419bb9e8: 74d6 57ff 

  0x00000138419bb9ec: ;   {post_call_nop}
  0x00000138419bb9ec: 0f1f 8400 | e42a 004f | baf6 ffff | ff48 8b6c | 2430 4489 | 4c24 3089 

  0x00000138419bba04: ;   {runtime_call UncommonTrapBlob}
  0x00000138419bba04: 7c24 34e8 

  0x00000138419bba08: ; ImmutableOopMap {rbp=Oop [48]=NarrowOop [64]=Oop }
                      ;*invokevirtual setInput {reexecute=0 rethrow=0 return_oop=0}
                      ; - java.util.zip.ZipFile$ZipFileInflaterInputStream::fill@76 (line 455)
                      ; - java.util.zip.InflaterInputStream::read@78 (line 208)
  0x00000138419bba08: 54d6 57ff 

  0x00000138419bba0c: ;   {post_call_nop}
  0x00000138419bba0c: 0f1f 8400 | 042b 0050 | baf6 ffff | ff48 8b6c | 2430 448b | 4424 3844 | 8944 2420 | 4489 5c24 
  0x00000138419bba2c: 3089 7c24 

  0x00000138419bba30: ;   {runtime_call UncommonTrapBlob}
  0x00000138419bba30: 3866 90e8 

  0x00000138419bba34: ; ImmutableOopMap {rbp=Oop [48]=NarrowOop [64]=Oop }
                      ;*arraylength {reexecute=0 rethrow=0 return_oop=0}
                      ; - java.util.zip.Inflater::setInput@3 (line 134)
                      ; - java.util.zip.ZipFile$ZipFileInflaterInputStream::fill@76 (line 455)
                      ; - java.util.zip.InflaterInputStream::read@78 (line 208)
  0x00000138419bba34: 28d6 57ff 

  0x00000138419bba38: ;   {post_call_nop}
  0x00000138419bba38: 0f1f 8400 | 302b 0051 | baf6 ffff | ff48 8b6c | 2430 448b | 4424 3844 | 8944 2420 | 4889 4424 
  0x00000138419bba58: f88b 4424 | 3c89 4424 | 2448 8b44 | 24f8 48ff | 7424 4048 | 8f44 2428 | 4c89 5c24 | 4089 7c24 
  0x00000138419bba78: 4c44 8974 

  0x00000138419bba7c: ;   {runtime_call UncommonTrapBlob}
  0x00000138419bba7c: 2454 90e8 

  0x00000138419bba80: ; ImmutableOopMap {rbp=Oop [40]=Oop [64]=Oop [72]=NarrowOop [84]=NarrowOop }
                      ;*getfield res {reexecute=1 rethrow=0 return_oop=0}
                      ; - (reexecute) java.util.zip.ZipFile$ZipFileInputStream::initDataOffset@27 (line 910)
                      ; - java.util.zip.ZipFile$ZipFileInputStream::read@16 (line 926)
                      ; - java.util.zip.ZipFile$ZipFileInflaterInputStream::fill@32 (line 449)
                      ; - java.util.zip.InflaterInputStream::read@78 (line 208)
  0x00000138419bba80: dcd5 57ff 

  0x00000138419bba84: ;   {post_call_nop}
  0x00000138419bba84: 0f1f 8400 | 7c2b 0052 | baf6 ffff | ff48 8b6c | 2430 448b | 5424 3844 | 8954 2420 | 4889 4424 
  0x00000138419bbaa4: f88b 4424 | 3c89 4424 | 2448 8b44 | 24f8 48ff | 7424 4048 | 8f44 2428 | 4c89 5c24 | 4089 7c24 
  0x00000138419bbac4: 4c44 8974 

  0x00000138419bbac8: ;   {runtime_call UncommonTrapBlob}
  0x00000138419bbac8: 2454 90e8 

  0x00000138419bbacc: ; ImmutableOopMap {rbp=Oop [40]=Oop [64]=Oop [72]=NarrowOop [84]=NarrowOop }
                      ;*getfield zsrc {reexecute=1 rethrow=0 return_oop=0}
                      ; - (reexecute) java.util.zip.ZipFile$ZipFileInputStream::initDataOffset@30 (line 910)
                      ; - java.util.zip.ZipFile$ZipFileInputStream::read@16 (line 926)
                      ; - java.util.zip.ZipFile$ZipFileInflaterInputStream::fill@32 (line 449)
                      ; - java.util.zip.InflaterInputStream::read@78 (line 208)
  0x00000138419bbacc: 90d5 57ff 

  0x00000138419bbad0: ;   {post_call_nop}
  0x00000138419bbad0: 0f1f 8400 | c82b 0053 | baf6 ffff | ff48 8b6c | 2430 448b | 4c24 3844 | 894c 2420 | 4889 4424 
  0x00000138419bbaf0: f88b 4424 | 3c89 4424 | 2448 8b44 | 24f8 48ff | 7424 4048 | 8f44 2428 | 4c89 5c24 | 4089 7c24 
  0x00000138419bbb10: 4c44 8974 | 2454 4889 | 4c24 584c | 8944 2460 

  0x00000138419bbb20: ;   {runtime_call UncommonTrapBlob}
  0x00000138419bbb20: 6666 90e8 

  0x00000138419bbb24: ; ImmutableOopMap {rbp=Oop [40]=Oop [64]=Oop [72]=NarrowOop [84]=NarrowOop [88]=Oop }
                      ;*invokevirtual readFullyAt {reexecute=0 rethrow=0 return_oop=0}
                      ; - java.util.zip.ZipFile$ZipFileInputStream::initDataOffset@41 (line 910)
                      ; - java.util.zip.ZipFile$ZipFileInputStream::read@16 (line 926)
                      ; - java.util.zip.ZipFile$ZipFileInflaterInputStream::fill@32 (line 449)
                      ; - java.util.zip.InflaterInputStream::read@78 (line 208)
  0x00000138419bbb24: 38d5 57ff 

  0x00000138419bbb28: ;   {post_call_nop}
  0x00000138419bbb28: 0f1f 8400 | 202c 0054 | ba45 ffff | ff4c 8944 

  0x00000138419bbb38: ;   {runtime_call UncommonTrapBlob}
  0x00000138419bbb38: 2420 90e8 

  0x00000138419bbb3c: ; ImmutableOopMap {[32]=Oop [48]=Oop }
                      ;*ifnonnull {reexecute=1 rethrow=0 return_oop=0}
                      ; - (reexecute) java.util.zip.InflaterInputStream::read@5 (line 188)
  0x00000138419bbb3c: 20d5 57ff 

  0x00000138419bbb40: ;   {post_call_nop}
  0x00000138419bbb40: 0f1f 8400 | 382c 0055 | baf6 ffff | ff48 8b6c | 2430 448b | 5424 3844 | 8954 2420 | 448b 5c24 
  0x00000138419bbb60: 3c44 895c | 2424 4c8b | 5424 404c | 8954 2430 | 4c89 5424 | 3889 7c24 

  0x00000138419bbb78: ;   {runtime_call UncommonTrapBlob}
  0x00000138419bbb78: 4066 90e8 

  0x00000138419bbb7c: ; ImmutableOopMap {rbp=Oop [48]=Oop [56]=Oop [80]=Oop }
                      ;*getfield res {reexecute=1 rethrow=0 return_oop=0}
                      ; - (reexecute) java.util.zip.ZipFile$ZipFileInputStream::close@22 (line 997)
                      ; - java.util.zip.ZipFile$ZipFileInputStream::read@130 (line 943)
                      ; - java.util.zip.ZipFile$ZipFileInflaterInputStream::fill@32 (line 449)
                      ; - java.util.zip.InflaterInputStream::read@78 (line 208)
  0x00000138419bbb7c: e0d4 57ff 

  0x00000138419bbb80: ;   {post_call_nop}
  0x00000138419bbb80: 0f1f 8400 | 782c 0056 | baf6 ffff | ff48 8b6c | 2430 448b | 5c24 3844 | 895c 2420 | 448b 5424 
  0x00000138419bbba0: 3c44 8954 | 2424 4c8b | 5424 404c | 8954 2430 | 4c89 5424 | 3889 7c24 

  0x00000138419bbbb8: ;   {runtime_call UncommonTrapBlob}
  0x00000138419bbbb8: 4066 90e8 

  0x00000138419bbbbc: ; ImmutableOopMap {rbp=Oop [48]=Oop [56]=Oop [80]=Oop }
                      ;*getfield istreams {reexecute=1 rethrow=0 return_oop=0}
                      ; - (reexecute) java.util.zip.ZipFile$ZipFileInputStream::close@25 (line 997)
                      ; - java.util.zip.ZipFile$ZipFileInputStream::read@130 (line 943)
                      ; - java.util.zip.ZipFile$ZipFileInflaterInputStream::fill@32 (line 449)
                      ; - java.util.zip.InflaterInputStream::read@78 (line 208)
  0x00000138419bbbbc: a0d4 57ff 

  0x00000138419bbbc0: ;   {post_call_nop}
  0x00000138419bbbc0: 0f1f 8400 | b82c 0057 | baf6 ffff | ff48 8b6c | 2430 448b | 4424 3844 | 8944 2420 | 448b 5c24 
  0x00000138419bbbe0: 3c44 895c | 2424 4c8b | 5c24 404c | 895c 2430 | 4c89 5c24 | 3889 7c24 | 4048 8974 | 2448 4489 
  0x00000138419bbc00: ;   {runtime_call UncommonTrapBlob}
  0x00000138419bbc00: 5424 50e8 

  0x00000138419bbc04: ; ImmutableOopMap {rbp=Oop [48]=Oop [56]=Oop [72]=Oop [80]=NarrowOop }
                      ;*getfield res {reexecute=1 rethrow=0 return_oop=0}
                      ; - (reexecute) java.util.zip.ZipFile$ZipFileInputStream::close@35 (line 998)
                      ; - java.util.zip.ZipFile$ZipFileInputStream::read@130 (line 943)
                      ; - java.util.zip.ZipFile$ZipFileInflaterInputStream::fill@32 (line 449)
                      ; - java.util.zip.InflaterInputStream::read@78 (line 208)
  0x00000138419bbc04: 58d4 57ff 

  0x00000138419bbc08: ;   {post_call_nop}
  0x00000138419bbc08: 0f1f 8400 | 002d 0058 | baf6 ffff | ff48 8b6c | 2430 448b | 4424 3844 | 8944 2420 | 448b 5c24 
  0x00000138419bbc28: 3c44 895c | 2424 4c8b | 5c24 404c | 895c 2430 | 4c89 5c24 | 3889 7c24 | 4048 8974 | 2448 4489 
  0x00000138419bbc48: ;   {runtime_call UncommonTrapBlob}
  0x00000138419bbc48: 5424 50e8 

  0x00000138419bbc4c: ; ImmutableOopMap {rbp=Oop [48]=Oop [56]=Oop [72]=Oop [80]=NarrowOop }
                      ;*getfield istreams {reexecute=1 rethrow=0 return_oop=0}
                      ; - (reexecute) java.util.zip.ZipFile$ZipFileInputStream::close@38 (line 998)
                      ; - java.util.zip.ZipFile$ZipFileInputStream::read@130 (line 943)
                      ; - java.util.zip.ZipFile$ZipFileInflaterInputStream::fill@32 (line 449)
                      ; - java.util.zip.InflaterInputStream::read@78 (line 208)
  0x00000138419bbc4c: 10d4 57ff 

  0x00000138419bbc50: ;   {post_call_nop}
  0x00000138419bbc50: 0f1f 8400 | 482d 0059 | baf6 ffff | ff48 8b6c | 2430 448b | 4424 3844 | 8944 2420 | 448b 5c24 
  0x00000138419bbc70: 3c44 895c | 2424 4c8b | 5c24 404c | 895c 2430 | 4c89 5c24 | 3889 7c24 | 4048 8974 | 2448 4489 
  0x00000138419bbc90: ;   {runtime_call UncommonTrapBlob}
  0x00000138419bbc90: 5424 50e8 

  0x00000138419bbc94: ; ImmutableOopMap {rbp=Oop [48]=Oop [56]=Oop [72]=Oop [80]=NarrowOop }
                      ;*invokeinterface remove {reexecute=0 rethrow=0 return_oop=0}
                      ; - java.util.zip.ZipFile$ZipFileInputStream::close@42 (line 998)
                      ; - java.util.zip.ZipFile$ZipFileInputStream::read@130 (line 943)
                      ; - java.util.zip.ZipFile$ZipFileInflaterInputStream::fill@32 (line 449)
                      ; - java.util.zip.InflaterInputStream::read@78 (line 208)
  0x00000138419bbc94: c8d3 57ff 

  0x00000138419bbc98: ;   {post_call_nop}
  0x00000138419bbc98: 0f1f 8400 | 902d 005a | baf6 ffff | ff48 8b6c | 2430 448b | 4424 3844 | 8944 2420 | 448b 5c24 
  0x00000138419bbcb8: 3c44 895c | 2424 4c8b | 5c24 404c | 895c 2430 | 4c89 5c24 | 3889 7c24 | 4044 8954 | 2448 4889 
  0x00000138419bbcd8: ;   {runtime_call UncommonTrapBlob}
  0x00000138419bbcd8: 7424 50e8 

  0x00000138419bbcdc: ; ImmutableOopMap {rbp=Oop [48]=Oop [56]=Oop [72]=NarrowOop [80]=Oop }
                      ;*invokeinterface remove {reexecute=0 rethrow=0 return_oop=0}
                      ; - java.util.Collections$SetFromMap::remove@5 (line 6044)
                      ; - java.util.zip.ZipFile$ZipFileInputStream::close@42 (line 998)
                      ; - java.util.zip.ZipFile$ZipFileInputStream::read@130 (line 943)
                      ; - java.util.zip.ZipFile$ZipFileInflaterInputStream::fill@32 (line 449)
                      ; - java.util.zip.InflaterInputStream::read@78 (line 208)
  0x00000138419bbcdc: 80d3 57ff 

  0x00000138419bbce0: ;   {post_call_nop}
  0x00000138419bbce0: 0f1f 8400 | d82d 005b | baf6 ffff | ff48 8b6c | 2430 448b | 5c24 3844 | 895c 2420 | 448b 4424 
  0x00000138419bbd00: 3c44 8944 | 2424 4c8b | 5c24 404c | 895c 2430 | 4c89 5c24 | 3889 7c24 | 4044 8954 

  0x00000138419bbd1c: ;   {runtime_call UncommonTrapBlob}
  0x00000138419bbd1c: 2448 90e8 

  0x00000138419bbd20: ; ImmutableOopMap {rbp=Oop [48]=Oop [56]=Oop [72]=NarrowOop }
                      ;*arraylength {reexecute=0 rethrow=0 return_oop=0}
                      ; - java.util.WeakHashMap::remove@20 (line 605)
                      ; - java.util.Collections$SetFromMap::remove@5 (line 6044)
                      ; - java.util.zip.ZipFile$ZipFileInputStream::close@42 (line 998)
                      ; - java.util.zip.ZipFile$ZipFileInputStream::read@130 (line 943)
                      ; - java.util.zip.ZipFile$ZipFileInflaterInputStream::fill@32 (line 449)
                      ; - java.util.zip.InflaterInputStream::read@78 (line 208)
  0x00000138419bbd20: 3cd3 57ff 

  0x00000138419bbd24: ;   {post_call_nop}
  0x00000138419bbd24: 0f1f 8400 | 1c2e 005c | ba95 ffff | ff4c 8b54 | 2430 4c89 | 5424 2044 | 8b54 2438 | 4489 5424 
  0x00000138419bbd44: 2844 8b5c | 243c 4489 | 5c24 2c48 | 8944 2478 

  0x00000138419bbd54: ;   {runtime_call UncommonTrapBlob}
  0x00000138419bbd54: 6666 90e8 

  0x00000138419bbd58: ; ImmutableOopMap {rbp=NarrowOop [32]=Oop [64]=Oop [72]=NarrowOop [80]=Oop [88]=Oop [120]=Oop }
                      ;*astore_3 {reexecute=0 rethrow=0 return_oop=0}
                      ; - java.lang.ref.ReferenceQueue::poll@31 (line 166)
                      ; - java.util.WeakHashMap::expungeStaleEntries@4 (line 330)
                      ; - java.util.WeakHashMap::getTable@1 (line 362)
                      ; - java.util.WeakHashMap::remove@12 (line 604)
                      ; - java.util.Collections$SetFromMap::remove@5 (line 6044)
                      ; - java.util.zip.ZipFile$ZipFileInputStream::close@42 (line 998)
                      ; - java.util.zip.ZipFile$ZipFileInputStream::read@130 (line 943)
                      ; - java.util.zip.ZipFile$ZipFileInflaterInputStream::fill@32 (line 449)
                      ; - java.util.zip.InflaterInputStream::read@78 (line 208)
  0x00000138419bbd58: 04d3 57ff 

  0x00000138419bbd5c: ;   {post_call_nop}
  0x00000138419bbd5c: 0f1f 8400 | 542e 005d | 488b e8eb | 05eb 0048 | 8be8 ba95 | ffff ff4c | 8b54 2430 | 4c89 5424 
  0x00000138419bbd7c: 2044 8b5c | 2438 4489 | 5c24 2844 | 8b54 243c | 4489 5424 

  0x00000138419bbd90: ;   {runtime_call UncommonTrapBlob}
  0x00000138419bbd90: 2c66 90e8 

  0x00000138419bbd94: ; ImmutableOopMap {rbp=Oop [32]=Oop [64]=Oop [76]=NarrowOop }
                      ;*astore_2 {reexecute=0 rethrow=0 return_oop=0}
                      ; - java.util.zip.ZipFile$ZipFileInputStream::close@53 (line 999)
                      ; - java.util.zip.ZipFile$ZipFileInputStream::read@130 (line 943)
                      ; - java.util.zip.ZipFile$ZipFileInflaterInputStream::fill@32 (line 449)
                      ; - java.util.zip.InflaterInputStream::read@78 (line 208)
  0x00000138419bbd94: c8d2 57ff 

  0x00000138419bbd98: ;   {post_call_nop}
  0x00000138419bbd98: 0f1f 8400 | 902e 005e | ba95 ffff | ff48 8b6c | 2420 448b | 5c24 3844 | 895c 2420 | 448b 4424 
  0x00000138419bbdb8: 2844 8944 | 2424 448b | 5c24 5848 | 8944 2448 | 4489 5c24 

  0x00000138419bbdcc: ;   {runtime_call UncommonTrapBlob}
  0x00000138419bbdcc: 4466 90e8 

  0x00000138419bbdd0: ; ImmutableOopMap {rbp=Oop [48]=Oop [68]=NarrowOop [72]=Oop [88]=NarrowOop }
                      ;*astore {reexecute=0 rethrow=0 return_oop=0}
                      ; - java.util.zip.ZipFile$ZipFileInputStream::read@112 (line 941)
                      ; - java.util.zip.ZipFile$ZipFileInflaterInputStream::fill@32 (line 449)
                      ; - java.util.zip.InflaterInputStream::read@78 (line 208)
  0x00000138419bbdd0: 8cd2 57ff 

  0x00000138419bbdd4: ;   {post_call_nop}
  0x00000138419bbdd4: 0f1f 8400 | cc2e 005f | baf6 ffff 

  0x00000138419bbde0: ;   {runtime_call UncommonTrapBlob}
  0x00000138419bbde0: ff66 90e8 

  0x00000138419bbde4: ; ImmutableOopMap {[48]=Oop [152]=Oop }
                      ;*invokevirtual finished {reexecute=0 rethrow=0 return_oop=0}
                      ; - java.util.zip.InflaterInputStream::read@34 (line 198)
  0x00000138419bbde4: 78d2 57ff 

  0x00000138419bbde8: ;   {post_call_nop}
  0x00000138419bbde8: 0f1f 8400 | e02e 0060 | baad ffff | ff48 8be8 

  0x00000138419bbdf8: ;   {runtime_call UncommonTrapBlob}
  0x00000138419bbdf8: 6666 90e8 

  0x00000138419bbdfc: ; ImmutableOopMap {rbp=Oop }
                      ;*astore {reexecute=0 rethrow=0 return_oop=0}
                      ; - java.util.zip.InflaterInputStream::read@100 (line 212)
  0x00000138419bbdfc: 60d2 57ff 

  0x00000138419bbe00: ;   {post_call_nop}
  0x00000138419bbe00: 0f1f 8400 | f82e 0061 | 488b d048 | 81c4 f000 

  0x00000138419bbe10: ;   {runtime_call C2 Runtime rethrow}
  0x00000138419bbe10: 0000 5de9 | 487c 61ff | 458b 1149 | 83fa 000f | 8465 deff | ff4d 8b5f | 384d 85db | 0f84 1400 
  0x00000138419bbe30: 0000 4983 | eb08 4d89 | 5f38 4d03 | 5f40 4d89 | 13e9 44de | ffff 4883 | ec40 4c89 | 4c24 3848 
  0x00000138419bbe50: 897c 2430 | 4889 5424 | 2849 8bca 

  0x00000138419bbe5c: ;   {runtime_call}
  0x00000138419bbe5c: 498b d748 | b850 8a31 | 26ff 7f00 | 00ff d048 | 8b54 2428 | 488b 7c24 | 304c 8b4c | 2438 c5f8 
  0x00000138419bbe7c: 7748 83c4 | 40e9 04de | ffff f083 | 4424 c000 | 4180 3b00 | 0f84 32de | ffff 41c6 | 0300 4d8b 
  0x00000138419bbe9c: 5750 4d85 | d20f 8414 | 0000 0049 | 83ea 084d | 8957 504d | 0357 584d | 891a e90d | deff ff48 
  0x00000138419bbebc: 83ec 3048 | 897c 2428 | 4889 5424 | 2049 8bcb 

  0x00000138419bbecc: ;   {runtime_call}
  0x00000138419bbecc: 498b d748 | b830 8a31 | 26ff 7f00 | 00ff d048 | 8b54 2420 | 488b 7c24 | 28c5 f877 | 4883 c430 
  0x00000138419bbeec: e9d7 ddff | ff41 8b08 | 4883 f900 | 0f84 54df | ffff 4d8b | 5738 4d85 | d20f 8414 | 0000 0049 
  0x00000138419bbf0c: 83ea 084d | 8957 384d | 0357 4049 | 890a e933 | dfff ff48 | 83ec 404c | 895c 2438 | 4c89 4424 
  0x00000138419bbf2c: 304c 894c | 2428 4889 | 5424 2049 

  0x00000138419bbf38: ;   {runtime_call}
  0x00000138419bbf38: 8bd7 48b8 | 508a 3126 | ff7f 0000 | ffd0 488b | 5424 204c | 8b4c 2428 | 4c8b 4424 | 304c 8b5c 
  0x00000138419bbf58: 2438 c5f8 | 7748 83c4 | 40e9 ecde | ffff f083 | 4424 c000 | 4180 3a00 | 0f84 10df | ffff 41c6 
  0x00000138419bbf78: 0200 498b | 4f50 4885 | c90f 8414 | 0000 0048 | 83e9 0849 | 894f 5049 | 034f 584c | 8911 e9eb 
  0x00000138419bbf98: deff ff48 | 83ec 304c | 895c 2428 | 4889 5424 | 2049 8bca 

  0x00000138419bbfac: ;   {runtime_call}
  0x00000138419bbfac: 498b d748 | b830 8a31 | 26ff 7f00 | 00ff d048 | 8b54 2420 | 4c8b 5c24 | 28c5 f877 | 4883 c430 
  0x00000138419bbfcc: e9b5 deff | ff45 8b01 | 4983 f800 | 0f84 b7de | ffff 4d8b | 5738 4d85 | d20f 8414 | 0000 0049 
  0x00000138419bbfec: 83ea 084d | 8957 384d | 0357 404d | 8902 e996 | deff ff48 | 83ec 304c | 894c 2428 | 4889 5424 
  0x00000138419bc00c: 2049 8bc8 

  0x00000138419bc010: ;   {runtime_call}
  0x00000138419bc010: 498b d748 | b850 8a31 | 26ff 7f00 | 00ff d048 | 8b54 2420 | 4c8b 4c24 | 28c5 f877 | 4883 c430 
  0x00000138419bc030: e960 deff | ff49 83fa | 000f 84a7 | e1ff ff4d | 8b47 384d | 85c0 0f84 | 1400 0000 | 4983 e808 
  0x00000138419bc050: 4d89 4738 | 4d03 4740 | 4d89 10e9 | 86e1 ffff | 4883 ec30 | 4c89 5c24 | 2848 8974 | 2420 498b 
  0x00000138419bc070: ca49 8bd7 

  0x00000138419bc074: ;   {runtime_call}
  0x00000138419bc074: 48b8 508a | 3126 ff7f | 0000 ffd0 | 488b 7424 | 204c 8b5c | 2428 c5f8 | 7748 83c4 | 30e9 50e1 
  0x00000138419bc094: ffff 4183 | 87d8 0600 | 0008 e9a2 | e3ff ff41 | 8387 d806 | 0000 08e9 | 21e2 ffff | 4183 87d8 
  0x00000138419bc0b4: 0600 0008 | e98d e0ff 

  0x00000138419bc0bc: ;   {internal_word}
  0x00000138419bc0bc: ff49 ba83 | 9f9b 4138 | 0100 004d | 8997 e004 

  0x00000138419bc0cc: ;   {runtime_call SafepointBlob}
  0x00000138419bc0cc: 0000 e98d | 4e54 ff41 | 8387 d806 | 0000 08e9 | 4ade ffff | 4183 87d8 | 0600 0008 | e96d dcff 
  0x00000138419bc0ec: ff41 8387 | d806 0000 | 08e9 c0d9 | ffff 4183 | 87d8 0600 | 0008 e9f0 | d8ff ff41 | 8387 d806 
  0x00000138419bc10c: 0000 08e9 | b0d6 ffff | 4183 87d8 | 0600 0008 | e924 d3ff | ff41 8387 | d806 0000 | 08e9 aed1 
  0x00000138419bc12c: ffff 4183 | 87d8 0600 | 0008 e965 

  0x00000138419bc138: ;   {runtime_call Stub::method_entry_barrier}
  0x00000138419bc138: d0ff ffe8 | c080 52ff | e9e9 ceff | fff4 f4f4 
[Stub Code]
  0x00000138419bc148: ;   {static_stub}
  0x00000138419bc148: 48bb 0000 | 0000 0000 

  0x00000138419bc150: ;   {runtime_call nmethod}
  0x00000138419bc150: 0000 e9fb 

  0x00000138419bc154: ;   {static_stub}
  0x00000138419bc154: ffff ff48 | bb00 0000 | 0000 0000 

  0x00000138419bc160: ;   {runtime_call nmethod}
  0x00000138419bc160: 00e9 fbff 

  0x00000138419bc164: ;   {static_stub}
  0x00000138419bc164: ffff 48bb | 0000 0000 | 0000 0000 

  0x00000138419bc170: ;   {runtime_call nmethod}
  0x00000138419bc170: e9fb ffff 

  0x00000138419bc174: ;   {static_stub}
  0x00000138419bc174: ff48 bb00 | 0000 0000 

  0x00000138419bc17c: ;   {runtime_call nmethod}
  0x00000138419bc17c: 0000 00e9 | fbff ffff 

  0x00000138419bc184: ;   {static_stub}
  0x00000138419bc184: 48bb 0000 | 0000 0000 

  0x00000138419bc18c: ;   {runtime_call nmethod}
  0x00000138419bc18c: 0000 e9fb 

  0x00000138419bc190: ;   {static_stub}
  0x00000138419bc190: ffff ff48 | bb00 0000 | 0000 0000 

  0x00000138419bc19c: ;   {runtime_call nmethod}
  0x00000138419bc19c: 00e9 fbff 

  0x00000138419bc1a0: ;   {runtime_call ExceptionBlob}
  0x00000138419bc1a0: ffff e9b9 | d157 ffe8 | 0000 0000 | 4883 2c24 

  0x00000138419bc1b0: ;   {runtime_call DeoptimizationBlob}
  0x00000138419bc1b0: 05e9 aa50 | 54ff f4f4 
[/MachCode]


Compiled method (c2) 4820060 16991       4       jdk.internal.loader.URLClassPath$JarLoader$1::getBytes (48 bytes)
 total in heap  [0x0000013841a73188,0x0000013841a772e8] = 16736
 main code      [0x0000013841a73280,0x0000013841a771b8] = 16184
 stub code      [0x0000013841a771b8,0x0000013841a772c0] = 264
 oops           [0x0000013841a772c0,0x0000013841a772e8] = 40
 mutable data [0x000001386006d2a0,0x000001386006d8f0] = 1616
 relocation     [0x000001386006d2a0,0x000001386006d5f0] = 848
 metadata       [0x000001386006d5f0,0x000001386006d8f0] = 768
 immutable data [0x00000138606c36a0,0x00000138606c54a8] = 7688
 dependencies   [0x00000138606c36a0,0x00000138606c3770] = 208
 nul chk table  [0x00000138606c3770,0x00000138606c3810] = 160
 handler table  [0x00000138606c3810,0x00000138606c3b28] = 792
 scopes pcs     [0x00000138606c3b28,0x00000138606c41a8] = 1664
 scopes data    [0x00000138606c41a8,0x00000138606c54a8] = 4864

[Constant Pool (empty)]

[MachCode]
[Instructions begin]
  0x0000013841a73280: 6690 448b | 5208 443b 

  0x0000013841a73288: ;   {runtime_call Shared Runtime ic_miss_blob}
  0x0000013841a73288: 5008 0f85 | 50b8 48ff 
[Verified Entry Point]
  0x0000013841a73290: 8984 2400 | 80ff ff55 | 4881 ecf0 | 0000 0090 | 4181 7f20 | 2500 0000 | 0f85 fb3e | 0000 4889 
  0x0000013841a732b0: 5424 3048 | 8d9c 24c0 | 0000 004c | 8b12 418b | 9fd8 0600 | 0041 f6c2 | 020f 8537 | 0000 0081 
  0x0000013841a732d0: fb27 0700 | 000f 8f4b | 0000 0049 | 3b54 1ff8 | 7416 498b | c248 83c8 | 0149 83e2 | fef0 4c0f 
  0x0000013841a732f0: b112 0f85 | 2e00 0000 | 4989 141f | 4183 87d8 | 0600 0008 | eb1e 4833 | c049 8b9f | c804 0000 
  0x0000013841a73310: f049 0fb1 | 5a3e 740c | 483b d875 | 0949 ff82 | 8600 0000 | 33c0 0f85 | f01e 0000 | 4c8b 5424 
  0x0000013841a73330: 3045 8b52 | 0c44 8954 | 246c 4585 | d20f 856e | 0800 004c | 8b54 2430 | 458b 5220 

  0x0000013841a7334c: ; implicit exception: dispatches to 0x0000013841a760e8
  0x0000013841a7334c: 458b 5a14 | 4489 5c24 | 784c 8b54 | 2430 458b | 521c 458b | 4308 4489 | 4424 584d | 8bcb 488d 
  0x0000013841a7336c: 9c24 c800 | 0000 4d8b | 1941 8b9f | d806 0000 | 41f6 c302 | 0f85 3700 | 0000 81fb 

  0x0000013841a73388: ;   {other}
  0x0000013841a73388: 2707 0000 | 0f8f 4b00 | 0000 4d3b | 4c1f f874 | 1649 8bc3 | 4883 c801 | 4983 e3fe | f04d 0fb1 
  0x0000013841a733a8: 190f 852e | 0000 004d | 890c 1f41 | 8387 d806 | 0000 08eb | 1e48 33c0 | 498b 9fc8 | 0400 00f0 
  0x0000013841a733c8: 490f b15b | 3e74 0c48 | 3bd8 7509 | 49ff 8386 | 0000 0033 | c00f 8579 | 2000 0045 | 85d2 0f84 
  0x0000013841a733e8: 7c22 0000 | 498b ea44 | 8b44 2478 | 453b 6030 | 7511 458b | d845 0fb6 | 5b12 4585 | db0f 85f7 
  0x0000013841a73408: 0a00 0044 | 8b44 2478 | 453b 6030 | 0f85 2812 | 0000 458b | d841 8b4b | 2044 8b41 | 1844 8b69 
  0x0000013841a73428: 0c41 0fb6 | 5b10 85db | 0f85 6222 | 0000 418b | 4b20 8b59 | 1885 db0f | 848f 2200 | 0045 8b5a 
  0x0000013841a73448: 3c8b 5c24 | 788b 4b24 | 413b cb0f | 849e 0100 | 000f be79 | 1041 3bcb | 0f84 9101 | 0000 4585 
  0x0000013841a73468: db0f 842b | 0100 0041 | 0fbe 5b10 | 3bfb 0f85 | b824 0000 | 418b 7b14 | 448b 5114 | 8b5f 0c41 
  0x0000013841a73488: ;   {other}
  0x0000013841a73488: 8b4a 0c3b | cb0f 8507 | 0100 0048 | 8bdf 488d | 7710 498b | da49 8d7a | 1085 c90f | 84dc 0000 
  0x0000013841a734a8: 008b c183 | e01f 83e1 | e00f 8452 | 0000 0048 | 8d3c 0f48 | 8d34 0e48 | f7d9 c5fe | 6f0c 0fc5 
  0x0000013841a734c8: fe6f 040e | c5f5 efc8 | c4e2 7d17 | c90f 85b1 | 0000 0048 | 83c1 2075 | e185 c00f | 849c 0000 
  0x0000013841a734e8: 00c5 fe6f | 4c07 e0c5 | fe6f 4406 | e0c5 f5ef | c8c4 e27d | 17c9 0f85 | 8800 0000 | e97c 0000 
  0x0000013841a73508: 008b c883 | e00f 83e1 | f00f 842a | 0000 0048 | 8d3c 0f48 | 8d34 0e48 | f7d9 c5fa | 6f0c 0fc5 
  0x0000013841a73528: fa6f 040e | c5f1 efc8 | c4e2 7917 | c90f 8551 | 0000 0048 | 83c1 1075 | e18b c883 | e1fc 7419 
  0x0000013841a73548: 488d 3c0f | 488d 340e | 48f7 d98b | 1c0f 3b1c | 0e75 3148 | 83c1 0475 | f2a8 0274 | 120f b71f 
  0x0000013841a73568: 0fb7 0e3b | d975 1d48 | 8d7f 0248 | 8d76 02a8 | 0174 0a0f | b61f 0fb6 | 0e3b d975 

  0x0000013841a73584: ;   {other}
  0x0000013841a73584: 07b8 0100 | 0000 eb02 | 33c0 c5f5 | efc9 c5fd | efc0 85c0 | 755d 448b | 5424 7845 | 8b52 1c45 
  0x0000013841a735a4: 85c0 0f84 | 5023 0000 | 4489 6c24 | 4c49 8be9 | 498b fa49 | 8bd0 4489 | 4424 484d | 8bc3 4533 
  0x0000013841a735c4: c94c 8b54 | 2430 4c89 | 5424 204c | 8954 2428 

  0x0000013841a735d4: ;   {optimized virtual_call}
  0x0000013841a735d4: c5f8 77e8 

  0x0000013841a735d8: ; ImmutableOopMap {rbp=Oop [32]=Oop [40]=Oop [48]=Oop [72]=NarrowOop [76]=NarrowOop [120]=NarrowOop }
                      ;*invokevirtual getEntryPos {reexecute=0 rethrow=0 return_oop=1}
                      ; - java.util.zip.ZipFile::getInputStream@67 (line 334)
                      ; - java.util.jar.JarFile::getInputStream@21 (line 834)
                      ; - jdk.internal.loader.URLClassPath$JarLoader$1::getInputStream@11 (line 716)
                      ; - jdk.internal.loader.Resource::cachedInputStream@9 (line 76)
                      ; - jdk.internal.loader.Resource::getBytes@1 (line 88)
                      ; - jdk.internal.loader.URLClassPath$JarLoader$1::getBytes@1 (line 730)
  0x0000013841a735d8: 04b8 48ff 

  0x0000013841a735dc: ;   {post_call_nop}
  0x0000013841a735dc: 0f1f 8400 | 5404 0000 

  0x0000013841a735e4: ; implicit exception: dispatches to 0x0000013841a763ec
  0x0000013841a735e4: 448b 580c | 448b 4424 | 4844 8b6c | 244c 4c8b | cdeb 0944 | 8b54 2478 | 458b 5a0c | 4183 fbff 
  0x0000013841a73604: 0f84 0621 | 0000 498b | 87c8 0100 | 004c 8bd0 | 4983 c238 | 4d3b 97d8 | 0100 000f | 83df 1600 
  0x0000013841a73624: 004d 8997 | c801 0000 | 410f 0d8a | 0001 0000 | 48c7 0001 

  0x0000013841a73638: ;   {metadata('java/util/zip/ZipFile$ZipFileInputStream')}
  0x0000013841a73638: 0000 00c7 | 4008 0009 | 4000 4489 | 600c 4c89 | 6010 4c89 | 6018 4c89 | 6020 4c89 | 6028 4c89 
  0x0000013841a73658: 6030 4c8b | d041 8b58 | 348b 5424 | 7849 8d4a | 3089 118b | 7b0c 418d | 4b14 3bcf | 0f83 901c 
  0x0000013841a73678: 0000 418d | 7317 418d | 432d 3bc7 | 0f83 d61c | 0000 4c89 | 4c24 3849 | 63d3 448b | 4c13 248b 
  0x0000013841a73698: 4413 3a4d | 894a 2049 | 8942 10b9 | ffff ffff | 8b7c 1328 | 4989 7a28 | 4c3b c90f | 8487 2000 
  0x0000013841a736b8: 0048 3bf9 | 0f84 d620 | 0000 483b | c10f 8425 | 2100 008b | 4c24 788b | 4920 448b | 4918 4d8b 
  0x0000013841a736d8: 4910 4c03 | c849 f7d9 | 4d89 4a10 | 418b 4834 

  0x0000013841a736e8: ; implicit exception: dispatches to 0x0000013841a7627c
  0x0000013841a736e8: 448b 490c | 418d 7b0a | 413b f90f | 83c3 1c00 | 0041 3bf1 | 0f83 061d | 0000 440f | b75c 111a 
  0x0000013841a73708: 4183 fb08 | 0f85 d60c | 0000 8b6c | 1124 4881 | fd00 0001 | 000f 8fe2 | 0e00 0048 | 85ed 0f8e 
  0x0000013841a73728: 1c21 0000 | 498b 87c8 | 0100 004c | 8bd8 4983 

  0x0000013841a73738: ;   {other}
  0x0000013841a73738: c330 4d3b | 9fd8 0100 | 000f 8300 | 1600 004d | 899f c801 | 0000 410f | 0d8b 0001 | 0000 48c7 
  0x0000013841a73758: 0001 0000 

  0x0000013841a7375c: ;   {metadata('java/util/zip/ZipFile$ZipFileInflaterInputStream')}
  0x0000013841a7375c: 00c7 4008 | 200f 4000 | 4489 600c | 4c89 6010 | 4c89 6018 | 4c89 6020 | 4c89 6028 | 4489 6c24 
  0x0000013841a7377c: 204c 8954 | 2428 4889 | 4424 4844 | 8b5c 2478 | 458b 5320 | 8bf5 498b | fa48 8bd0 | 4c8b 4424 
  0x0000013841a7379c: 384c 8b4c | 2428 4c8b | 5424 304c | 8954 2428 | 498b e890 

  0x0000013841a737b0: ;   {optimized virtual_call}
  0x0000013841a737b0: c5f8 77e8 

  0x0000013841a737b4: ; ImmutableOopMap {rbp=Oop [32]=NarrowOop [40]=Oop [48]=Oop [56]=Oop [72]=Oop [120]=NarrowOop }
                      ;*invokespecial <init> {reexecute=0 rethrow=0 return_oop=0}
                      ; - java.util.zip.ZipFile::getInputStream@227 (line 358)
                      ; - java.util.jar.JarFile::getInputStream@21 (line 834)
                      ; - jdk.internal.loader.URLClassPath$JarLoader$1::getInputStream@11 (line 716)
                      ; - jdk.internal.loader.Resource::cachedInputStream@9 (line 76)
                      ; - jdk.internal.loader.Resource::getBytes@1 (line 88)
                      ; - jdk.internal.loader.URLClassPath$JarLoader$1::getBytes@1 (line 730)
  0x0000013841a737b4: 28b6 48ff 

  0x0000013841a737b8: ;   {post_call_nop}
  0x0000013841a737b8: 0f1f 8400 | 3006 0001 | 448b 5c24 | 2041 8b6b | 0849 8bcb | 488d 9c24 | d800 0000 | 4c8b 1141 
  0x0000013841a737d8: 8b9f d806 | 0000 41f6 | c202 0f85 | 3700 0000 | 81fb 2707 | 0000 0f8f | 4b00 0000 | 493b 4c1f 
  0x0000013841a737f8: f874 1649 | 8bc2 4883 | c801 4983 | e2fe f04c | 0fb1 110f | 852e 0000 | 0049 890c | 1f41 8387 
  0x0000013841a73818: d806 0000 | 08eb 1e48 | 33c0 498b | 9fc8 0400 | 00f0 490f | b15a 3e74 | 0c48 3bd8 | 7509 49ff 
  0x0000013841a73838: 8286 0000 | 0033 c00f | 85af 1c00 

  0x0000013841a73844: ;   {metadata('java/util/Collections$SetFromMap')}
  0x0000013841a73844: 0081 fd58 | 822f 000f | 8574 1c00 | 0044 8b59 | 0c45 8b53 | 0849 8bd3 

  0x0000013841a7385c: ;   {metadata('java/util/WeakHashMap')}
  0x0000013841a7385c: 4181 fa50 | 2925 000f | 85f9 0800 | 004c 8bca | 4c8b 7424 | 484d 8b16 | 4d8b da49 | 83e3 0349 
  0x0000013841a7387c: 83fb 020f | 848a 0d00 | 0049 c1ea | 0b41 8bc2 | 25ff ffff | 7f0f 8478 | 0d00 0045 | 8b59 1844 
  0x0000013841a7389c: 8bd0 41c1 | ea0c 8bd8 | c1eb 1441 | 33da 33d8 | 448b d341 | c1ea 0444 | 8bc3 41c1 | e807 4433 
  0x0000013841a738bc: c345 33c2 | 4585 db0f | 8487 1c00 | 0045 3b63 | 0c0f 85c2 | 0600 0041 | 8b59 148b | 7b0c 448d 
  0x0000013841a738dc: 5fff 4523 | d885 ff0f | 86af 1c00 | 0042 8b6c | 9b10 488b | f385 ed0f | 856a 0600 | 0049 8b87 
  0x0000013841a738fc: c801 0000 | 458b 512c | 41ff c245 | 8951 2c4c | 8bd0 4983 | c228 4d3b | 97d8 0100 | 000f 8352 
  0x0000013841a7391c: 1400 004d | 8997 c801 | 0000 410f | 0d8a 0001 | 0000 48c7 | 0001 0000 

  0x0000013841a73934: ;   {metadata('java/util/WeakHashMap$Entry')}
  0x0000013841a73934: 00c7 4008 | 1891 3100 | 4489 600c | 4c89 6010 | 4c89 6018 | 4c89 6020 | 418b 5118 | 85d2 750c 
  0x0000013841a73954: ;   {oop(a 'java/lang/ref/ReferenceQueue$Null'{0x000000008056f9e8})}
  0x0000013841a73954: 49ba e8f9 | 5680 0000 | 0000 eb03 | 4c8b d2c4 | c179 6ee3 | c5f9 6edf | c5f9 6ec3 | c4c1 796e 
  0x0000013841a73974: c848 894c 

  0x0000013841a73978: ;   {oop(a 'java/lang/Boolean'{0x00000000805ec0d0} = true)}
  0x0000013841a73978: 2450 41b8 | d0c0 5e80 | 4d8b de4c | 8974 2448 | 4489 580c | 4c8d 5810 | 498b ca41 | 890b f083 
  0x0000013841a73998: 4424 c000 | c4c1 797e | ca44 8950 | 244c 8d50 | 2041 892a | 4c8d 501c | 4589 02c4 | c179 7ec2 
  0x0000013841a739b8: c4c1 797e | e34b 8d4c | 9a10 4180 | 7f48 000f | 85ff 2d00 | 0048 8bf0 | 8931 488b | d148 33d0 
  0x0000013841a739d8: 48c1 ea14 | 0f84 1d00 | 0000 488b | d148 c1ea | 0948 be00 | 00dd 4838 | 0100 0048 | 03d6 803a 
  0x0000013841a739f8: 020f 8546 | 2e00 0045 | 8b59 2045 | 8b51 2441 | ffc3 4589 | 5920 453b | da0f 8fc5 | 0b00 004c 
  0x0000013841a73a18: 8b5c 2450 | 488d 8424 | d800 0000 | 418b 87d8 | 0600 004d | 8b13 4d3b | 5c07 f80f | 852e 0000 
  0x0000013841a73a38: 0041 83af | d806 0000 | 084d 3b5c | 07f0 0f84 | 5f00 0000 | 498b c248 | 83e0 fc49 | 83ca 01f0 
  0x0000013841a73a58: 4d0f b113 | 0f85 3a37 | 0000 e944 | 0000 0049 | 83ba 8600 | 0000 0075 | 3349 c742 | 3e00 0000 
  0x0000013841a73a78: ;   {other}
  0x0000013841a73a78: 00f0 8344 | 24c0 0049 | 83ba 8e00 | 0000 0074 | 2249 83ba | 9e00 0000 | 0075 1849 | 83e2 fd4d 
  0x0000013841a73a98: 8997 e805 | 0000 4183 | ca01 eb0a | 49ff 8a86 | 0000 0045 | 33d2 0f85 | 6f1a 0000 | 4c8b 5c24 
  0x0000013841a73ab8: 3848 8d84 | 24c8 0000 | 0041 8b87 | d806 0000 | 4d8b 134d | 3b5c 07f8 | 0f85 2e00 | 0000 4183 
  0x0000013841a73ad8: afd8 0600 | 0008 4d3b | 5c07 f00f | 845f 0000 | 0049 8bc2 | 4883 e0fc | 4983 ca01 | f04d 0fb1 
  0x0000013841a73af8: 130f 8590 | 3600 00e9 | 4400 0000 | 4983 ba86 | 0000 0000 | 7533 49c7 | 423e 0000 | 0000 f083 
  0x0000013841a73b18: 4424 c000 | 4983 ba8e | 0000 0000 | 7422 4983 | ba9e 0000 | 0000 7518 | 4983 e2fd | 4d89 97e8 
  0x0000013841a73b38: 0500 0041 | 83ca 01eb | 0a49 ff8a | 8600 0000 | 4533 d20f | 8549 1900 | 004c 8b54 | 2448 4489 
  0x0000013841a73b58: 5424 6c4c | 8b4c 2430 | 8b5c 246c | 4d8d 590c | 4180 7f48 | 000f 853d | 2d00 0041 | 891b 448b 
  0x0000013841a73b78: ;   {other}
  0x0000013841a73b78: c34d 8bd3 | 4d33 d049 | c1ea 140f | 8428 0000 | 0049 83f8 | 000f 841e | 0000 004d | 8bd3 49c1 
  0x0000013841a73b98: ea09 49b8 | 0000 dd48 | 3801 0000 | 4d03 d041 | 803a 020f | 8559 2d00 | 0048 8d84 | 24c0 0000 
  0x0000013841a73bb8: 004c 8b5c | 2430 418b | 87d8 0600 | 004d 8b13 | 4d3b 5c07 | f80f 852e | 0000 0041 | 83af d806 
  0x0000013841a73bd8: 0000 084d | 3b5c 07f0 | 0f84 5f00 | 0000 498b | c248 83e0 | fc49 83ca | 01f0 4d0f | b113 0f85 
  0x0000013841a73bf8: 8635 0000 | e944 0000 | 0049 83ba | 8600 0000 | 0075 3349 | c742 3e00 | 0000 00f0 | 8344 24c0 
  0x0000013841a73c18: 0049 83ba | 8e00 0000 | 0074 2249 | 83ba 9e00 | 0000 0075 | 1849 83e2 | fd4d 8997 | e805 0000 
  0x0000013841a73c38: 4183 ca01 | eb0a 49ff | 8a86 0000 | 0045 33d2 | 0f85 f715 | 0000 4c8b | 5424 3045 | 8b5a 1c4d 
  0x0000013841a73c58: 8b53 204d | 8b9f c801 | 0000 4d8b | c349 83c0 | 1045 8bd2 | 4489 5424 | 684d 3b87 

  0x0000013841a73c74: ;   {other}
  0x0000013841a73c74: d801 0000 | 0f83 5910 | 0000 4d89 | 87c8 0100 | 0041 0f0d | 8800 0100 | 0049 c703 | 0100 0000 
  0x0000013841a73c94: 410f 0d88 | 4001 0000 

  0x0000013841a73c9c: ;   {metadata({type array byte})}
  0x0000013841a73c9c: 41c7 4308 | 4847 1800 | 410f 0d88 | 8001 0000 | 4589 630c | 448b 4424 | 6841 83f8 | ff0f 8425 
  0x0000013841a73cbc: 1900 0045 | 8bd0 4585 | d27f 1844 | 8b44 246c | 4585 c00f | 8477 1900 | 004c 895c | 2420 e984 
  0x0000013841a73cdc: 0100 0044 | 8b54 246c 

  0x0000013841a73ce4: ; implicit exception: dispatches to 0x0000013841a760c4
  0x0000013841a73ce4: 458b 5208 | 448b 4c24 | 6c49 8bd9 

  0x0000013841a73cf0: ;   {metadata('java/util/zip/ZipFile$ZipFileInflaterInputStream')}
  0x0000013841a73cf0: 4181 fa20 | 0f40 000f | 85e3 0400 | 004c 8bf3 | 4533 edeb | 1866 6666 | 0f1f 8400 | 0000 0000 
  0x0000013841a73d10: 4c8b 5c24 | 204c 8b74 | 2428 448b | ed41 8b4b | 0c44 3be9 | 0f8c 9304 | 0000 8b74 | 2468 412b 
  0x0000013841a73d30: f544 8d81 | 0004 0000 | 413b f041 | 0f4f f085 | f60f 8c85 | 1400 0046 | 8d14 2e4d | 8bcb 4983 
  0x0000013841a73d50: c110 443b | d10f 84f4 | 0700 0041 | 3bca 8be9 | 410f 4fea | 3bcd 0f82 | ff13 0000 | 443b d50f 
  0x0000013841a73d70: 8204 1400 | 0041 8bca | 4863 c948 | 83c1 174c | 8bc1 4983 | e0f8 4181 | fa00 0010 | 000f 8769 
  0x0000013841a73d90: 0e00 0049 | 8b9f c801 | 0000 488b | fb49 03f8 | 493b bfd8 | 0100 000f | 834f 0e00 | 0049 89bf 
  0x0000013841a73db0: c801 0000 | 0f0d 8f00 | 0100 0048 | c703 0100 | 0000 0f0d | 8f40 0100 

  0x0000013841a73dc8: ;   {metadata({type array byte})}
  0x0000013841a73dc8: 00c7 4308 | 4847 1800 | 4489 530c | 0f0d 8f80 | 0100 004c | 8bdb 4983 | c310 48c1 | e903 85ed 
  0x0000013841a73de8: 0f84 1413 | 0000 413b | ea0f 8c56 | 0500 0049 | 83c0 f049 | c1e8 0349 | 8bc9 498b | d3c5 f877 
  0x0000013841a73e08: ;   {runtime_call Stub::jlong_disjoint_arraycopy}
  0x0000013841a73e08: 49ba 8025 | ee40 3801 | 0000 41ff 

  0x0000013841a73e14: ;   {post_call_nop}
  0x0000013841a73e14: d20f 1f84 | 0000 0000 | 0048 895c | 2420 8bfe | 418b ed4c | 8974 2428 | 498b d64c | 8b44 2420 
  0x0000013841a73e34: 458b cd90 

  0x0000013841a73e38: ;   {optimized virtual_call}
  0x0000013841a73e38: c5f8 77e8 

  0x0000013841a73e3c: ; ImmutableOopMap {[32]=Oop [40]=Oop [48]=Oop [108]=NarrowOop }
                      ;*invokevirtual read {reexecute=0 rethrow=0 return_oop=0}
                      ; - jdk.internal.loader.Resource::getBytes@90 (line 106)
                      ; - jdk.internal.loader.URLClassPath$JarLoader$1::getBytes@1 (line 730)
  0x0000013841a73e3c: d051 f4ff 

  0x0000013841a73e40: ;   {post_call_nop}
  0x0000013841a73e40: 0f1f 8400 | b80c 0002 | 85c0 0f8c | 5013 0000 | 4d8b 5730 

  0x0000013841a73e54: ; ImmutableOopMap {[32]=Oop [40]=Oop [48]=Oop [108]=NarrowOop }
                      ;*goto {reexecute=1 rethrow=0 return_oop=0}
                      ; - (reexecute) jdk.internal.loader.Resource::getBytes@140 (line 118)
                      ; - jdk.internal.loader.URLClassPath$JarLoader$1::getBytes@1 (line 730)
                      ;   {poll}
  0x0000013841a73e54: 03e8 4185 | 023b 6c24 | 680f 8cad | feff ff44 | 8b54 246c | 458b 5a08 

  0x0000013841a73e6c: ;   {metadata('java/util/zip/ZipFile$ZipFileInflaterInputStream')}
  0x0000013841a73e6c: 498b d241 | 81fb 200f | 4000 0f85 | 2103 0000 

  0x0000013841a73e7c: ;   {optimized virtual_call}
  0x0000013841a73e7c: c5f8 77e8 

  0x0000013841a73e80: ; ImmutableOopMap {[32]=Oop [48]=Oop }
                      ;*invokevirtual close {reexecute=0 rethrow=0 return_oop=0}
                      ; - jdk.internal.loader.Resource::getBytes@144 (line 121)
                      ; - jdk.internal.loader.URLClassPath$JarLoader$1::getBytes@1 (line 730)
  0x0000013841a73e80: 0c08 f5ff 

  0x0000013841a73e84: ;   {post_call_nop}
  0x0000013841a73e84: 0f1f 8400 | fc0c 0004 | 488b 5c24 | 2044 8b43 | 0c45 85c0 | 0f86 6217 | 0000 458d | 58ff 453b 
  0x0000013841a73ea4: d80f 834d | 1300 0048 | 8b54 2420 | 4883 c210 | 33c9 c5f8 

  0x0000013841a73eb8: ;   {runtime_call Stub::updateBytesCRC32}
  0x0000013841a73eb8: 7749 bac0 | 15eb 4038 | 0100 0041 

  0x0000013841a73ec4: ;   {post_call_nop}
  0x0000013841a73ec4: ffd2 0f1f | 8400 0000 | 0000 4c8b | 5424 3045 | 8b52 1c4d | 8b52 1844 | 8bd8 4d3b | da0f 8539 
  0x0000013841a73ee4: 1700 0048 | 8b44 2420 | c5f8 7748 | 81c4 f000 

  0x0000013841a73ef4: ;   {poll_return}
  0x0000013841a73ef4: 0000 5d49 | 3b67 280f | 876b 3200 | 00c3 4889 | 6c24 384c | 894c 2428 | 4489 5424 | 4444 8944 
  0x0000013841a73f14: 2440 48ff | 7424 3048 | 8f44 2420 | 41b8 0100 | 0000 498b | d149 8be9 

  0x0000013841a73f2c: ;   {optimized virtual_call}
  0x0000013841a73f2c: c5f8 77e8 

  0x0000013841a73f30: ; ImmutableOopMap {rbp=Oop [32]=Oop [40]=Oop [48]=Oop [56]=Oop [64]=NarrowOop [68]=NarrowOop [120]=NarrowOop }
                      ;*invokevirtual getManifestName {reexecute=0 rethrow=0 return_oop=1}
                      ; - java.util.zip.ZipFile$1::getManifestName@2 (line 1112)
                      ; - java.util.jar.JarFile::maybeInstantiateVerifier@20 (line 700)
                      ; - java.util.jar.JarFile::getInputStream@9 (line 832)
                      ; - jdk.internal.loader.URLClassPath$JarLoader$1::getInputStream@11 (line 716)
                      ; - jdk.internal.loader.Resource::cachedInputStream@9 (line 76)
                      ; - jdk.internal.loader.Resource::getBytes@1 (line 88)
                      ; - jdk.internal.loader.URLClassPath$JarLoader$1::getBytes@1 (line 730)
  0x0000013841a73f30: acae 48ff 

  0x0000013841a73f34: ;   {post_call_nop}
  0x0000013841a73f34: 0f1f 8400 | ac0d 0005 | 4885 c00f | 8551 0d00 | 0044 8b54 | 2440 4588 | 6212 448b | 5424 444c 
  0x0000013841a73f54: 8bdd 488b | 6c24 384d | 8bcb e9a8 | f4ff ff4c | 8bed 6666 | 0f1f 8400 | 0000 0000 | 418b 4524 
  0x0000013841a73f74: 443b c00f | 8406 1e00 | 0045 8b55 | 2049 8b47 

  0x0000013841a73f84: ; ImmutableOopMap {r10=NarrowOop r9=Oop rcx=Oop rbx=NarrowOop rsi=Oop rbp=NarrowOop r14=Oop [48]=Oop [56]=Oop [120]=NarrowOop }
                      ;*goto {reexecute=1 rethrow=0 return_oop=0}
                      ; - (reexecute) java.util.WeakHashMap::put@89 (line 466)
                      ; - java.util.Collections$SetFromMap::add@8 (line 6045)
                      ; - java.util.zip.ZipFile::getInputStream@242 (line 360)
                      ; - java.util.jar.JarFile::getInputStream@21 (line 834)
                      ; - jdk.internal.loader.URLClassPath$JarLoader$1::getInputStream@11 (line 716)
                      ; - jdk.internal.loader.Resource::cachedInputStream@9 (line 76)
                      ; - jdk.internal.loader.Resource::getBytes@1 (line 88)
                      ; - jdk.internal.loader.URLClassPath$JarLoader$1::getBytes@1 (line 730)
                      ;   {poll}
  0x0000013841a73f84: 3085 0045 | 85d2 0f84 | 69f9 ffff | 4d8b eaeb | db4d 8b97 | c005 0000 | 4d85 d274 | 1341 8b5a 
  0x0000013841a73fa4: 3883 fbff | 0f84 2a1c | 0000 ffc3 | 4189 5a38 | 418b 6b18 | 85ed 0f84 | cb1b 0000 | 488b fd48 
  0x0000013841a73fc4: 8d9c 24e0 | 0000 004c | 8b17 418b | 9fd8 0600 | 0041 f6c2 | 020f 8537 | 0000 0081 | fb27 0700 
  0x0000013841a73fe4: 000f 8f4b | 0000 0049 | 3b7c 1ff8 | 7416 498b | c248 83c8 | 0149 83e2 | fef0 4c0f | b117 0f85 
  0x0000013841a74004: 2e00 0000 | 4989 3c1f | 4183 87d8 | 0600 0008 | eb1e 4833 | c049 8b9f | c804 0000 | f049 0fb1 
  0x0000013841a74024: 5a3e 740c | 483b d875 | 0949 ff82 | 8600 0000 | 33c0 0f85 | 441c 0000 | 4889 7c24 | 2044 8984 
  0x0000013841a74044: 2490 0000 | 004c 898c | 2488 0000 | 0048 894c | 2468 4c89 | b424 8000 | 0000 498b | d366 6690 
  0x0000013841a74064: ;   {optimized virtual_call}
  0x0000013841a74064: c5f8 77e8 

  0x0000013841a74068: ; ImmutableOopMap {rbp=NarrowOop [32]=Oop [48]=Oop [56]=Oop [104]=Oop [120]=NarrowOop [128]=Oop [136]=Oop }
                      ;*invokevirtual poll0 {reexecute=0 rethrow=0 return_oop=1}
                      ; - java.lang.ref.ReferenceQueue::poll@20 (line 165)
                      ; - java.util.WeakHashMap::expungeStaleEntries@4 (line 330)
                      ; - java.util.WeakHashMap::getTable@1 (line 362)
                      ; - java.util.WeakHashMap::put@13 (line 463)
                      ; - java.util.Collections$SetFromMap::add@8 (line 6045)
                      ; - java.util.zip.ZipFile::getInputStream@242 (line 360)
                      ; - java.util.jar.JarFile::getInputStream@21 (line 834)
                      ; - jdk.internal.loader.URLClassPath$JarLoader$1::getInputStream@11 (line 716)
                      ; - jdk.internal.loader.Resource::cachedInputStream@9 (line 76)
                      ; - jdk.internal.loader.Resource::getBytes@1 (line 88)
                      ; - jdk.internal.loader.URLClassPath$JarLoader$1::getBytes@1 (line 730)
  0x0000013841a74068: 74ad 48ff 

  0x0000013841a7406c: ;   {post_call_nop}
  0x0000013841a7406c: 0f1f 8400 | e40e 0007 | 488b d84c | 8b5c 2420 | 488d 8424 | e000 0000 | 418b 87d8 | 0600 004d 
  0x0000013841a7408c: 8b13 4d3b | 5c07 f80f | 852e 0000 | 0041 83af | d806 0000 | 084d 3b5c | 07f0 0f84 | 5f00 0000 
  0x0000013841a740ac: 498b c248 | 83e0 fc49 | 83ca 01f0 | 4d0f b113 | 0f85 9d30 | 0000 e944 | 0000 0049 | 83ba 8600 
  0x0000013841a740cc: 0000 0075 | 3349 c742 | 3e00 0000 | 00f0 8344 | 24c0 0049 | 83ba 8e00 | 0000 0074 | 2249 83ba 
  0x0000013841a740ec: 9e00 0000 | 0075 1849 | 83e2 fd4d | 8997 e805 | 0000 4183 | ca01 eb0a | 49ff 8a86 | 0000 0045 
  0x0000013841a7410c: 33d2 0f85 | cb1b 0000 | 4d8b 97c0 | 0500 004d | 85d2 7414 | 458b 4238 | 4585 c00f | 84fb 1a00 
  0x0000013841a7412c: 0041 ffc8 | 4589 4238 | 4c8b c34d | 85c0 0f85 | 9c1c 0000 | 4c8b b424 | 8000 0000 | 488b 4c24 
  0x0000013841a7414c: 684c 8b8c | 2488 0000 | 0044 8b84 | 2490 0000 | 00e9 71f7 | ffff 4889 

  0x0000013841a74164: ;   {oop(a 'java/lang/Boolean'{0x00000000805ec0d0} = true)}
  0x0000013841a74164: 4c24 5049 | b9d0 c05e | 8000 0000 | 004c 8b44 | 2448 488b | 6c24 3066 | 6690 c5f8 | 7748 b8b0 
  0x0000013841a74184: b4c5 5438 

  0x0000013841a74188: ;   {virtual_call}
  0x0000013841a74188: 0100 00e8 

  0x0000013841a7418c: ; ImmutableOopMap {rbp=Oop [48]=Oop [56]=Oop [72]=Oop [80]=Oop [120]=NarrowOop }
                      ;*invokeinterface put {reexecute=0 rethrow=0 return_oop=1}
                      ; - java.util.Collections$SetFromMap::add@8 (line 6045)
                      ; - java.util.zip.ZipFile::getInputStream@242 (line 360)
                      ; - java.util.jar.JarFile::getInputStream@21 (line 834)
                      ; - jdk.internal.loader.URLClassPath$JarLoader$1::getInputStream@11 (line 716)
                      ; - jdk.internal.loader.Resource::cachedInputStream@9 (line 76)
                      ; - jdk.internal.loader.Resource::getBytes@1 (line 88)
                      ; - jdk.internal.loader.URLClassPath$JarLoader$1::getBytes@1 (line 730)
  0x0000013841a7418c: 50af 48ff 

  0x0000013841a74190: ;   {post_call_nop}
  0x0000013841a74190: 0f1f 8400 | 0810 0008 | e97a f8ff | ff90 c5f8 | 7748 b8d8 | b4c5 5438 

  0x0000013841a741a8: ;   {virtual_call}
  0x0000013841a741a8: 0100 00e8 

  0x0000013841a741ac: ; ImmutableOopMap {[32]=Oop [48]=Oop }
                      ;*invokevirtual close {reexecute=0 rethrow=0 return_oop=0}
                      ; - jdk.internal.loader.Resource::getBytes@144 (line 121)
                      ; - jdk.internal.loader.URLClassPath$JarLoader$1::getBytes@1 (line 730)
  0x0000013841a741ac: 5212 acff 

  0x0000013841a741b0: ;   {post_call_nop}
  0x0000013841a741b0: 0f1f 8400 | 2810 0009 | e9cf fcff | ff8b f141 | 2bf5 4c89 | 5c24 20e9 | 56fc ffff | 0f1f 4000 
  0x0000013841a741d0: 458b c34c | 8b5c 2438 | 488b dd45 | 8bf0 eb03 | 4533 f641 | 8b4b 0c44 | 3bf1 0f8c | 110d 0000 
  0x0000013841a741f0: 8b74 2468 | 412b f644 | 8d91 0004 | 0000 413b | f241 0f4f | f285 f60f | 8c4b 1c00 | 0045 8d14 
  0x0000013841a74210: 364d 8bcb | 4983 c110 | 443b d10f | 848a 0d00 | 0041 3bca | 8be9 410f | 4fea 3bcd | 0f82 411b 
  0x0000013841a74230: 0000 443b | d50f 8240 | 1b00 0045 | 8bc2 4963 | c848 83c1 | 174c 8bc1 | 4983 e0f8 | 4181 fa00 
  0x0000013841a74250: 0010 000f | 8719 1000 | 004d 8baf | c801 0000 | 498b fd49 | 03f8 493b | bfd8 0100 | 000f 83ff 
  0x0000013841a74270: 0f00 0049 | 89bf c801 | 0000 0f0d | 8f00 0100 | 0049 c745 | 0001 0000 | 000f 0d8f | 4001 0000 
  0x0000013841a74290: ;   {metadata({type array byte})}
  0x0000013841a74290: 41c7 4508 | 4847 1800 | 4589 550c | 0f0d 8f80 | 0100 004d | 8bdd 4983 | c310 48c1 | e903 85ed 
  0x0000013841a742b0: 0f84 541a | 0000 413b | ea0f 8c51 | 0c00 0049 | 83c0 f049 | c1e8 0349 | 8bc9 498b | d3c5 f877 
  0x0000013841a742d0: ;   {runtime_call Stub::jlong_disjoint_arraycopy}
  0x0000013841a742d0: 49ba 8025 | ee40 3801 | 0000 41ff 

  0x0000013841a742dc: ;   {post_call_nop}
  0x0000013841a742dc: d20f 1f84 | 0000 0000 | 004c 896c | 2438 4489 | 7424 2048 | 8beb 488b | d34c 8b44 | 2438 458b 
  0x0000013841a742fc: ce8b fe66 | 6690 c5f8 | 7748 b800 | b5c5 5438 

  0x0000013841a7430c: ;   {virtual_call}
  0x0000013841a7430c: 0100 00e8 

  0x0000013841a74310: ; ImmutableOopMap {rbp=Oop [48]=Oop [56]=Oop [108]=NarrowOop }
                      ;*invokevirtual read {reexecute=0 rethrow=0 return_oop=0}
                      ; - jdk.internal.loader.Resource::getBytes@90 (line 106)
                      ; - jdk.internal.loader.URLClassPath$JarLoader$1::getBytes@1 (line 730)
  0x0000013841a74310: 7ef2 05f8 

  0x0000013841a74314: ;   {post_call_nop}
  0x0000013841a74314: 0f1f 8400 | 8c11 000a | 85c0 0f8c | 1c1b 0000 | 4d8b 4730 | 448b 5c24 

  0x0000013841a7432c: ; ImmutableOopMap {rbp=Oop [48]=Oop [56]=Oop [108]=NarrowOop }
                      ;*goto {reexecute=1 rethrow=0 return_oop=0}
                      ; - (reexecute) jdk.internal.loader.Resource::getBytes@140 (line 118)
                      ; - jdk.internal.loader.URLClassPath$JarLoader$1::getBytes@1 (line 730)
  0x0000013841a7432c: 2044 03d8 

  0x0000013841a74330: ;   {poll}
  0x0000013841a74330: 4185 0044 | 3b5c 2468 | 0f8c 92fe | ffff 4c8b | 5424 384c | 8954 2420 | e916 fbff | ff4c 63c5 
  0x0000013841a74350: 4d8d 5010 | 498b d248 | 83e2 f848 | 8bfb 4803 | fa49 c1ea | 0349 2bca | 4833 c048 | 83f9 087f 
  0x0000013841a74370: 1048 ffc9 | 784f 4889 | 04cf 48ff | c97d f7eb | 44c5 fdef | c0e9 0d00 | 0000 c5fe | 7f07 c5fe 
  0x0000013841a74390: 7f47 2048 | 83c7 4048 | 83e9 087d | ed48 83c1 | 047c 0cc5 | fe7f 0748 | 83c7 2048 | 83e9 0448 
  0x0000013841a743b0: 83c1 047e | 1048 ffc9 | c5f9 d607 | 4883 c708 | 48ff c97d | f349 8bc9 | 498b d3c5 

  0x0000013841a743cc: ;   {runtime_call Stub::jbyte_disjoint_arraycopy}
  0x0000013841a743cc: f877 49ba | e01e ee40 | 3801 0000 

  0x0000013841a743d8: ;   {post_call_nop}
  0x0000013841a743d8: 41ff d20f | 1f84 0000 | 0000 00e9 | 35fa ffff | 4585 db0f | 8578 1a00 | 0041 8b6d | 084d 8bc5 
  0x0000013841a743f8: 488d 9c24 | d800 0000 | 4d8b 1841 | 8b9f d806 | 0000 41f6 | c302 0f85 | 3700 0000 | 81fb 2707 
  0x0000013841a74418: 0000 0f8f | 4b00 0000 | 4d3b 441f | f874 1649 | 8bc3 4883 | c801 4983 | e3fe f04d | 0fb1 180f 
  0x0000013841a74438: 852e 0000 | 004d 8904 | 1f41 8387 | d806 0000 | 08eb 1e48 | 33c0 498b | 9fc8 0400 | 00f0 490f 
  0x0000013841a74458: b15b 3e74 | 0c48 3bd8 | 7509 49ff | 8386 0000 | 0033 c00f | 8553 1a00 

  0x0000013841a74470: ;   {metadata('java/util/Collections$SetFromMap')}
  0x0000013841a74470: 0081 fd58 | 822f 000f | 851b 1a00 | 0049 8bea | 4d8b d04c | 8954 2450 | 498b d24c | 8bc5 4c8b 
  0x0000013841a74490: 5424 304c | 8954 2428 

  0x0000013841a74498: ;   {optimized virtual_call}
  0x0000013841a74498: c5f8 77e8 

  0x0000013841a7449c: ; ImmutableOopMap {rbp=Oop [40]=Oop [48]=Oop [56]=Oop [80]=Oop [120]=NarrowOop }
                      ;*invokeinterface add {reexecute=0 rethrow=0 return_oop=0}
                      ; - java.util.zip.ZipFile::getInputStream@157 (line 348)
                      ; - java.util.jar.JarFile::getInputStream@21 (line 834)
                      ; - jdk.internal.loader.URLClassPath$JarLoader$1::getInputStream@11 (line 716)
                      ; - jdk.internal.loader.Resource::cachedInputStream@9 (line 76)
                      ; - jdk.internal.loader.Resource::getBytes@1 (line 88)
                      ; - jdk.internal.loader.URLClassPath$JarLoader$1::getBytes@1 (line 730)
  0x0000013841a7449c: 40a9 48ff 

  0x0000013841a744a0: ;   {post_call_nop}
  0x0000013841a744a0: 0f1f 8400 | 1813 000c | 4c8b 5c24 | 5048 8d84 | 24d8 0000 | 0041 8b87 | d806 0000 | 4d8b 134d 
  0x0000013841a744c0: 3b5c 07f8 | 0f85 2e00 | 0000 4183 | afd8 0600 | 0008 4d3b | 5c07 f00f | 845f 0000 | 0049 8bc2 
  0x0000013841a744e0: 4883 e0fc | 4983 ca01 | f04d 0fb1 | 130f 855f | 2c00 00e9 | 4400 0000 | 4983 ba86 | 0000 0000 
  0x0000013841a74500: 7533 49c7 | 423e 0000 | 0000 f083 | 4424 c000 | 4983 ba8e | 0000 0000 | 7422 4983 | ba9e 0000 
  0x0000013841a74520: 0000 7518 | 4983 e2fd | 4d89 97e8 | 0500 0041 | 83ca 01eb | 0a49 ff8a | 8600 0000 | 4533 d20f 
  0x0000013841a74540: 85dd 1900 | 0048 896c | 2448 e965 | f5ff ff4c | 63c1 81f9 | 0000 1000 | 0f87 3a13 | 0000 498b 
  0x0000013841a74560: 9fc8 0100 | 004d 8d50 | 1749 83e2 | f848 8bfb | 4903 fa49 | 3bbf d801 | 0000 0f83 | 1813 0000 
  0x0000013841a74580: 4989 bfc8 | 0100 000f | 0d8f 0001 | 0000 48c7 | 0301 0000 | 000f 0d8f | 4001 0000 

  0x0000013841a7459c: ;   {metadata({type array byte})}
  0x0000013841a7459c: c743 0848 | 4718 0089 | 4b0c 0f0d | 8f80 0100 | 0048 8bd3 | 4883 c210 | 4983 c007 | 49c1 e803 
  0x0000013841a745bc: 498b c9c5 

  0x0000013841a745c0: ;   {runtime_call Stub::jlong_disjoint_arraycopy}
  0x0000013841a745c0: f877 49ba | 8025 ee40 | 3801 0000 

  0x0000013841a745cc: ;   {post_call_nop}
  0x0000013841a745cc: 41ff d20f | 1f84 0000 | 0000 00e9 | 41f8 ffff | c4c1 797e | da41 d1e2 | 498b d145 | 8bc2 488b 
  0x0000013841a745ec: 6c24 3090 

  0x0000013841a745f0: ;   {optimized virtual_call}
  0x0000013841a745f0: c5f8 77e8 

  0x0000013841a745f4: ; ImmutableOopMap {rbp=Oop [48]=Oop [56]=Oop [72]=Oop [80]=Oop [120]=NarrowOop }
                      ;*invokevirtual resize {reexecute=0 rethrow=0 return_oop=0}
                      ; - java.util.WeakHashMap::put@155 (line 479)
                      ; - java.util.Collections$SetFromMap::add@8 (line 6045)
                      ; - java.util.zip.ZipFile::getInputStream@242 (line 360)
                      ; - java.util.jar.JarFile::getInputStream@21 (line 834)
                      ; - jdk.internal.loader.URLClassPath$JarLoader$1::getInputStream@11 (line 716)
                      ; - jdk.internal.loader.Resource::cachedInputStream@9 (line 76)
                      ; - jdk.internal.loader.Resource::getBytes@1 (line 88)
                      ; - jdk.internal.loader.URLClassPath$JarLoader$1::getBytes@1 (line 730)
  0x0000013841a745f4: e8a7 48ff 

  0x0000013841a745f8: ;   {post_call_nop}
  0x0000013841a745f8: 0f1f 8400 | 7014 000d | e912 f4ff | ffbd 0020 | 0000 e91d | f1ff ff4c | 894c 2420 | 4889 4c24 
  0x0000013841a74618: 5049 8bee | 488b d590 

  0x0000013841a74620: ;   {optimized virtual_call}
  0x0000013841a74620: c5f8 77e8 

  0x0000013841a74624: ; ImmutableOopMap {rbp=Oop [32]=Oop [48]=Oop [56]=Oop [80]=Oop [120]=NarrowOop }
                      ;*invokevirtual hashCode {reexecute=0 rethrow=0 return_oop=0}
                      ; - java.util.WeakHashMap::hash@1 (line 310)
                      ; - java.util.WeakHashMap::put@7 (line 462)
                      ; - java.util.Collections$SetFromMap::add@8 (line 6045)
                      ; - java.util.zip.ZipFile::getInputStream@242 (line 360)
                      ; - java.util.jar.JarFile::getInputStream@21 (line 834)
                      ; - jdk.internal.loader.URLClassPath$JarLoader$1::getInputStream@11 (line 716)
                      ; - jdk.internal.loader.Resource::cachedInputStream@9 (line 76)
                      ; - jdk.internal.loader.Resource::getBytes@1 (line 88)
                      ; - jdk.internal.loader.URLClassPath$JarLoader$1::getBytes@1 (line 730)
  0x0000013841a74624: b8a7 48ff 

  0x0000013841a74628: ;   {post_call_nop}
  0x0000013841a74628: 0f1f 8400 | a014 000e | 4c8b f548 | 8b4c 2450 | 4c8b 4c24 | 20e9 55f2 | ffff 458b | d845 0fb6 
  0x0000013841a74648: 5311 4585 | d20f 8487 | 0700 0049 | 8bd1 4c8b | c54c 8b54 | 2430 4c89 | 5424 284c | 894c 2450 
  0x0000013841a74668: 4c89 4c24 | 7066 6690 

  0x0000013841a74670: ;   {optimized virtual_call}
  0x0000013841a74670: c5f8 77e8 

  0x0000013841a74674: ; ImmutableOopMap {rbp=Oop [40]=Oop [48]=Oop [80]=Oop [112]=Oop [120]=NarrowOop }
                      ;*invokevirtual verifiableEntry {reexecute=0 rethrow=0 return_oop=1}
                      ; - java.util.jar.JarFile::getInputStream@56 (line 847)
                      ; - jdk.internal.loader.URLClassPath$JarLoader$1::getInputStream@11 (line 716)
                      ; - jdk.internal.loader.Resource::cachedInputStream@9 (line 76)
                      ; - jdk.internal.loader.Resource::getBytes@1 (line 88)
                      ; - jdk.internal.loader.URLClassPath$JarLoader$1::getBytes@1 (line 730)
  0x0000013841a74674: 68a7 48ff 

  0x0000013841a74678: ;   {post_call_nop}
  0x0000013841a74678: 0f1f 8400 | f014 000f | 4889 8424 | 8800 0000 | 4885 c00f | 8494 0700 | 0049 8b87 | c801 0000 
  0x0000013841a74698: 4c8b d049 | 83c2 204d | 3b97 d801 | 0000 0f83 | cc12 0000 | 4d89 97c8 | 0100 0041 | 0f0d 8a00 
  0x0000013841a746b8: 0100 0048 | c700 0100 

  0x0000013841a746c0: ;   {metadata('java/util/jar/JarVerifier$VerifierStream')}
  0x0000013841a746c0: 0000 c740 | 0810 892e | 0244 8960 | 0c4c 8960 | 104c 8960 | 184c 8bd0 | 4c89 9424 | 8000 0000 
  0x0000013841a746e0: 488b 5424 | 704c 8b94 | 2480 0000 | 004c 8954 | 2460 4889 | 5424 6890 

  0x0000013841a746f8: ;   {optimized virtual_call}
  0x0000013841a746f8: c5f8 77e8 

  0x0000013841a746fc: ; ImmutableOopMap {rbp=Oop [40]=Oop [48]=Oop [96]=Oop [104]=Oop [112]=Oop [120]=NarrowOop [128]=Oop [136]=Oop }
                      ;*invokevirtual getManifestFromReference {reexecute=0 rethrow=0 return_oop=1}
                      ; - java.util.jar.JarFile::getInputStream@71 (line 853)
                      ; - jdk.internal.loader.URLClassPath$JarLoader$1::getInputStream@11 (line 716)
                      ; - jdk.internal.loader.Resource::cachedInputStream@9 (line 76)
                      ; - jdk.internal.loader.Resource::getBytes@1 (line 88)
                      ; - jdk.internal.loader.URLClassPath$JarLoader$1::getBytes@1 (line 730)
  0x0000013841a746fc: e0a6 48ff 

  0x0000013841a74700: ;   {post_call_nop}
  0x0000013841a74700: 0f1f 8400 | 7815 0010 | 4889 4424 | 6048 8b54 | 2468 4c8b | c548 8b6c | 2428 4c8b | 9424 8000 
  0x0000013841a74720: 0000 4c89 | 5424 5090 

  0x0000013841a74728: ;   {optimized virtual_call}
  0x0000013841a74728: c5f8 77e8 

  0x0000013841a7472c: ; ImmutableOopMap {rbp=Oop [48]=Oop [80]=Oop [96]=Oop [112]=Oop [120]=NarrowOop [128]=Oop [136]=Oop }
                      ;*invokespecial getInputStream {reexecute=0 rethrow=0 return_oop=1}
                      ; - java.util.jar.JarFile::getInputStream@77 (line 855)
                      ; - jdk.internal.loader.URLClassPath$JarLoader$1::getInputStream@11 (line 716)
                      ; - jdk.internal.loader.Resource::cachedInputStream@9 (line 76)
                      ; - jdk.internal.loader.Resource::getBytes@1 (line 88)
                      ; - jdk.internal.loader.URLClassPath$JarLoader$1::getBytes@1 (line 730)
  0x0000013841a7472c: b0a6 48ff 

  0x0000013841a74730: ;   {post_call_nop}
  0x0000013841a74730: 0f1f 8400 | a815 0011 | 448b 5c24 | 7845 8b4b | 304c 8bd0 | 4885 c00f | 84ab 1800 | 0049 8b87 
  0x0000013841a74750: c801 0000 | 488b d848 | 83c3 3048 | 8b54 2450 | 4c8d 5a0c | 4180 7f48 | 000f 85f2 | 2100 004d 
  0x0000013841a74770: 8bc2 4589 | 0349 8bcb | 4933 ca48 | c1e9 140f | 841d 0000 | 0049 8bcb | 48c1 e909 | 49b8 0000 
  0x0000013841a74790: dd48 3801 | 0000 4903 | c880 3902 | 0f85 4b22 | 0000 4c8d | 5218 4180 | 7f48 000f | 85b6 2200 
  0x0000013841a747b0: 0045 890a | 458b d949 | 8bfa 4933 | fb48 c1ef | 140f 8427 | 0000 0049 | 83fb 000f | 841d 0000 
  0x0000013841a747d0: 0049 8bfa | 48c1 ef09 | 49bb 0000 | dd48 3801 | 0000 4903 | fb80 3f02 | 0f85 f122 | 0000 493b 
  0x0000013841a747f0: 9fd8 0100 | 000f 83a6 | 1100 0049 | 899f c801 | 0000 0f0d | 8b00 0100 | 0048 c700 | 0100 0000 
  0x0000013841a74810: ;   {metadata('sun/security/util/ManifestEntryVerifier')}
  0x0000013841a74810: c740 0848 | 2d00 0144 | 8960 0c4c | 8960 104c | 8960 184c | 8960 204c | 8960 284c | 8bd8 418b 
  0x0000013841a74830: 6930 41c6 | 430c 0149 | 8b97 c801 | 0000 4c8b | d249 83c2 | 304d 3b97 | d801 0000 | 0f83 a712 
  0x0000013841a74850: 0000 4d89 | 97c8 0100 | 0041 0f0d | 8a00 0100 | 0048 c702 | 0100 0000 

  0x0000013841a74868: ;   {metadata('java/util/HashMap')}
  0x0000013841a74868: c742 0858 | 0820 0044 | 8962 0c4c | 8962 104c | 8962 1849 | ba00 0000 | 0010 0000 | 004c 8952 
  0x0000013841a74888: 2048 c742 | 2800 0040 | 3f49 8bbf | c801 0000 | 4c8b d749 | 83c2 184d | 8d43 1041 | 807f 4800 
  0x0000013841a748a8: 0f85 a422 | 0000 488b | da41 8918 | 498b c848 | 33ca 48c1 | e914 0f84 | 1d00 0000 | 498b c848 
  0x0000013841a748c8: c1e9 0948 | bb00 00dd | 4838 0100 | 0048 03cb | 8039 020f | 85fd 2200 | 004d 3b97 | d801 0000 
  0x0000013841a748e8: 0f83 1a11 | 0000 4d89 | 97c8 0100 | 0041 0f0d | 8a00 0100 | 0048 c707 | 0100 0000 

  0x0000013841a74904: ;   {metadata('java/util/ArrayList')}
  0x0000013841a74904: c747 08a0 | d821 004c 

  0x0000013841a7490c: ;   {oop(a 'java/lang/Object'[0] {0x000000008058ceb0})}
  0x0000013841a7490c: 8967 0cc7 | 4714 b0ce | 5880 498b | 87c8 0100 | 004c 8bd0 | 4983 c218 | 498d 4b14 | 4180 7f48 
  0x0000013841a7492c: 000f 8525 | 2300 004c | 8bc7 4489 | 0148 8bd9 | 4833 df48 | c1eb 140f | 841d 0000 | 0048 8bd9 
  0x0000013841a7494c: 48c1 eb09 | 49b8 0000 | dd48 3801 | 0000 4903 | d880 3b02 | 0f85 7e23 | 0000 4d3b | 97d8 0100 
  0x0000013841a7496c: 000f 8324 | 1100 004d | 8997 c801 | 0000 410f | 0d8a 0001 | 0000 48c7 | 0001 0000 

  0x0000013841a74988: ;   {metadata('java/util/ArrayList')}
  0x0000013841a74988: 00c7 4008 | a0d8 2100 | 4c89 600c | 4c8b 5424 | 304c 8954 | 2420 448b | 4424 7844 | 8944 2438 
  0x0000013841a749a8: 4c8b 5424 | 704c 8954 | 2428 4c8b | 9424 8000 | 0000 4c89 | 5424 404c | 8b94 2488 | 0000 004c 
  0x0000013841a749c8: 8954 2448 | 4489 4c24 | 3c4c 895c 

  0x0000013841a749d4: ;   {oop(a 'java/lang/Object'[0] {0x000000008058ceb0})}
  0x0000013841a749d4: 2450 c740 | 14b0 ce58 | 8044 8b54 | 243c 498b | d248 8b5c | 2450 4c8d | 5320 4180 | 7f48 000f 
  0x0000013841a749f4: 8568 2300 | 0041 892a | 448b dd4d | 8bc2 4d33 | c349 c1e8 | 140f 8428 | 0000 0049 | 83fb 000f 
  0x0000013841a74a14: 841e 0000 | 004d 8bc2 | 49c1 e809 | 49bb 0000 | dd48 3801 | 0000 4d03 | c341 8038 | 020f 85a2 
  0x0000013841a74a34: 2300 004c | 8b4c 2460 | 4c8d 5324 | 4180 7f48 | 000f 8503 | 2400 004d | 8bd9 4589 | 1a4d 8bc2 
  0x0000013841a74a54: 4d33 c149 | c1e8 140f | 8428 0000 | 0049 83f9 | 000f 841e | 0000 004d | 8bc2 49c1 | e809 49bb 
  0x0000013841a74a74: 0000 dd48 | 3801 0000 | 4d03 c341 | 8038 020f | 8547 2400 | 0048 8d7b | 1841 807f | 4800 0f85 
  0x0000013841a74a94: ad24 0000 | 488b c889 | 0f4c 8bcf | 4c33 c849 | c1e9 140f | 841e 0000 | 004c 8bcf | 49c1 e909 
  0x0000013841a74ab4: 48b9 0000 | dd48 3801 | 0000 4c03 | c941 8039 | 020f 8502 | 2500 004c | 8b4c 2440 | 4d8d 511c 
  0x0000013841a74ad4: ;   {other}
  0x0000013841a74ad4: 4180 7f48 | 000f 856d | 2500 004c | 8bdb 4589 | 1a4d 8bc2 | 4c33 c349 | c1e8 140f | 841e 0000 
  0x0000013841a74af4: 004d 8bc2 | 49c1 e809 | 49bb 0000 | dd48 3801 | 0000 4d03 | c341 8038 | 020f 859d | 2500 004c 
  0x0000013841a74b14: 8b44 2448 | 4c8b 4c24 | 5066 6690 

  0x0000013841a74b20: ;   {optimized virtual_call}
  0x0000013841a74b20: c5f8 77e8 

  0x0000013841a74b24: ; ImmutableOopMap {[32]=Oop [40]=Oop [56]=NarrowOop [64]=Oop [72]=Oop }
                      ;*invokevirtual beginEntry {reexecute=0 rethrow=0 return_oop=0}
                      ; - java.util.jar.JarVerifier$VerifierStream::<init>@47 (line 421)
                      ; - java.util.jar.JarFile::getInputStream@84 (line 855)
                      ; - jdk.internal.loader.URLClassPath$JarLoader$1::getInputStream@11 (line 716)
                      ; - jdk.internal.loader.Resource::cachedInputStream@9 (line 76)
                      ; - jdk.internal.loader.Resource::getBytes@1 (line 88)
                      ; - jdk.internal.loader.URLClassPath$JarLoader$1::getBytes@1 (line 730)
  0x0000013841a74b24: b8a2 48ff 

  0x0000013841a74b28: ;   {post_call_nop}
  0x0000013841a74b28: 0f1f 8400 | a019 0012 | 4c8b 5424 | 484d 8b52 | 204c 8b5c | 2440 4c89 | 5c24 484d | 8953 104d 
  0x0000013841a74b48: 85d2 0f84 | 7f03 0000 | 4c8b 5c24 | 2848 8d84 | 24c8 0000 | 0041 8b87 | d806 0000 | 4d8b 134d 
  0x0000013841a74b68: 3b5c 07f8 | 0f85 2e00 | 0000 4183 | afd8 0600 | 0008 4d3b | 5c07 f00f | 845f 0000 | 0049 8bc2 
  0x0000013841a74b88: 4883 e0fc | 4983 ca01 | f04d 0fb1 | 130f 85aa | 2500 00e9 | 4400 0000 | 4983 ba86 | 0000 0000 
  0x0000013841a74ba8: 7533 49c7 | 423e 0000 | 0000 f083 | 4424 c000 | 4983 ba8e | 0000 0000 | 7422 4983 | ba9e 0000 
  0x0000013841a74bc8: 0000 7518 | 4983 e2fd | 4d89 97e8 | 0500 0041 | 83ca 01eb | 0a49 ff8a | 8600 0000 | 4533 d20f 
  0x0000013841a74be8: 85c3 1300 | 004c 8b54 | 2420 4c89 | 5424 30e9 | 55ef ffff | 4c89 4424 | 6048 894c | 2458 4c89 
  0x0000013841a74c08: 4c24 5044 | 8954 244c | 8974 2448 | 4489 6c24 | 3c4c 8974 | 2440 448b | 5424 6c44 

  0x0000013841a74c24: ;   {other}
  0x0000013841a74c24: 8954 2438 | 4c8b 5424 | 304c 8954 

  0x0000013841a74c30: ;   {metadata({type array byte})}
  0x0000013841a74c30: 2428 48ba | 4847 180c | 0000 0000 | 4c89 5c24 | 3044 8b44 | 244c 6690 

  0x0000013841a74c48: ;   {runtime_call C2 Runtime new_array_nozero}
  0x0000013841a74c48: c5f8 77e8 

  0x0000013841a74c4c: ; ImmutableOopMap {[40]=Oop [48]=Oop [80]=Derived_oop_[48] [56]=NarrowOop [64]=Oop }
                      ;*newarray {reexecute=0 rethrow=0 return_oop=1}
                      ; - java.util.Arrays::copyOf@15 (line 3537)
                      ; - jdk.internal.loader.Resource::getBytes@70 (line 102)
                      ; - jdk.internal.loader.URLClassPath$JarLoader$1::getBytes@1 (line 730)
  0x0000013841a74c4c: 1096 55ff 

  0x0000013841a74c50: ;   {post_call_nop}
  0x0000013841a74c50: 0f1f 8400 | c81a 0013 | 4c8b 5424 | 284c 8954 | 2430 448b | 5c24 3844 | 895c 246c | 4c8b 7424 
  0x0000013841a74c70: 4044 8b6c | 243c 8b74 | 2448 448b | 5424 4c4c | 8b4c 2450 | 488b 4c24 | 584c 8b44 | 2460 488b 
  0x0000013841a74c90: d8e9 45f1 | ffff 448b 

  0x0000013841a74c98: ;   {metadata('java/util/jar/JarFile')}
  0x0000013841a74c98: 5424 5841 | 81fa 8002 | 2c00 0f85 | 3513 0000 | 488b d548 | 8b6c 2420 

  0x0000013841a74cb0: ;   {optimized virtual_call}
  0x0000013841a74cb0: c5f8 77e8 

  0x0000013841a74cb4: ; ImmutableOopMap {rbp=Oop [40]=Oop [48]=Oop [56]=Oop [68]=NarrowOop [120]=NarrowOop }
                      ;*invokevirtual getManifestFromReference {reexecute=0 rethrow=0 return_oop=1}
                      ; - java.util.jar.JarFile::getManifest@1 (line 393)
                      ; - java.util.jar.JarFile::maybeInstantiateVerifier@31 (line 702)
                      ; - java.util.jar.JarFile::getInputStream@9 (line 832)
                      ; - jdk.internal.loader.URLClassPath$JarLoader$1::getInputStream@11 (line 716)
                      ; - jdk.internal.loader.Resource::cachedInputStream@9 (line 76)
                      ; - jdk.internal.loader.Resource::getBytes@1 (line 88)
                      ; - jdk.internal.loader.URLClassPath$JarLoader$1::getBytes@1 (line 730)
  0x0000013841a74cb4: 28a1 48ff 

  0x0000013841a74cb8: ;   {post_call_nop}
  0x0000013841a74cb8: 0f1f 8400 | 301b 0014 | 448b 5424 | 444c 8b5c | 2428 488b | 6c24 384d | 8bcb e934 | e7ff ff44 
  0x0000013841a74cd8: 8954 2424 

  0x0000013841a74cdc: ;   {metadata({type array byte})}
  0x0000013841a74cdc: 48ba 4847 | 180c 0000 | 0000 4533 | c066 6690 

  0x0000013841a74cec: ;   {runtime_call C2 Runtime new_array}
  0x0000013841a74cec: c5f8 77e8 

  0x0000013841a74cf0: ; ImmutableOopMap {[48]=Oop [108]=NarrowOop }
                      ;*newarray {reexecute=0 rethrow=0 return_oop=1}
                      ; - jdk.internal.loader.Resource::getBytes@11 (line 91)
                      ; - jdk.internal.loader.URLClassPath$JarLoader$1::getBytes@1 (line 730)
  0x0000013841a74cf0: ecb1 55ff 

  0x0000013841a74cf4: ;   {post_call_nop}
  0x0000013841a74cf4: 0f1f 8400 | 6c1b 0015 | 4c8b d8e9 | acef ffff | 4489 5c24 | 2844 896c | 2424 4489 | 4424 2049 
  0x0000013841a74d14: ;   {metadata('java/util/zip/ZipFile$ZipFileInputStream')}
  0x0000013841a74d14: 8be9 48ba | 0009 400c | 0000 0000 

  0x0000013841a74d20: ;   {runtime_call C2 Runtime new_instance}
  0x0000013841a74d20: c5f8 77e8 

  0x0000013841a74d24: ; ImmutableOopMap {rbp=Oop [32]=NarrowOop [36]=NarrowOop [48]=Oop [120]=NarrowOop }
                      ;*new {reexecute=0 rethrow=0 return_oop=1}
                      ; - java.util.zip.ZipFile::getInputStream@98 (line 344)
                      ; - java.util.jar.JarFile::getInputStream@21 (line 834)
                      ; - jdk.internal.loader.URLClassPath$JarLoader$1::getInputStream@11 (line 716)
                      ; - jdk.internal.loader.Resource::cachedInputStream@9 (line 76)
                      ; - jdk.internal.loader.Resource::getBytes@1 (line 88)
                      ; - jdk.internal.loader.URLClassPath$JarLoader$1::getBytes@1 (line 730)
  0x0000013841a74d24: b893 4cff 

  0x0000013841a74d28: ;   {post_call_nop}
  0x0000013841a74d28: 0f1f 8400 | a01b 0016 | 448b 4424 | 2044 8b6c | 2424 448b | 5c24 284c | 8bcd e913 | e9ff ff4c 
  0x0000013841a74d48: 8954 2428 | 4489 6c24 

  0x0000013841a74d50: ;   {metadata('java/util/zip/ZipFile$ZipFileInflaterInputStream')}
  0x0000013841a74d50: 2048 ba20 | 0f40 0c00 | 0000 0090 

  0x0000013841a74d5c: ;   {runtime_call C2 Runtime new_instance}
  0x0000013841a74d5c: c5f8 77e8 

  0x0000013841a74d60: ; ImmutableOopMap {[32]=NarrowOop [40]=Oop [48]=Oop [56]=Oop [120]=NarrowOop }
                      ;*new {reexecute=0 rethrow=0 return_oop=1}
                      ; - java.util.zip.ZipFile::getInputStream@214 (line 358)
                      ; - java.util.jar.JarFile::getInputStream@21 (line 834)
                      ; - jdk.internal.loader.URLClassPath$JarLoader$1::getInputStream@11 (line 716)
                      ; - jdk.internal.loader.Resource::cachedInputStream@9 (line 76)
                      ; - jdk.internal.loader.Resource::getBytes@1 (line 88)
                      ; - jdk.internal.loader.URLClassPath$JarLoader$1::getBytes@1 (line 730)
  0x0000013841a74d60: 7c93 4cff 

  0x0000013841a74d64: ;   {post_call_nop}
  0x0000013841a74d64: 0f1f 8400 | dc1b 0017 | e911 eaff | ff44 895c | 2464 897c | 2460 895c | 245c 4489 | 4424 584c 
  0x0000013841a74d84: 894c 2448 | 4889 4c24 | 504c 8974 

  0x0000013841a74d90: ;   {metadata('java/util/WeakHashMap$Entry')}
  0x0000013841a74d90: 2440 48ba | 1891 310c | 0000 0000 | 4889 7424 | 2866 6690 

  0x0000013841a74da4: ;   {runtime_call C2 Runtime new_instance}
  0x0000013841a74da4: c5f8 77e8 

  0x0000013841a74da8: ; ImmutableOopMap {rbp=NarrowOop [40]=Oop [48]=Oop [56]=Oop [64]=Oop [72]=Oop [80]=Oop [92]=NarrowOop [120]=NarrowOop }
                      ;*new {reexecute=0 rethrow=0 return_oop=1}
                      ; - java.util.WeakHashMap::put@113 (line 477)
                      ; - java.util.Collections$SetFromMap::add@8 (line 6045)
                      ; - java.util.zip.ZipFile::getInputStream@242 (line 360)
                      ; - java.util.jar.JarFile::getInputStream@21 (line 834)
                      ; - jdk.internal.loader.URLClassPath$JarLoader$1::getInputStream@11 (line 716)
                      ; - jdk.internal.loader.Resource::cachedInputStream@9 (line 76)
                      ; - jdk.internal.loader.Resource::getBytes@1 (line 88)
                      ; - jdk.internal.loader.URLClassPath$JarLoader$1::getBytes@1 (line 730)
  0x0000013841a74da8: 3493 4cff 

  0x0000013841a74dac: ;   {post_call_nop}
  0x0000013841a74dac: 0f1f 8400 | 241c 0018 | 4c8b 7424 | 4048 8b4c | 2450 4c8b | 4c24 4844 | 8b44 2458 | 8b5c 245c 
  0x0000013841a74dcc: 8b7c 2460 | 448b 5c24 | 64e9 72eb | ffff 498b | d14c 8b54 | 2430 4c89 | 5424 284c | 894c 2450 
  0x0000013841a74dec: 4c89 4c24 | 7066 6690 

  0x0000013841a74df4: ;   {optimized virtual_call}
  0x0000013841a74df4: c5f8 77e8 

  0x0000013841a74df8: ; ImmutableOopMap {rbp=Oop [40]=Oop [48]=Oop [80]=Oop [112]=Oop [120]=NarrowOop }
                      ;*invokevirtual initializeVerifier {reexecute=0 rethrow=0 return_oop=0}
                      ; - java.util.jar.JarFile::getInputStream@33 (line 837)
                      ; - jdk.internal.loader.URLClassPath$JarLoader$1::getInputStream@11 (line 716)
                      ; - jdk.internal.loader.Resource::cachedInputStream@9 (line 76)
                      ; - jdk.internal.loader.Resource::getBytes@1 (line 88)
                      ; - jdk.internal.loader.URLClassPath$JarLoader$1::getBytes@1 (line 730)
  0x0000013841a74df8: e49f 48ff 

  0x0000013841a74dfc: ;   {post_call_nop}
  0x0000013841a74dfc: 0f1f 8400 | 741c 0019 | 448b 5424 | 7841 c642 | 1101 458b | da45 3b63 | 300f 8420 | 0200 004c 
  0x0000013841a74e1c: 8b4c 2450 | e92e f8ff | ff48 8d84 | 24c8 0000 | 004c 8b5c | 2450 418b | 87d8 0600 | 004d 8b13 
  0x0000013841a74e3c: 4d3b 5c07 | f80f 852e | 0000 0041 | 83af d806 | 0000 084d | 3b5c 07f0 | 0f84 5f00 | 0000 498b 
  0x0000013841a74e5c: c248 83e0 | fc49 83ca | 01f0 4d0f | b113 0f85 | c822 0000 | e944 0000 | 0049 83ba | 8600 0000 
  0x0000013841a74e7c: 0075 3349 | c742 3e00 | 0000 00f0 | 8344 24c0 | 0049 83ba | 8e00 0000 | 0074 2249 | 83ba 9e00 
  0x0000013841a74e9c: 0000 0075 | 1849 83e2 | fd4d 8997 | e805 0000 | 4183 ca01 | eb0a 49ff | 8a86 0000 | 0045 33d2 
  0x0000013841a74ebc: 0f85 6a11 | 0000 4533 | d24c 8954 | 2448 e982 | ecff ff41 | 8b6b 1c45 | 8b5b 1845 | 85db 0f84 
  0x0000013841a74edc: 7711 0000 | 4c8b cd49 | 8bd3 41b8 | ffff ffff 

  0x0000013841a74eec: ;   {optimized virtual_call}
  0x0000013841a74eec: c5f8 77e8 

  0x0000013841a74ef0: ; ImmutableOopMap {[32]=Oop [40]=Oop [72]=Oop }
                      ;*invokevirtual update {reexecute=0 rethrow=0 return_oop=0}
                      ; - java.util.jar.JarVerifier$VerifierStream::<init>@76 (line 424)
                      ; - java.util.jar.JarFile::getInputStream@84 (line 855)
                      ; - jdk.internal.loader.URLClassPath$JarLoader$1::getInputStream@11 (line 716)
                      ; - jdk.internal.loader.Resource::cachedInputStream@9 (line 76)
                      ; - jdk.internal.loader.Resource::getBytes@1 (line 88)
                      ; - jdk.internal.loader.URLClassPath$JarLoader$1::getBytes@1 (line 730)
  0x0000013841a74ef0: ec9e 48ff 

  0x0000013841a74ef4: ;   {post_call_nop}
  0x0000013841a74ef4: 0f1f 8400 | 6c1d 001a | e94f fcff | ff8b f141 | 2bf6 4c89 | 5c24 38e9 | daf3 ffff | 4c63 c54d 
  0x0000013841a74f14: 8d50 1049 | 8bd2 4883 | e2f8 498b | fd48 03fa | 49c1 ea03 | 492b ca48 | 33c0 4883 | f908 7f10 
  0x0000013841a74f34: 48ff c978 | 4f48 8904 | cf48 ffc9 | 7df7 eb44 | c5fd efc0 | e90d 0000 | 00c5 fe7f | 07c5 fe7f 
  0x0000013841a74f54: 4720 4883 | c740 4883 | e908 7ded | 4883 c104 | 7c0c c5fe | 7f07 4883 | c720 4883 | e904 4883 
  0x0000013841a74f74: c104 7e10 | 48ff c9c5 | f9d6 0748 | 83c7 0848 | ffc9 7df3 | 498b c949 | 8bd3 c5f8 

  0x0000013841a74f90: ;   {runtime_call Stub::jbyte_disjoint_arraycopy}
  0x0000013841a74f90: 7749 bae0 | 1eee 4038 | 0100 0041 

  0x0000013841a74f9c: ;   {post_call_nop}
  0x0000013841a74f9c: ffd2 0f1f | 8400 0000 | 0000 e93a | f3ff ff4c | 63c1 81f9 | 0000 1000 | 0f87 930f | 0000 498b 
  0x0000013841a74fbc: bfc8 0100 | 004d 8d50 | 1749 83e2 | f848 8bd7 | 4903 d249 | 3b97 d801 | 0000 0f83 | 710f 0000 
  0x0000013841a74fdc: 4989 97c8 | 0100 000f | 0d8a 0001 | 0000 48c7 | 0701 0000 | 000f 0d8a | 4001 0000 

  0x0000013841a74ff8: ;   {metadata({type array byte})}
  0x0000013841a74ff8: c747 0848 | 4718 0089 | 4f0c 0f0d | 8a80 0100 | 0048 8bd7 | 4883 c210 | 4983 c007 | 49c1 e803 
  0x0000013841a75018: 498b c9c5 

  0x0000013841a7501c: ;   {runtime_call Stub::jlong_disjoint_arraycopy}
  0x0000013841a7501c: f877 49ba | 8025 ee40 | 3801 0000 

  0x0000013841a75028: ;   {post_call_nop}
  0x0000013841a75028: 41ff d20f | 1f84 0000 | 0000 004c | 8bef e9aa | f2ff ff48 | 8b54 2450 | 4c8b c548 | 8b6c 2428 
  0x0000013841a75048: ;   {optimized virtual_call}
  0x0000013841a75048: c5f8 77e8 

  0x0000013841a7504c: ; ImmutableOopMap {rbp=Oop [48]=Oop [80]=Oop [112]=Oop }
                      ;*invokespecial getInputStream {reexecute=0 rethrow=0 return_oop=1}
                      ; - java.util.jar.JarFile::getInputStream@50 (line 843)
                      ; - jdk.internal.loader.URLClassPath$JarLoader$1::getInputStream@11 (line 716)
                      ; - jdk.internal.loader.Resource::cachedInputStream@9 (line 76)
                      ; - jdk.internal.loader.Resource::getBytes@1 (line 88)
                      ; - jdk.internal.loader.URLClassPath$JarLoader$1::getBytes@1 (line 730)
  0x0000013841a7504c: 909d 48ff 

  0x0000013841a75050: ;   {post_call_nop}
  0x0000013841a75050: 0f1f 8400 | c81e 001b | 488b d848 | 8d84 24c8 | 0000 004c | 8b5c 2450 | 418b 87d8 | 0600 004d 
  0x0000013841a75070: 8b13 4d3b | 5c07 f80f | 852e 0000 | 0041 83af | d806 0000 | 084d 3b5c | 07f0 0f84 | 5f00 0000 
  0x0000013841a75090: 498b c248 | 83e0 fc49 | 83ca 01f0 | 4d0f b113 | 0f85 8520 | 0000 e944 | 0000 0049 | 83ba 8600 
  0x0000013841a750b0: 0000 0075 | 3349 c742 | 3e00 0000 | 00f0 8344 | 24c0 0049 | 83ba 8e00 | 0000 0074 | 2249 83ba 
  0x0000013841a750d0: 9e00 0000 | 0075 1849 | 83e2 fd4d | 8997 e805 | 0000 4183 | ca01 eb0a | 49ff 8a86 | 0000 0045 
  0x0000013841a750f0: 33d2 0f85 | 740f 0000 | 4889 5c24 | 48e9 4fea | ffff 4883 | c1fe 498b | fb48 33c0 | 4883 f908 
  0x0000013841a75110: 7f10 48ff | c978 4f48 | 8904 cf48 | ffc9 7df7 | eb44 c5fd | efc0 e90d | 0000 00c5 | fe7f 07c5 
  0x0000013841a75130: fe7f 4720 | 4883 c740 | 4883 e908 | 7ded 4883 | c104 7c0c | c5fe 7f07 | 4883 c720 

  0x0000013841a7514c: ;   {other}
  0x0000013841a7514c: 4883 e904 | 4883 c104 | 7e10 48ff | c9c5 f9d6 | 0748 83c7 | 0848 ffc9 | 7df3 e9b2 | ecff ff41 
  0x0000013841a7516c: 8bed 4c89 | 5c24 2889 | 7424 20eb | 0c41 8bed | 4c89 5c24 | 2889 7424 | 20ba ccff | ffff 4489 
  0x0000013841a7518c: 5424 4090 

  0x0000013841a75190: ;   {runtime_call UncommonTrapBlob}
  0x0000013841a75190: c5f8 77e8 

  0x0000013841a75194: ; ImmutableOopMap {[40]=Oop [48]=Oop [108]=NarrowOop }
                      ;*newarray {reexecute=1 rethrow=0 return_oop=0}
                      ; - (reexecute) java.util.Arrays::copyOf@15 (line 3537)
                      ; - jdk.internal.loader.Resource::getBytes@70 (line 102)
                      ; - jdk.internal.loader.URLClassPath$JarLoader$1::getBytes@1 (line 730)
  0x0000013841a75194: c83e 4cff 

  0x0000013841a75198: ;   {post_call_nop}
  0x0000013841a75198: 0f1f 8400 | 1020 001c | 8944 242c | 896c 2428 | 488b 6c24 | 20ba 45ff | ffff 4c8b | 5424 304c 
  0x0000013841a751b8: 8954 2420 

  0x0000013841a751bc: ;   {runtime_call UncommonTrapBlob}
  0x0000013841a751bc: c5f8 77e8 

  0x0000013841a751c0: ; ImmutableOopMap {rbp=Oop [32]=Oop [108]=NarrowOop }
                      ;*ifge {reexecute=1 rethrow=0 return_oop=0}
                      ; - (reexecute) jdk.internal.loader.Resource::getBytes@97 (line 107)
                      ; - jdk.internal.loader.URLClassPath$JarLoader$1::getBytes@1 (line 730)
  0x0000013841a751c0: 9c3e 4cff 

  0x0000013841a751c4: ;   {post_call_nop}
  0x0000013841a751c4: 0f1f 8400 | 3c20 001d | 8974 2424 | 4489 6c24 | 2049 8beb | ba45 ffff | ff4c 8b54 | 2430 4c89 
  0x0000013841a751e4: 5424 2890 

  0x0000013841a751e8: ;   {runtime_call UncommonTrapBlob}
  0x0000013841a751e8: c5f8 77e8 

  0x0000013841a751ec: ; ImmutableOopMap {rbp=Oop [40]=Oop [108]=NarrowOop }
                      ;*ifge {reexecute=1 rethrow=0 return_oop=0}
                      ; - (reexecute) jdk.internal.loader.Resource::getBytes@55 (line 98)
                      ; - jdk.internal.loader.URLClassPath$JarLoader$1::getBytes@1 (line 730)
  0x0000013841a751ec: 703e 4cff 

  0x0000013841a751f0: ;   {post_call_nop}
  0x0000013841a751f0: 0f1f 8400 | 6820 001e | bae4 ffff | ff48 8b6c | 2430 4489 | 5c24 3444 | 8944 2438 

  0x0000013841a7520c: ;   {runtime_call UncommonTrapBlob}
  0x0000013841a7520c: c5f8 77e8 

  0x0000013841a75210: ; ImmutableOopMap {rbp=Oop [32]=Oop }
                      ;*invokestatic checkIndex {reexecute=0 rethrow=0 return_oop=0}
                      ; - java.util.zip.CRC32::updateBytesCheck@30 (line 152)
                      ; - java.util.zip.CRC32::updateBytes@3 (line 138)
                      ; - java.util.zip.CRC32::update@31 (line 78)
                      ; - java.util.zip.Checksum::update@5 (line 58)
                      ; - jdk.internal.loader.URLClassPath$JarLoader$1::getBytes@15 (line 732)
  0x0000013841a75210: 4c3e 4cff 

  0x0000013841a75214: ;   {post_call_nop}
  0x0000013841a75214: 0f1f 8400 | 8c20 001f | 4c8d 8424 | c000 0000 | 4889 5424 | 2048 8954 | 2428 6690 

  0x0000013841a75230: ;   {runtime_call C2 Runtime complete_monitor_locking}
  0x0000013841a75230: c5f8 77e8 

  0x0000013841a75234: ; ImmutableOopMap {[32]=Oop [40]=Oop [48]=Oop }
                      ;*synchronization entry
                      ; - jdk.internal.loader.Resource::cachedInputStream@-1 (line 75)
                      ; - jdk.internal.loader.Resource::getBytes@1 (line 88)
                      ; - jdk.internal.loader.URLClassPath$JarLoader$1::getBytes@1 (line 730)
  0x0000013841a75234: a825 56ff 

  0x0000013841a75238: ;   {post_call_nop}
  0x0000013841a75238: 0f1f 8400 | b020 0020 | e9e7 e0ff | ff48 8b4c | 2430 488d | 9424 c000 | 0000 4d8b | c7c5 f877 
  0x0000013841a75258: ;   {runtime_call}
  0x0000013841a75258: 49ba d0de | 7726 ff7f | 0000 41ff 

  0x0000013841a75264: ;   {post_call_nop}
  0x0000013841a75264: d20f 1f84 | 0000 0000 | 00e9 dce9 | ffff 4c89 | 4424 6048 | 894c 2458 | 4c89 4c24 | 5044 8974 
  0x0000013841a75284: 244c 4489 | 5424 4889 | 7424 3c48 | 895c 2440 | 448b 4424 | 6c44 8944 | 2438 4c8b | 5424 304c 
  0x0000013841a752a4: 8954 2428 

  0x0000013841a752a8: ;   {metadata({type array byte})}
  0x0000013841a752a8: 48ba 4847 | 180c 0000 | 0000 4c89 | 5c24 3044 | 8b44 2448 

  0x0000013841a752bc: ;   {runtime_call C2 Runtime new_array_nozero}
  0x0000013841a752bc: c5f8 77e8 

  0x0000013841a752c0: ; ImmutableOopMap {[40]=Oop [48]=Oop [80]=Derived_oop_[48] [56]=NarrowOop [64]=Oop }
                      ;*newarray {reexecute=0 rethrow=0 return_oop=1}
                      ; - java.util.Arrays::copyOf@15 (line 3537)
                      ; - jdk.internal.loader.Resource::getBytes@70 (line 102)
                      ; - jdk.internal.loader.URLClassPath$JarLoader$1::getBytes@1 (line 730)
  0x0000013841a752c0: 9c8f 55ff 

  0x0000013841a752c4: ;   {post_call_nop}
  0x0000013841a752c4: 0f1f 8400 | 3c21 0021 | 4c8b 5424 | 284c 8954 | 2430 448b | 5424 3844 | 8954 246c | 488b 5c24 
  0x0000013841a752e4: 408b 7424 | 3c44 8b54 | 2448 448b | 7424 4c4c | 8b4c 2450 | 488b 4c24 | 584c 8b44 | 2460 4c8b 
  0x0000013841a75304: e8e9 99ef | ffff bae4 | ffff ff48 | 8b6c 2430 | 8b74 2478 | 8974 2444 | 4489 4424 | 4c44 896c 
  0x0000013841a75324: 2450 8974 | 2454 4c89 | 5424 6844 | 895c 2474 | 4c89 5424 | 7889 9c24 | 8000 0000 | 898c 2488 
  0x0000013841a75344: 0000 0089 | bc24 8c00 | 0000 6690 

  0x0000013841a75350: ;   {runtime_call UncommonTrapBlob}
  0x0000013841a75350: c5f8 77e8 

  0x0000013841a75354: ; ImmutableOopMap {rbp=Oop [68]=NarrowOop [76]=NarrowOop [80]=NarrowOop [84]=NarrowOop [104]=Oop [120]=Oop [128]=NarrowOop }
                      ;*invokestatic checkIndex {reexecute=0 rethrow=0 return_oop=0}
                      ; - java.util.zip.ZipUtils::get32@6 (line 185)
                      ; - java.util.zip.ZipUtils::CENSIZ@5 (line 264)
                      ; - java.util.zip.ZipFile$ZipFileInputStream::<init>@17 (line 851)
                      ; - java.util.zip.ZipFile::getInputStream@109 (line 344)
                      ; - java.util.jar.JarFile::getInputStream@21 (line 834)
                      ; - jdk.internal.loader.URLClassPath$JarLoader$1::getInputStream@11 (line 716)
                      ; - jdk.internal.loader.Resource::cachedInputStream@9 (line 76)
                      ; - jdk.internal.loader.Resource::getBytes@1 (line 88)
                      ; - jdk.internal.loader.URLClassPath$JarLoader$1::getBytes@1 (line 730)
  0x0000013841a75354: 083d 4cff 

  0x0000013841a75358: ;   {post_call_nop}
  0x0000013841a75358: 0f1f 8400 | d021 0022 | bae4 ffff | ff48 8b6c | 2430 8b44 | 2478 8944 | 2444 4489 | 4424 4c44 
  0x0000013841a75378: 896c 2450 | 8944 2454 | 4c89 5424 | 6844 895c | 2474 4c89 | 5424 7889 | 9c24 8000 | 0000 898c 
  0x0000013841a75398: 2484 0000 | 0089 b424 | 8800 0000 | 89bc 248c | 0000 0090 

  0x0000013841a753ac: ;   {runtime_call UncommonTrapBlob}
  0x0000013841a753ac: c5f8 77e8 

  0x0000013841a753b0: ; ImmutableOopMap {rbp=Oop [68]=NarrowOop [76]=NarrowOop [80]=NarrowOop [84]=NarrowOop [104]=Oop [120]=Oop [128]=NarrowOop }
                      ;*invokestatic checkIndex {reexecute=0 rethrow=0 return_oop=0}
                      ; - java.util.zip.ZipUtils::get32@18 (line 186)
                      ; - java.util.zip.ZipUtils::CENSIZ@5 (line 264)
                      ; - java.util.zip.ZipFile$ZipFileInputStream::<init>@17 (line 851)
                      ; - java.util.zip.ZipFile::getInputStream@109 (line 344)
                      ; - java.util.jar.JarFile::getInputStream@21 (line 834)
                      ; - jdk.internal.loader.URLClassPath$JarLoader$1::getInputStream@11 (line 716)
                      ; - jdk.internal.loader.Resource::cachedInputStream@9 (line 76)
                      ; - jdk.internal.loader.Resource::getBytes@1 (line 88)
                      ; - jdk.internal.loader.URLClassPath$JarLoader$1::getBytes@1 (line 730)
  0x0000013841a753b0: ac3c 4cff 

  0x0000013841a753b4: ;   {post_call_nop}
  0x0000013841a753b4: 0f1f 8400 | 2c22 0023 | bae4 ffff | ff48 8b6c | 2430 8b5c | 2478 895c | 2444 4489 | 5c24 484c 
  0x0000013841a753d4: 8954 2450 | 4489 4424 | 4c44 896c | 2458 448b | db44 895c | 245c 894c | 2464 897c | 246c 4489 
  0x0000013841a753f4: 4c24 7090 

  0x0000013841a753f8: ;   {runtime_call UncommonTrapBlob}
  0x0000013841a753f8: c5f8 77e8 

  0x0000013841a753fc: ; ImmutableOopMap {rbp=Oop [68]=NarrowOop [76]=NarrowOop [80]=Oop [88]=NarrowOop [92]=NarrowOop [100]=NarrowOop }
                      ;*invokestatic checkIndex {reexecute=0 rethrow=0 return_oop=0}
                      ; - java.util.zip.ZipUtils::get16@6 (line 174)
                      ; - java.util.zip.ZipUtils::CENHOW@5 (line 261)
                      ; - java.util.zip.ZipFile::getInputStream@119 (line 345)
                      ; - java.util.jar.JarFile::getInputStream@21 (line 834)
                      ; - jdk.internal.loader.URLClassPath$JarLoader$1::getInputStream@11 (line 716)
                      ; - jdk.internal.loader.Resource::cachedInputStream@9 (line 76)
                      ; - jdk.internal.loader.Resource::getBytes@1 (line 88)
                      ; - jdk.internal.loader.URLClassPath$JarLoader$1::getBytes@1 (line 730)
  0x0000013841a753fc: 603c 4cff 

  0x0000013841a75400: ;   {post_call_nop}
  0x0000013841a75400: 0f1f 8400 | 7822 0024 | 418d 6b0b | bae4 ffff | ff48 8b5c | 2430 4889 | 5c24 288b | 7424 7889 
  0x0000013841a75420: 7424 4c44 | 895c 2450 | 4c89 5424 | 5844 8944 | 2454 4489 | 6c24 6044 | 8bde 4489 | 5c24 6489 
  0x0000013841a75440: 4c24 6c89 | 7c24 7044 | 894c 2474 

  0x0000013841a7544c: ;   {runtime_call UncommonTrapBlob}
  0x0000013841a7544c: c5f8 77e8 

  0x0000013841a75450: ; ImmutableOopMap {[40]=Oop [48]=Oop [76]=NarrowOop [84]=NarrowOop [88]=Oop [96]=NarrowOop [100]=NarrowOop [108]=NarrowOop }
                      ;*invokestatic checkIndex {reexecute=0 rethrow=0 return_oop=0}
                      ; - java.util.zip.ZipUtils::get16@18 (line 175)
                      ; - java.util.zip.ZipUtils::CENHOW@5 (line 261)
                      ; - java.util.zip.ZipFile::getInputStream@119 (line 345)
                      ; - java.util.jar.JarFile::getInputStream@21 (line 834)
                      ; - jdk.internal.loader.URLClassPath$JarLoader$1::getInputStream@11 (line 716)
                      ; - jdk.internal.loader.Resource::cachedInputStream@9 (line 76)
                      ; - jdk.internal.loader.Resource::getBytes@1 (line 88)
                      ; - jdk.internal.loader.URLClassPath$JarLoader$1::getBytes@1 (line 730)
  0x0000013841a75450: 0c3c 4cff 

  0x0000013841a75454: ;   {post_call_nop}
  0x0000013841a75454: 0f1f 8400 | cc22 0025 | 4c89 4c24 | 2844 8954 | 2424 488b | 6c24 3049 | 8bd1 4c8d | 8424 c800 
  0x0000013841a75474: 0000 6690 

  0x0000013841a75478: ;   {runtime_call C2 Runtime complete_monitor_locking}
  0x0000013841a75478: c5f8 77e8 

  0x0000013841a7547c: ; ImmutableOopMap {rbp=Oop [36]=NarrowOop [40]=Oop [48]=Oop [120]=NarrowOop }
                      ;*synchronization entry
                      ; - java.util.jar.JarFile::getInputStream@-1 (line 830)
                      ; - jdk.internal.loader.URLClassPath$JarLoader$1::getInputStream@11 (line 716)
                      ; - jdk.internal.loader.Resource::cachedInputStream@9 (line 76)
                      ; - jdk.internal.loader.Resource::getBytes@1 (line 88)
                      ; - jdk.internal.loader.URLClassPath$JarLoader$1::getBytes@1 (line 730)
  0x0000013841a7547c: 6023 56ff 

  0x0000013841a75480: ;   {post_call_nop}
  0x0000013841a75480: 0f1f 8400 | f822 0026 | 448b 5424 | 244c 8b5c | 2428 4d8b | cbe9 49df | ffff 498b | cb48 8d94 
  0x0000013841a754a0: 24c8 0000 | 004d 8bc7 

  0x0000013841a754a8: ;   {runtime_call}
  0x0000013841a754a8: c5f8 7749 | bad0 de77 | 26ff 7f00 | 0041 ffd2 

  0x0000013841a754b8: ;   {post_call_nop}
  0x0000013841a754b8: 0f1f 8400 | 0000 0000 | e98c e6ff | ffba deff | ffff 488b | 6c24 3044 | 8b54 2478 | 4489 5424 
  0x0000013841a754d8: 4044 895c | 2454 4489 | 5c24 6490 

  0x0000013841a754e4: ;   {runtime_call UncommonTrapBlob}
  0x0000013841a754e4: c5f8 77e8 

  0x0000013841a754e8: ; ImmutableOopMap {rbp=Oop [64]=NarrowOop [72]=Oop [84]=NarrowOop [100]=NarrowOop }
                      ;*invokeinterface add {reexecute=0 rethrow=0 return_oop=0}
                      ; - java.util.zip.ZipFile::getInputStream@242 (line 360)
                      ; - java.util.jar.JarFile::getInputStream@21 (line 834)
                      ; - jdk.internal.loader.URLClassPath$JarLoader$1::getInputStream@11 (line 716)
                      ; - jdk.internal.loader.Resource::cachedInputStream@9 (line 76)
                      ; - jdk.internal.loader.Resource::getBytes@1 (line 88)
                      ; - jdk.internal.loader.URLClassPath$JarLoader$1::getBytes@1 (line 730)
  0x0000013841a754e8: 743b 4cff 

  0x0000013841a754ec: ;   {post_call_nop}
  0x0000013841a754ec: 0f1f 8400 | 6423 0027 | 4889 4c24 | 2848 8bd1 | 4c8d 8424 | d800 0000 

  0x0000013841a75504: ;   {runtime_call C2 Runtime complete_monitor_locking}
  0x0000013841a75504: c5f8 77e8 

  0x0000013841a75508: ; ImmutableOopMap {[32]=NarrowOop [40]=Oop [48]=Oop [56]=Oop [72]=Oop [120]=NarrowOop }
                      ;*monitorenter {reexecute=0 rethrow=0 return_oop=0}
                      ; - java.util.zip.ZipFile::getInputStream@237 (line 359)
                      ; - java.util.jar.JarFile::getInputStream@21 (line 834)
                      ; - jdk.internal.loader.URLClassPath$JarLoader$1::getInputStream@11 (line 716)
                      ; - jdk.internal.loader.Resource::cachedInputStream@9 (line 76)
                      ; - jdk.internal.loader.Resource::getBytes@1 (line 88)
                      ; - jdk.internal.loader.URLClassPath$JarLoader$1::getBytes@1 (line 730)
  0x0000013841a75508: d422 56ff 

  0x0000013841a7550c: ;   {post_call_nop}
  0x0000013841a7550c: 0f1f 8400 | 8423 0028 | 448b 5c24 | 2048 8b4c | 2428 e922 | e3ff ff48 | 8b4c 2450 | 488d 9424 
  0x0000013841a7552c: d800 0000 | 4d8b c7c5 

  0x0000013841a75534: ;   {runtime_call}
  0x0000013841a75534: f877 49ba | d0de 7726 | ff7f 0000 

  0x0000013841a75540: ;   {post_call_nop}
  0x0000013841a75540: 41ff d20f | 1f84 0000 | 0000 00e9 | 64e5 ffff | baf6 ffff | ff48 8b6c | 2430 448b | 5c24 7844 
  0x0000013841a75560: 895c 2444 | 4489 5c24 | 5848 894c | 2460 4c89 | 7424 7044 | 8944 245c | 4c89 4c24 | 784c 898c 
  0x0000013841a75580: 2480 0000 | 0066 6690 

  0x0000013841a75588: ;   {runtime_call UncommonTrapBlob}
  0x0000013841a75588: c5f8 77e8 

  0x0000013841a7558c: ; ImmutableOopMap {rbp=Oop [68]=NarrowOop [88]=NarrowOop [96]=Oop [112]=Oop [120]=Oop [128]=Oop }
                      ;*invokevirtual poll {reexecute=0 rethrow=0 return_oop=0}
                      ; - java.util.WeakHashMap::expungeStaleEntries@4 (line 330)
                      ; - java.util.WeakHashMap::getTable@1 (line 362)
                      ; - java.util.WeakHashMap::put@13 (line 463)
                      ; - java.util.Collections$SetFromMap::add@8 (line 6045)
                      ; - java.util.zip.ZipFile::getInputStream@242 (line 360)
                      ; - java.util.jar.JarFile::getInputStream@21 (line 834)
                      ; - jdk.internal.loader.URLClassPath$JarLoader$1::getInputStream@11 (line 716)
                      ; - jdk.internal.loader.Resource::cachedInputStream@9 (line 76)
                      ; - jdk.internal.loader.Resource::getBytes@1 (line 88)
                      ; - jdk.internal.loader.URLClassPath$JarLoader$1::getBytes@1 (line 730)
  0x0000013841a7558c: d03a 4cff 

  0x0000013841a75590: ;   {post_call_nop}
  0x0000013841a75590: 0f1f 8400 | 0824 0029 | bae4 ffff | ff48 8b6c | 2430 8b7c | 2478 897c | 2444 897c | 2458 4889 
  0x0000013841a755b0: 4c24 604c | 894c 2468 | 4c89 7424 | 7044 8944 | 245c 899c | 2480 0000 | 0044 899c | 2484 0000 
  0x0000013841a755d0: 0066 6690 

  0x0000013841a755d4: ;   {runtime_call UncommonTrapBlob}
  0x0000013841a755d4: c5f8 77e8 

  0x0000013841a755d8: ; ImmutableOopMap {rbp=Oop [68]=NarrowOop [88]=NarrowOop [96]=Oop [104]=Oop [112]=Oop [128]=NarrowOop }
                      ;*aaload {reexecute=0 rethrow=0 return_oop=0}
                      ; - java.util.WeakHashMap::put@32 (line 466)
                      ; - java.util.Collections$SetFromMap::add@8 (line 6045)
                      ; - java.util.zip.ZipFile::getInputStream@242 (line 360)
                      ; - java.util.jar.JarFile::getInputStream@21 (line 834)
                      ; - jdk.internal.loader.URLClassPath$JarLoader$1::getInputStream@11 (line 716)
                      ; - jdk.internal.loader.Resource::cachedInputStream@9 (line 76)
                      ; - jdk.internal.loader.Resource::getBytes@1 (line 88)
                      ; - jdk.internal.loader.URLClassPath$JarLoader$1::getBytes@1 (line 730)
  0x0000013841a755d8: 843a 4cff 

  0x0000013841a755dc: ;   {post_call_nop}
  0x0000013841a755dc: 0f1f 8400 | 5424 002a | ba45 ffff | ff4c 895c | 2420 6690 

  0x0000013841a755f0: ;   {runtime_call UncommonTrapBlob}
  0x0000013841a755f0: c5f8 77e8 

  0x0000013841a755f4: ; ImmutableOopMap {[32]=Oop [48]=Oop [108]=NarrowOop }
                      ;*if_icmpne {reexecute=1 rethrow=0 return_oop=0}
                      ; - (reexecute) jdk.internal.loader.Resource::getBytes@16 (line 92)
                      ; - jdk.internal.loader.URLClassPath$JarLoader$1::getBytes@1 (line 730)
  0x0000013841a755f4: 683a 4cff 

  0x0000013841a755f8: ;   {post_call_nop}
  0x0000013841a755f8: 0f1f 8400 | 7024 002b | ba45 ffff | ff48 8b6c | 2430 4489 | 4424 3490 

  0x0000013841a75610: ;   {runtime_call UncommonTrapBlob}
  0x0000013841a75610: c5f8 77e8 

  0x0000013841a75614: ; ImmutableOopMap {rbp=Oop [32]=Oop }
                      ;*ifgt {reexecute=1 rethrow=0 return_oop=0}
                      ; - (reexecute) java.util.zip.CRC32::updateBytesCheck@1 (line 146)
                      ; - java.util.zip.CRC32::updateBytes@3 (line 138)
                      ; - java.util.zip.CRC32::update@31 (line 78)
                      ; - java.util.zip.Checksum::update@5 (line 58)
                      ; - jdk.internal.loader.URLClassPath$JarLoader$1::getBytes@15 (line 732)
  0x0000013841a75614: 483a 4cff 

  0x0000013841a75618: ;   {post_call_nop}
  0x0000013841a75618: 0f1f 8400 | 9024 002c | 4d3b dabd | ffff ffff | 7c08 400f | 95c5 400f | b6ed ba45 | ffff ff48 
  0x0000013841a75638: 895c 2428 

  0x0000013841a7563c: ;   {runtime_call UncommonTrapBlob}
  0x0000013841a7563c: c5f8 77e8 

  0x0000013841a75640: ; ImmutableOopMap {[40]=Oop [48]=Oop }
                      ;*ifeq {reexecute=1 rethrow=0 return_oop=0}
                      ; - (reexecute) jdk.internal.loader.URLClassPath$JarLoader$1::getBytes@30 (line 733)
  0x0000013841a75640: 1c3a 4cff 

  0x0000013841a75644: ;   {post_call_nop}
  0x0000013841a75644: 0f1f 8400 | bc24 002d | baf6 ffff | ff4c 895c | 2420 6690 

  0x0000013841a75658: ;   {runtime_call UncommonTrapBlob}
  0x0000013841a75658: c5f8 77e8 

  0x0000013841a7565c: ; ImmutableOopMap {[32]=Oop [48]=Oop }
                      ;*invokevirtual close {reexecute=0 rethrow=0 return_oop=0}
                      ; - jdk.internal.loader.Resource::getBytes@144 (line 121)
                      ; - jdk.internal.loader.URLClassPath$JarLoader$1::getBytes@1 (line 730)
  0x0000013841a7565c: 003a 4cff 

  0x0000013841a75660: ;   {post_call_nop}
  0x0000013841a75660: 0f1f 8400 | d824 002e | ba45 ffff | ff48 8b6c | 2430 448b | 4424 7844 | 8944 2448 | 4489 5424 
  0x0000013841a75680: 4c44 8954 | 2450 6690 

  0x0000013841a75688: ;   {runtime_call UncommonTrapBlob}
  0x0000013841a75688: c5f8 77e8 

  0x0000013841a7568c: ; ImmutableOopMap {rbp=Oop [72]=NarrowOop [76]=NarrowOop [80]=NarrowOop [120]=NarrowOop }
                      ;*ifnonnull {reexecute=1 rethrow=0 return_oop=0}
                      ; - (reexecute) java.util.Objects::requireNonNull@1 (line 245)
                      ; - java.util.jar.JarFile::getInputStream@4 (line 830)
                      ; - jdk.internal.loader.URLClassPath$JarLoader$1::getInputStream@11 (line 716)
                      ; - jdk.internal.loader.Resource::cachedInputStream@9 (line 76)
                      ; - jdk.internal.loader.Resource::getBytes@1 (line 88)
                      ; - jdk.internal.loader.URLClassPath$JarLoader$1::getBytes@1 (line 730)
  0x0000013841a7568c: d039 4cff 

  0x0000013841a75690: ;   {post_call_nop}
  0x0000013841a75690: 0f1f 8400 | 0825 002f | ba45 ffff | ff48 8b6c | 2430 448b | 5c24 7844 | 895c 2444 | 4489 5424 
  0x0000013841a756b0: 4844 8944 | 244c 4489 | 6c24 5044 | 895c 2454 | 895c 245c 

  0x0000013841a756c4: ;   {runtime_call UncommonTrapBlob}
  0x0000013841a756c4: c5f8 77e8 

  0x0000013841a756c8: ; ImmutableOopMap {rbp=Oop [68]=NarrowOop [72]=NarrowOop [76]=NarrowOop [80]=NarrowOop [84]=NarrowOop }
                      ;*ifeq {reexecute=1 rethrow=0 return_oop=0}
                      ; - (reexecute) java.util.zip.ZipFile::ensureOpen@4 (line 825)
                      ; - java.util.zip.ZipFile::getInputStream@31 (line 330)
                      ; - java.util.jar.JarFile::getInputStream@21 (line 834)
                      ; - jdk.internal.loader.URLClassPath$JarLoader$1::getInputStream@11 (line 716)
                      ; - jdk.internal.loader.Resource::cachedInputStream@9 (line 76)
                      ; - jdk.internal.loader.Resource::getBytes@1 (line 88)
                      ; - jdk.internal.loader.URLClassPath$JarLoader$1::getBytes@1 (line 730)
  0x0000013841a756c8: 9439 4cff 

  0x0000013841a756cc: ;   {post_call_nop}
  0x0000013841a756cc: 0f1f 8400 | 4425 0030 | ba45 ffff | ff48 8b6c | 2430 448b | 5c24 7844 | 895c 2444 | 4489 5424 
  0x0000013841a756ec: 4844 8944 | 244c 4489 | 6c24 5044 | 895c 2454 | 895c 245c 

  0x0000013841a75700: ;   {runtime_call UncommonTrapBlob}
  0x0000013841a75700: c5f8 77e8 

  0x0000013841a75704: ; ImmutableOopMap {rbp=Oop [68]=NarrowOop [72]=NarrowOop [76]=NarrowOop [80]=NarrowOop [84]=NarrowOop [92]=NarrowOop }
                      ;*ifnonnull {reexecute=1 rethrow=0 return_oop=0}
                      ; - (reexecute) java.util.zip.ZipFile::ensureOpen@25 (line 828)
                      ; - java.util.zip.ZipFile::getInputStream@31 (line 330)
                      ; - java.util.jar.JarFile::getInputStream@21 (line 834)
                      ; - jdk.internal.loader.URLClassPath$JarLoader$1::getInputStream@11 (line 716)
                      ; - jdk.internal.loader.Resource::cachedInputStream@9 (line 76)
                      ; - jdk.internal.loader.Resource::getBytes@1 (line 88)
                      ; - jdk.internal.loader.URLClassPath$JarLoader$1::getBytes@1 (line 730)
  0x0000013841a75704: 5839 4cff 

  0x0000013841a75708: ;   {post_call_nop}
  0x0000013841a75708: 0f1f 8400 | 8025 0031 | ba45 ffff | ff48 8b6c | 2430 448b | 4424 7844 | 8944 2444 | 4489 5c24 
  0x0000013841a75728: 4844 8944 | 244c 6690 

  0x0000013841a75730: ;   {runtime_call UncommonTrapBlob}
  0x0000013841a75730: c5f8 77e8 

  0x0000013841a75734: ; ImmutableOopMap {rbp=Oop [68]=NarrowOop [76]=NarrowOop }
                      ;*if_icmpne {reexecute=1 rethrow=0 return_oop=0}
                      ; - (reexecute) java.util.zip.ZipFile::getInputStream@90 (line 341)
                      ; - java.util.jar.JarFile::getInputStream@21 (line 834)
                      ; - jdk.internal.loader.URLClassPath$JarLoader$1::getInputStream@11 (line 716)
                      ; - jdk.internal.loader.Resource::cachedInputStream@9 (line 76)
                      ; - jdk.internal.loader.Resource::getBytes@1 (line 88)
                      ; - jdk.internal.loader.URLClassPath$JarLoader$1::getBytes@1 (line 730)
  0x0000013841a75734: 2839 4cff 

  0x0000013841a75738: ;   {post_call_nop}
  0x0000013841a75738: 0f1f 8400 | b025 0032 | 4c3b c9bd | ffff ffff | 7c08 400f | 95c5 400f | b6ed ba45 | ffff ff4c 
  0x0000013841a75758: 8b4c 2430 | 4c89 4c24 | 2844 8b4c | 2478 4489 | 4c24 4c44 | 8944 2454 | 4489 6c24 | 5844 894c 
  0x0000013841a75778: 245c 4c89 | 5424 7089 | 5c24 7844 | 895c 247c 

  0x0000013841a75788: ;   {runtime_call UncommonTrapBlob}
  0x0000013841a75788: c5f8 77e8 

  0x0000013841a7578c: ; ImmutableOopMap {[40]=Oop [48]=Oop [76]=NarrowOop [84]=NarrowOop [88]=NarrowOop [92]=NarrowOop [112]=Oop [120]=NarrowOop }
                      ;*ifeq {reexecute=1 rethrow=0 return_oop=0}
                      ; - (reexecute) java.util.zip.ZipFile$ZipFileInputStream::<init>@49 (line 855)
                      ; - java.util.zip.ZipFile::getInputStream@109 (line 344)
                      ; - java.util.jar.JarFile::getInputStream@21 (line 834)
                      ; - jdk.internal.loader.URLClassPath$JarLoader$1::getInputStream@11 (line 716)
                      ; - jdk.internal.loader.Resource::cachedInputStream@9 (line 76)
                      ; - jdk.internal.loader.Resource::getBytes@1 (line 88)
                      ; - jdk.internal.loader.URLClassPath$JarLoader$1::getBytes@1 (line 730)
  0x0000013841a7578c: d038 4cff 

  0x0000013841a75790: ;   {post_call_nop}
  0x0000013841a75790: 0f1f 8400 | 0826 0033 | 483b f9bd | ffff ffff | 7c08 400f | 95c5 400f | b6ed ba45 | ffff ff4c 
  0x0000013841a757b0: 8b4c 2430 | 4c89 4c24 | 2844 8b4c | 2478 4489 | 4c24 4c44 | 8944 2454 | 4489 6c24 | 5844 894c 
  0x0000013841a757d0: 245c 4c89 | 5424 7089 | 5c24 7844 | 895c 247c 

  0x0000013841a757e0: ;   {runtime_call UncommonTrapBlob}
  0x0000013841a757e0: c5f8 77e8 

  0x0000013841a757e4: ; ImmutableOopMap {[40]=Oop [48]=Oop [76]=NarrowOop [84]=NarrowOop [88]=NarrowOop [92]=NarrowOop [112]=Oop [120]=NarrowOop }
                      ;*ifeq {reexecute=1 rethrow=0 return_oop=0}
                      ; - (reexecute) java.util.zip.ZipFile$ZipFileInputStream::<init>@60 (line 855)
                      ; - java.util.zip.ZipFile::getInputStream@109 (line 344)
                      ; - java.util.jar.JarFile::getInputStream@21 (line 834)
                      ; - jdk.internal.loader.URLClassPath$JarLoader$1::getInputStream@11 (line 716)
                      ; - jdk.internal.loader.Resource::cachedInputStream@9 (line 76)
                      ; - jdk.internal.loader.Resource::getBytes@1 (line 88)
                      ; - jdk.internal.loader.URLClassPath$JarLoader$1::getBytes@1 (line 730)
  0x0000013841a757e4: 7838 4cff 

  0x0000013841a757e8: ;   {post_call_nop}
  0x0000013841a757e8: 0f1f 8400 | 6026 0034 | 483b c1bd | ffff ffff | 7c08 400f | 95c5 400f | b6ed ba45 | ffff ff4c 
  0x0000013841a75808: 8b4c 2430 | 4c89 4c24 | 2844 8b4c | 2478 4489 | 4c24 4c44 | 8944 2454 | 4489 6c24 | 5844 894c 
  0x0000013841a75828: 245c 4c89 | 5424 7089 | 5c24 7844 | 895c 247c 

  0x0000013841a75838: ;   {runtime_call UncommonTrapBlob}
  0x0000013841a75838: c5f8 77e8 

  0x0000013841a7583c: ; ImmutableOopMap {[40]=Oop [48]=Oop [76]=NarrowOop [84]=NarrowOop [88]=NarrowOop [92]=NarrowOop [112]=Oop [120]=NarrowOop }
                      ;*ifne {reexecute=1 rethrow=0 return_oop=0}
                      ; - (reexecute) java.util.zip.ZipFile$ZipFileInputStream::<init>@71 (line 855)
                      ; - java.util.zip.ZipFile::getInputStream@109 (line 344)
                      ; - java.util.jar.JarFile::getInputStream@21 (line 834)
                      ; - jdk.internal.loader.URLClassPath$JarLoader$1::getInputStream@11 (line 716)
                      ; - jdk.internal.loader.Resource::cachedInputStream@9 (line 76)
                      ; - jdk.internal.loader.Resource::getBytes@1 (line 88)
                      ; - jdk.internal.loader.URLClassPath$JarLoader$1::getBytes@1 (line 730)
  0x0000013841a7583c: 2038 4cff 

  0x0000013841a75840: ;   {post_call_nop}
  0x0000013841a75840: 0f1f 8400 | b826 0035 | 4533 db49 | 3beb bdff | ffff ff7c | 0840 0f95 | c540 0fb6 | edba 45ff 
  0x0000013841a75860: ffff 4c8b | 5c24 304c | 895c 2428 | 448b 4424 | 7845 8bd8 | 4489 5c24 | 4c4c 8954 | 2450 4489 
  0x0000013841a75880: 6c24 5844 | 895c 245c 

  0x0000013841a75888: ;   {runtime_call UncommonTrapBlob}
  0x0000013841a75888: c5f8 77e8 

  0x0000013841a7588c: ; ImmutableOopMap {[40]=Oop [48]=Oop [76]=NarrowOop [80]=Oop [88]=NarrowOop [92]=NarrowOop }
                      ;*ifgt {reexecute=1 rethrow=0 return_oop=0}
                      ; - (reexecute) java.util.zip.ZipFile::getInputStream@206 (line 355)
                      ; - java.util.jar.JarFile::getInputStream@21 (line 834)
                      ; - jdk.internal.loader.URLClassPath$JarLoader$1::getInputStream@11 (line 716)
                      ; - jdk.internal.loader.Resource::cachedInputStream@9 (line 76)
                      ; - jdk.internal.loader.Resource::getBytes@1 (line 88)
                      ; - jdk.internal.loader.URLClassPath$JarLoader$1::getBytes@1 (line 730)
  0x0000013841a7588c: d037 4cff 

  0x0000013841a75890: ;   {post_call_nop}
  0x0000013841a75890: 0f1f 8400 | 0827 0036 | 4c89 4424 | 484c 894c | 2440 8974 | 2420 4489 | 6c24 384c | 8974 2428 
  0x0000013841a758b0: 498b eb44 | 8b5c 246c | 4489 5c24 

  0x0000013841a758bc: ;   {metadata({type array byte})}
  0x0000013841a758bc: 2448 ba48 | 4718 0c00 | 0000 0044 | 8bc1 6690 

  0x0000013841a758cc: ;   {runtime_call C2 Runtime new_array_nozero}
  0x0000013841a758cc: c5f8 77e8 

  0x0000013841a758d0: ; ImmutableOopMap {rbp=Oop [64]=Derived_oop_rbp [36]=NarrowOop [40]=Oop [48]=Oop [108]=NarrowOop }
                      ;*invokevirtual clone {reexecute=1 rethrow=0 return_oop=1}
                      ; - (reexecute) java.util.Arrays::copyOf@7 (line 3535)
                      ; - jdk.internal.loader.Resource::getBytes@70 (line 102)
                      ; - jdk.internal.loader.URLClassPath$JarLoader$1::getBytes@1 (line 730)
  0x0000013841a758d0: 8c89 55ff 

  0x0000013841a758d4: ;   {post_call_nop}
  0x0000013841a758d4: 0f1f 8400 | 4c27 0037 | 4c8b 7424 | 2844 8b6c | 2438 8b74 | 2420 4c8b | 4c24 404c | 8b44 2448 
  0x0000013841a758f4: 488b d8e9 | b1ec ffff | baf6 ffff | ff48 8b6c | 2430 448b | 4c24 7844 | 894c 2444 | 4489 6c24 
  0x0000013841a75914: 4844 894c | 244c 4489 | 5c24 5044 | 8954 2454 

  0x0000013841a75924: ;   {runtime_call UncommonTrapBlob}
  0x0000013841a75924: c5f8 77e8 

  0x0000013841a75928: ; ImmutableOopMap {rbp=Oop [68]=NarrowOop [72]=NarrowOop [76]=NarrowOop [80]=NarrowOop [84]=NarrowOop }
                      ;*invokevirtual getEntryPos {reexecute=0 rethrow=0 return_oop=0}
                      ; - java.util.zip.ZipFile::getInputStream@67 (line 334)
                      ; - java.util.jar.JarFile::getInputStream@21 (line 834)
                      ; - jdk.internal.loader.URLClassPath$JarLoader$1::getInputStream@11 (line 716)
                      ; - jdk.internal.loader.Resource::cachedInputStream@9 (line 76)
                      ; - jdk.internal.loader.Resource::getBytes@1 (line 88)
                      ; - jdk.internal.loader.URLClassPath$JarLoader$1::getBytes@1 (line 730)
  0x0000013841a75928: 3437 4cff 

  0x0000013841a7592c: ;   {post_call_nop}
  0x0000013841a7592c: 0f1f 8400 | a427 0038 | ba45 ffff | ff48 8b6c | 2430 448b | 4c24 7845 | 8bd9 4489 | 5c24 4444 
  0x0000013841a7594c: 8954 2448 | 4489 4424 | 4c44 896c | 2450 4489 | 5c24 5489 | 7c24 5c89 | 5c24 6090 

  0x0000013841a75968: ;   {runtime_call UncommonTrapBlob}
  0x0000013841a75968: c5f8 77e8 

  0x0000013841a7596c: ; ImmutableOopMap {rbp=Oop [68]=NarrowOop [72]=NarrowOop [76]=NarrowOop [80]=NarrowOop [84]=NarrowOop }
                      ;*if_icmpne {reexecute=1 rethrow=0 return_oop=0}
                      ; - (reexecute) java.lang.String::equals@33 (line 1924)
                      ; - java.util.Objects::equals@11 (line 62)
                      ; - java.util.zip.ZipFile::getInputStream@42 (line 331)
                      ; - java.util.jar.JarFile::getInputStream@21 (line 834)
                      ; - jdk.internal.loader.URLClassPath$JarLoader$1::getInputStream@11 (line 716)
                      ; - jdk.internal.loader.Resource::cachedInputStream@9 (line 76)
                      ; - jdk.internal.loader.Resource::getBytes@1 (line 88)
                      ; - jdk.internal.loader.URLClassPath$JarLoader$1::getBytes@1 (line 730)
  0x0000013841a7596c: f036 4cff 

  0x0000013841a75970: ;   {post_call_nop}
  0x0000013841a75970: 0f1f 8400 | e827 0039 

  0x0000013841a75978: ;   {metadata('java/util/jar/JarVerifier$VerifierStream')}
  0x0000013841a75978: 48ba 1089 | 2e0e 0000 | 0000 4c8b | 5424 504c | 8954 2448 

  0x0000013841a7598c: ;   {runtime_call C2 Runtime new_instance}
  0x0000013841a7598c: c5f8 77e8 

  0x0000013841a75990: ; ImmutableOopMap {rbp=Oop [40]=Oop [48]=Oop [72]=Oop [112]=Oop [120]=NarrowOop [136]=Oop }
                      ;*new {reexecute=0 rethrow=0 return_oop=1}
                      ; - java.util.jar.JarFile::getInputStream@66 (line 852)
                      ; - jdk.internal.loader.URLClassPath$JarLoader$1::getInputStream@11 (line 716)
                      ; - jdk.internal.loader.Resource::cachedInputStream@9 (line 76)
                      ; - jdk.internal.loader.Resource::getBytes@1 (line 88)
                      ; - jdk.internal.loader.URLClassPath$JarLoader$1::getBytes@1 (line 730)
  0x0000013841a75990: 4c87 4cff 

  0x0000013841a75994: ;   {post_call_nop}
  0x0000013841a75994: 0f1f 8400 | 0c28 003a | e934 edff | ff44 894c | 2448 4c8b | 9424 8800 | 0000 4c89 | 5424 404c 
  0x0000013841a759b4: 8bd2 4c89 | 5424 384c | 8b54 2470 | 4c89 5424 | 288b 6c24 | 784c 8b54 | 2430 4c89 

  0x0000013841a759d0: ;   {metadata('sun/security/util/ManifestEntryVerifier')}
  0x0000013841a759d0: 5424 2048 | ba48 2d00 | 0d00 0000 | 0066 6690 

  0x0000013841a759e0: ;   {runtime_call C2 Runtime new_instance}
  0x0000013841a759e0: c5f8 77e8 

  0x0000013841a759e4: ; ImmutableOopMap {rbp=NarrowOop [32]=Oop [40]=Oop [48]=Oop [56]=Oop [64]=Oop [72]=NarrowOop [96]=Oop [128]=Oop [136]=Oop }
                      ;*new {reexecute=0 rethrow=0 return_oop=1}
                      ; - java.util.jar.JarVerifier$VerifierStream::<init>@22 (line 420)
                      ; - java.util.jar.JarFile::getInputStream@84 (line 855)
                      ; - jdk.internal.loader.URLClassPath$JarLoader$1::getInputStream@11 (line 716)
                      ; - jdk.internal.loader.Resource::cachedInputStream@9 (line 76)
                      ; - jdk.internal.loader.Resource::getBytes@1 (line 88)
                      ; - jdk.internal.loader.URLClassPath$JarLoader$1::getBytes@1 (line 730)
  0x0000013841a759e4: f886 4cff 

  0x0000013841a759e8: ;   {post_call_nop}
  0x0000013841a759e8: 0f1f 8400 | 6028 003b | 896c 2478 | 4c8b 5424 | 284c 8954 | 2470 448b | 4c24 48e9 | 23ee ffff 
  0x0000013841a75a08: 4c89 5c24 | 5044 894c | 243c 4c8b | 9424 8800 | 0000 4c89 | 5424 484c | 8b94 2480 | 0000 004c 
  0x0000013841a75a28: 8954 2440 | 4c8b 5424 | 704c 8954 | 2428 448b | 5c24 7844 | 895c 2438 | 4c8b 5424 | 304c 8954 
  0x0000013841a75a48: ;   {metadata('java/util/ArrayList')}
  0x0000013841a75a48: 2420 48ba | a0d8 210c | 0000 0000 

  0x0000013841a75a54: ;   {runtime_call C2 Runtime new_instance}
  0x0000013841a75a54: c5f8 77e8 

  0x0000013841a75a58: ; ImmutableOopMap {rbp=NarrowOop [32]=Oop [40]=Oop [48]=Oop [56]=NarrowOop [60]=NarrowOop [64]=Oop [72]=Oop [80]=Oop [96]=Oop [128]=Oop }
                      ;*new {reexecute=0 rethrow=0 return_oop=1}
                      ; - sun.security.util.ManifestEntryVerifier::<init>@33 (line 80)
                      ; - java.util.jar.JarVerifier$VerifierStream::<init>@32 (line 420)
                      ; - java.util.jar.JarFile::getInputStream@84 (line 855)
                      ; - jdk.internal.loader.URLClassPath$JarLoader$1::getInputStream@11 (line 716)
                      ; - jdk.internal.loader.Resource::cachedInputStream@9 (line 76)
                      ; - jdk.internal.loader.Resource::getBytes@1 (line 88)
                      ; - jdk.internal.loader.URLClassPath$JarLoader$1::getBytes@1 (line 730)
  0x0000013841a75a58: 8486 4cff 

  0x0000013841a75a5c: ;   {post_call_nop}
  0x0000013841a75a5c: 0f1f 8400 | d428 003c | 448b 5c24 | 3844 895c | 2478 4c8b | 5c24 284c | 895c 2470 | 4c8b 5c24 
  0x0000013841a75a7c: 484c 899c | 2488 0000 | 0044 8b4c | 243c 4c8b | 5c24 5048 | 8bf8 e978 | eeff ff4c | 895c 2450 
  0x0000013841a75a9c: 4489 4c24 | 3c4c 8b94 | 2488 0000 | 004c 8954 | 2448 4c8b | 9424 8000 | 0000 4c89 | 5424 404c 
  0x0000013841a75abc: 8b54 2470 | 4c89 5424 | 2844 8b54 | 2478 4489 | 5424 384c | 8b54 2430 | 4c89 5424 

  0x0000013841a75ad8: ;   {metadata('java/util/ArrayList')}
  0x0000013841a75ad8: 2048 baa0 | d821 0c00 | 0000 0090 

  0x0000013841a75ae4: ;   {runtime_call C2 Runtime new_instance}
  0x0000013841a75ae4: c5f8 77e8 

  0x0000013841a75ae8: ; ImmutableOopMap {rbp=NarrowOop [32]=Oop [40]=Oop [56]=NarrowOop [60]=NarrowOop [64]=Oop [72]=Oop [80]=Oop [96]=Oop }
                      ;*new {reexecute=0 rethrow=0 return_oop=1}
                      ; - sun.security.util.ManifestEntryVerifier::<init>@44 (line 81)
                      ; - java.util.jar.JarVerifier$VerifierStream::<init>@32 (line 420)
                      ; - java.util.jar.JarFile::getInputStream@84 (line 855)
                      ; - jdk.internal.loader.URLClassPath$JarLoader$1::getInputStream@11 (line 716)
                      ; - jdk.internal.loader.Resource::cachedInputStream@9 (line 76)
                      ; - jdk.internal.loader.Resource::getBytes@1 (line 88)
                      ; - jdk.internal.loader.URLClassPath$JarLoader$1::getBytes@1 (line 730)
  0x0000013841a75ae8: f485 4cff 

  0x0000013841a75aec: ;   {post_call_nop}
  0x0000013841a75aec: 0f1f 8400 | 6429 003d | e9dd eeff | ff4c 895c | 2450 4489 | 4c24 3c4c | 8b94 2488 | 0000 004c 
  0x0000013841a75b0c: 8954 2448 | 4c8b 9424 | 8000 0000 | 4c89 5424 | 404c 8b54 | 2470 4c89 | 5424 2844 | 8b5c 2478 
  0x0000013841a75b2c: 4489 5c24 | 384c 8b54 | 2430 4c89 

  0x0000013841a75b38: ;   {metadata('java/util/HashMap')}
  0x0000013841a75b38: 5424 2048 | ba58 0820 | 0c00 0000 | 0066 6690 

  0x0000013841a75b48: ;   {runtime_call C2 Runtime new_instance}
  0x0000013841a75b48: c5f8 77e8 

  0x0000013841a75b4c: ; ImmutableOopMap {rbp=NarrowOop [32]=Oop [40]=Oop [48]=Oop [56]=NarrowOop [60]=NarrowOop [64]=Oop [72]=Oop [80]=Oop [96]=Oop [128]=Oop }
                      ;*new {reexecute=0 rethrow=0 return_oop=1}
                      ; - sun.security.util.ManifestEntryVerifier::<init>@20 (line 79)
                      ; - java.util.jar.JarVerifier$VerifierStream::<init>@32 (line 420)
                      ; - java.util.jar.JarFile::getInputStream@84 (line 855)
                      ; - jdk.internal.loader.URLClassPath$JarLoader$1::getInputStream@11 (line 716)
                      ; - jdk.internal.loader.Resource::cachedInputStream@9 (line 76)
                      ; - jdk.internal.loader.Resource::getBytes@1 (line 88)
                      ; - jdk.internal.loader.URLClassPath$JarLoader$1::getBytes@1 (line 730)
  0x0000013841a75b4c: 9085 4cff 

  0x0000013841a75b50: ;   {post_call_nop}
  0x0000013841a75b50: 0f1f 8400 | c829 003e | 448b 5c24 | 3844 895c | 2478 4c8b | 5c24 284c | 895c 2470 | 4c8b 5c24 
  0x0000013841a75b70: 484c 899c | 2488 0000 | 0044 8b4c | 243c 4c8b | 5c24 5048 | 8bd0 e9f0 | ecff ffba | f6ff ffff 
  0x0000013841a75b90: 488b 6c24 | 3044 8b54 | 2478 4489 | 5424 4444 | 8954 2458 | 4889 4c24 | 604c 8974 | 2470 4489 
  0x0000013841a75bb0: 4424 5c4c | 894c 2478 | 4c89 8c24 | 8000 0000 | 4489 9c24 | 8800 0000 

  0x0000013841a75bc8: ;   {runtime_call UncommonTrapBlob}
  0x0000013841a75bc8: c5f8 77e8 

  0x0000013841a75bcc: ; ImmutableOopMap {rbp=Oop [68]=NarrowOop [88]=NarrowOop [96]=Oop [112]=Oop [120]=Oop [128]=Oop [136]=NarrowOop }
                      ;*monitorenter {reexecute=0 rethrow=0 return_oop=0}
                      ; - java.lang.ref.ReferenceQueue::poll@18 (line 164)
                      ; - java.util.WeakHashMap::expungeStaleEntries@4 (line 330)
                      ; - java.util.WeakHashMap::getTable@1 (line 362)
                      ; - java.util.WeakHashMap::put@13 (line 463)
                      ; - java.util.Collections$SetFromMap::add@8 (line 6045)
                      ; - java.util.zip.ZipFile::getInputStream@242 (line 360)
                      ; - java.util.jar.JarFile::getInputStream@21 (line 834)
                      ; - jdk.internal.loader.URLClassPath$JarLoader$1::getInputStream@11 (line 716)
                      ; - jdk.internal.loader.Resource::cachedInputStream@9 (line 76)
                      ; - jdk.internal.loader.Resource::getBytes@1 (line 88)
                      ; - jdk.internal.loader.URLClassPath$JarLoader$1::getBytes@1 (line 730)
  0x0000013841a75bcc: 9034 4cff 

  0x0000013841a75bd0: ;   {post_call_nop}
  0x0000013841a75bd0: 0f1f 8400 | 482a 003f | bacf ffff | ff48 8b6c | 2430 448b | 5424 7844 | 8954 2444 | 4489 5424 
  0x0000013841a75bf0: 5848 894c | 2460 4c89 | 7424 7044 | 8944 245c | 4c89 4c24 | 784c 898c | 2480 0000 | 0044 899c 
  0x0000013841a75c10: 2488 0000 | 0066 6690 

  0x0000013841a75c18: ;   {runtime_call UncommonTrapBlob}
  0x0000013841a75c18: c5f8 77e8 

  0x0000013841a75c1c: ; ImmutableOopMap {rbp=Oop [68]=NarrowOop [88]=NarrowOop [96]=Oop [112]=Oop [120]=Oop [128]=Oop [136]=NarrowOop }
                      ;*invokestatic pin {reexecute=0 rethrow=0 return_oop=0}
                      ; - jdk.internal.vm.ContinuationSupport::pinIfSupported@6 (line 58)
                      ; - java.lang.ref.ReferenceQueue::poll@9 (line 162)
                      ; - java.util.WeakHashMap::expungeStaleEntries@4 (line 330)
                      ; - java.util.WeakHashMap::getTable@1 (line 362)
                      ; - java.util.WeakHashMap::put@13 (line 463)
                      ; - java.util.Collections$SetFromMap::add@8 (line 6045)
                      ; - java.util.zip.ZipFile::getInputStream@242 (line 360)
                      ; - java.util.jar.JarFile::getInputStream@21 (line 834)
                      ; - jdk.internal.loader.URLClassPath$JarLoader$1::getInputStream@11 (line 716)
                      ; - jdk.internal.loader.Resource::cachedInputStream@9 (line 76)
                      ; - jdk.internal.loader.Resource::getBytes@1 (line 88)
                      ; - jdk.internal.loader.URLClassPath$JarLoader$1::getBytes@1 (line 730)
  0x0000013841a75c1c: 4034 4cff 

  0x0000013841a75c20: ;   {post_call_nop}
  0x0000013841a75c20: 0f1f 8400 | 982a 0040 | bacf ffff | ff48 8b6c | 2430 448b | 5424 7845 | 8bda 4489 | 5c24 444c 
  0x0000013841a75c40: 8b94 2480 | 0000 004c | 8954 2448 | 4c8b 5424 | 684c 8954 | 2450 4489 | 5c24 584c | 8b94 2488 
  0x0000013841a75c60: 0000 004c | 8954 2468 | 4889 9c24 | 8800 0000 

  0x0000013841a75c70: ;   {runtime_call UncommonTrapBlob}
  0x0000013841a75c70: c5f8 77e8 

  0x0000013841a75c74: ; ImmutableOopMap {rbp=Oop [68]=NarrowOop [72]=Oop [80]=Oop [88]=NarrowOop [104]=Oop [136]=Oop }
                      ;*invokestatic unpin {reexecute=0 rethrow=0 return_oop=0}
                      ; - jdk.internal.vm.ContinuationSupport::unpinIfSupported@6 (line 67)
                      ; - java.lang.ref.ReferenceQueue::poll@26 (line 168)
                      ; - java.util.WeakHashMap::expungeStaleEntries@4 (line 330)
                      ; - java.util.WeakHashMap::getTable@1 (line 362)
                      ; - java.util.WeakHashMap::put@13 (line 463)
                      ; - java.util.Collections$SetFromMap::add@8 (line 6045)
                      ; - java.util.zip.ZipFile::getInputStream@242 (line 360)
                      ; - java.util.jar.JarFile::getInputStream@21 (line 834)
                      ; - jdk.internal.loader.URLClassPath$JarLoader$1::getInputStream@11 (line 716)
                      ; - jdk.internal.loader.Resource::cachedInputStream@9 (line 76)
                      ; - jdk.internal.loader.Resource::getBytes@1 (line 88)
                      ; - jdk.internal.loader.URLClassPath$JarLoader$1::getBytes@1 (line 730)
  0x0000013841a75c74: e833 4cff 

  0x0000013841a75c78: ;   {post_call_nop}
  0x0000013841a75c78: 0f1f 8400 | f02a 0041 | 4c89 5c24 | 5848 897c | 2450 4489 | 4424 484c | 894c 2440 | 4889 4c24 
  0x0000013841a75c98: 284c 8974 | 2420 488b | d74c 8d84 | 24e0 0000 | 0066 6690 

  0x0000013841a75cac: ;   {runtime_call C2 Runtime complete_monitor_locking}
  0x0000013841a75cac: c5f8 77e8 

  0x0000013841a75cb0: ; ImmutableOopMap {rbp=NarrowOop [32]=Oop [40]=Oop [48]=Oop [56]=Oop [64]=Oop [80]=Oop [88]=Oop [120]=NarrowOop }
                      ;*monitorenter {reexecute=0 rethrow=0 return_oop=0}
                      ; - java.lang.ref.ReferenceQueue::poll@18 (line 164)
                      ; - java.util.WeakHashMap::expungeStaleEntries@4 (line 330)
                      ; - java.util.WeakHashMap::getTable@1 (line 362)
                      ; - java.util.WeakHashMap::put@13 (line 463)
                      ; - java.util.Collections$SetFromMap::add@8 (line 6045)
                      ; - java.util.zip.ZipFile::getInputStream@242 (line 360)
                      ; - java.util.jar.JarFile::getInputStream@21 (line 834)
                      ; - jdk.internal.loader.URLClassPath$JarLoader$1::getInputStream@11 (line 716)
                      ; - jdk.internal.loader.Resource::cachedInputStream@9 (line 76)
                      ; - jdk.internal.loader.Resource::getBytes@1 (line 88)
                      ; - jdk.internal.loader.URLClassPath$JarLoader$1::getBytes@1 (line 730)
  0x0000013841a75cb0: 2c1b 56ff 

  0x0000013841a75cb4: ;   {post_call_nop}
  0x0000013841a75cb4: 0f1f 8400 | 2c2b 0042 | 4c8b 7424 | 2048 8b4c | 2428 4c8b | 4c24 4044 | 8b44 2448 | 488b 7c24 
  0x0000013841a75cd4: 504c 8b5c | 2458 e95d | e3ff ff49 | 8bcb 488d | 9424 e000 | 0000 4d8b | c7c5 f877 

  0x0000013841a75cf0: ;   {runtime_call}
  0x0000013841a75cf0: 49ba d0de | 7726 ff7f | 0000 41ff 

  0x0000013841a75cfc: ;   {post_call_nop}
  0x0000013841a75cfc: d20f 1f84 | 0000 0000 | 00e9 0ae4 | ffff 4883 | c1fe 498b | fb48 33c0 | 4883 f908 | 7f10 48ff 
  0x0000013841a75d1c: c978 4f48 | 8904 cf48 | ffc9 7df7 | eb44 c5fd | efc0 e90d | 0000 00c5 | fe7f 07c5 | fe7f 4720 
  0x0000013841a75d3c: 4883 c740 | 4883 e908 | 7ded 4883 | c104 7c0c | c5fe 7f07 | 4883 c720 | 4883 e904 | 4883 c104 
  0x0000013841a75d5c: 7e10 48ff | c9c5 f9d6 | 0748 83c7 | 0848 ffc9 | 7df3 e972 | e5ff ff41 | 8bee e9f3 | f3ff ff41 
  0x0000013841a75d7c: 8bee e9f9 | f3ff ffba | 45ff ffff | 488b 6c24 | 3044 8b54 | 2478 4489 | 5424 4444 | 8954 2458 
  0x0000013841a75d9c: 4889 4c24 | 604c 894c | 2468 4c89 | 7424 7089 | 5c24 7844 | 895c 247c | 4c89 ac24 | 8000 0000 
  0x0000013841a75dbc: 4489 8424 | 8800 0000 | 8984 248c | 0000 0090 

  0x0000013841a75dcc: ;   {runtime_call UncommonTrapBlob}
  0x0000013841a75dcc: c5f8 77e8 

  0x0000013841a75dd0: ; ImmutableOopMap {rbp=Oop [68]=NarrowOop [88]=NarrowOop [96]=Oop [104]=Oop [112]=Oop [120]=NarrowOop [128]=Oop }
                      ;*if_icmpne {reexecute=1 rethrow=0 return_oop=0}
                      ; - (reexecute) java.util.WeakHashMap::put@47 (line 467)
                      ; - java.util.Collections$SetFromMap::add@8 (line 6045)
                      ; - java.util.zip.ZipFile::getInputStream@242 (line 360)
                      ; - java.util.jar.JarFile::getInputStream@21 (line 834)
                      ; - jdk.internal.loader.URLClassPath$JarLoader$1::getInputStream@11 (line 716)
                      ; - jdk.internal.loader.Resource::cachedInputStream@9 (line 76)
                      ; - jdk.internal.loader.Resource::getBytes@1 (line 88)
                      ; - jdk.internal.loader.URLClassPath$JarLoader$1::getBytes@1 (line 730)
  0x0000013841a75dd0: 8c32 4cff 

  0x0000013841a75dd4: ;   {post_call_nop}
  0x0000013841a75dd4: 0f1f 8400 | 4c2c 0043 | ba45 ffff | ff48 8b6c | 2430 448b | 5c24 7844 | 895c 2444 | 4c8b 9424 
  0x0000013841a75df4: 8000 0000 | 4c89 5424 | 484c 8b54 | 2468 4c89 | 5424 5044 | 895c 2458 | 4c8b 9424 | 8800 0000 
  0x0000013841a75e14: 4c89 5424 | 6844 8b9c | 2490 0000 | 0044 895c | 245c 4c89 | 8424 9000 | 0000 6690 

  0x0000013841a75e30: ;   {runtime_call UncommonTrapBlob}
  0x0000013841a75e30: c5f8 77e8 

  0x0000013841a75e34: ; ImmutableOopMap {rbp=Oop [68]=NarrowOop [72]=Oop [80]=Oop [88]=NarrowOop [104]=Oop [144]=Oop }
                      ;*ifnull {reexecute=1 rethrow=0 return_oop=0}
                      ; - (reexecute) java.util.WeakHashMap::expungeStaleEntries@9 (line 330)
                      ; - java.util.WeakHashMap::getTable@1 (line 362)
                      ; - java.util.WeakHashMap::put@13 (line 463)
                      ; - java.util.Collections$SetFromMap::add@8 (line 6045)
                      ; - java.util.zip.ZipFile::getInputStream@242 (line 360)
                      ; - java.util.jar.JarFile::getInputStream@21 (line 834)
                      ; - jdk.internal.loader.URLClassPath$JarLoader$1::getInputStream@11 (line 716)
                      ; - jdk.internal.loader.Resource::cachedInputStream@9 (line 76)
                      ; - jdk.internal.loader.Resource::getBytes@1 (line 88)
                      ; - jdk.internal.loader.URLClassPath$JarLoader$1::getBytes@1 (line 730)
  0x0000013841a75e34: 2832 4cff 

  0x0000013841a75e38: ;   {post_call_nop}
  0x0000013841a75e38: 0f1f 8400 | b02c 0044 | 8944 242c | 448b 5424 | 2044 8954 | 2428 488b | 6c24 38e9 | 55f3 ffff 
  0x0000013841a75e58: 8974 2424 | 4489 7424 | 2049 8beb | e96f f3ff | ffba c600 | 0000 488b | 6c24 3044 | 8b54 2478 
  0x0000013841a75e78: 458b da44 | 895c 2444 | 4489 5c24 | 4866 6690 

  0x0000013841a75e88: ;   {runtime_call UncommonTrapBlob}
  0x0000013841a75e88: c5f8 77e8 

  0x0000013841a75e8c: ; ImmutableOopMap {rbp=Oop [68]=NarrowOop [72]=NarrowOop }
                      ;*new {reexecute=0 rethrow=0 return_oop=0}
                      ; - java.util.zip.ZipFile::getInputStream@268 (line 364)
                      ; - java.util.jar.JarFile::getInputStream@21 (line 834)
                      ; - jdk.internal.loader.URLClassPath$JarLoader$1::getInputStream@11 (line 716)
                      ; - jdk.internal.loader.Resource::cachedInputStream@9 (line 76)
                      ; - jdk.internal.loader.Resource::getBytes@1 (line 88)
                      ; - jdk.internal.loader.URLClassPath$JarLoader$1::getBytes@1 (line 730)
  0x0000013841a75e8c: d031 4cff 

  0x0000013841a75e90: ;   {post_call_nop}
  0x0000013841a75e90: 0f1f 8400 | 082d 0045 | bade ffff | ff48 8b6c | 2430 4489 | 6c24 544c | 8954 2458 | 4489 6c24 
  0x0000013841a75eb0: 6466 6690 

  0x0000013841a75eb4: ;   {runtime_call UncommonTrapBlob}
  0x0000013841a75eb4: c5f8 77e8 

  0x0000013841a75eb8: ; ImmutableOopMap {rbp=Oop [84]=NarrowOop [88]=Oop [100]=NarrowOop [120]=NarrowOop }
                      ;*invokeinterface add {reexecute=0 rethrow=0 return_oop=0}
                      ; - java.util.zip.ZipFile::getInputStream@157 (line 348)
                      ; - java.util.jar.JarFile::getInputStream@21 (line 834)
                      ; - jdk.internal.loader.URLClassPath$JarLoader$1::getInputStream@11 (line 716)
                      ; - jdk.internal.loader.Resource::cachedInputStream@9 (line 76)
                      ; - jdk.internal.loader.Resource::getBytes@1 (line 88)
                      ; - jdk.internal.loader.URLClassPath$JarLoader$1::getBytes@1 (line 730)
  0x0000013841a75eb8: a431 4cff 

  0x0000013841a75ebc: ;   {post_call_nop}
  0x0000013841a75ebc: 0f1f 8400 | 342d 0046 | 4c89 4424 | 484c 8954 | 2440 4489 | 6c24 2c44 | 8b54 2478 | 4489 5424 
  0x0000013841a75edc: 284c 8b54 | 2430 4c89 | 5424 2049 | 8bd0 4c8d | 8424 d800 | 0000 6690 

  0x0000013841a75ef4: ;   {runtime_call C2 Runtime complete_monitor_locking}
  0x0000013841a75ef4: c5f8 77e8 

  0x0000013841a75ef8: ; ImmutableOopMap {[32]=Oop [40]=NarrowOop [44]=NarrowOop [48]=Oop [56]=Oop [64]=Oop [72]=Oop }
                      ;*monitorenter {reexecute=0 rethrow=0 return_oop=0}
                      ; - java.util.zip.ZipFile::getInputStream@153 (line 347)
                      ; - java.util.jar.JarFile::getInputStream@21 (line 834)
                      ; - jdk.internal.loader.URLClassPath$JarLoader$1::getInputStream@11 (line 716)
                      ; - jdk.internal.loader.Resource::cachedInputStream@9 (line 76)
                      ; - jdk.internal.loader.Resource::getBytes@1 (line 88)
                      ; - jdk.internal.loader.URLClassPath$JarLoader$1::getBytes@1 (line 730)
  0x0000013841a75ef8: e418 56ff 

  0x0000013841a75efc: ;   {post_call_nop}
  0x0000013841a75efc: 0f1f 8400 | 742d 0047 | 448b 5c24 | 2844 895c | 2478 448b | 6c24 2c4c | 8b54 2440 | 4c8b 4424 
  0x0000013841a75f1c: 48e9 4fe5 | ffff 498b | cb48 8d94 | 24d8 0000 | 004d 8bc7 

  0x0000013841a75f30: ;   {runtime_call}
  0x0000013841a75f30: c5f8 7749 | bad0 de77 | 26ff 7f00 | 0041 ffd2 

  0x0000013841a75f40: ;   {post_call_nop}
  0x0000013841a75f40: 0f1f 8400 | 0000 0000 | e9f8 e5ff | ff4c 8944 | 2448 4c89 | 4c24 4044 | 8974 2438 | 8974 2420 
  0x0000013841a75f60: 4889 5c24 | 2849 8beb | 448b 5c24 | 6c44 895c 

  0x0000013841a75f70: ;   {metadata({type array byte})}
  0x0000013841a75f70: 2424 48ba | 4847 180c | 0000 0000 | 448b c190 

  0x0000013841a75f80: ;   {runtime_call C2 Runtime new_array_nozero}
  0x0000013841a75f80: c5f8 77e8 

  0x0000013841a75f84: ; ImmutableOopMap {rbp=Oop [64]=Derived_oop_rbp [36]=NarrowOop [40]=Oop [48]=Oop [108]=NarrowOop }
                      ;*invokevirtual clone {reexecute=1 rethrow=0 return_oop=1}
                      ; - (reexecute) java.util.Arrays::copyOf@7 (line 3535)
                      ; - jdk.internal.loader.Resource::getBytes@70 (line 102)
                      ; - jdk.internal.loader.URLClassPath$JarLoader$1::getBytes@1 (line 730)
  0x0000013841a75f84: d882 55ff 

  0x0000013841a75f88: ;   {post_call_nop}
  0x0000013841a75f88: 0f1f 8400 | 002e 0048 | 488b 5c24 | 288b 7424 | 2044 8b74 | 2438 4c8b | 4c24 404c | 8b44 2448 
  0x0000013841a75fa8: 488b f8e9 | 59f0 ffff | 488b 4c24 | 2848 8d94 | 24c8 0000 | 004d 8bc7 

  0x0000013841a75fc0: ;   {runtime_call}
  0x0000013841a75fc0: c5f8 7749 | bad0 de77 | 26ff 7f00 | 0041 ffd2 

  0x0000013841a75fd0: ;   {post_call_nop}
  0x0000013841a75fd0: 0f1f 8400 | 0000 0000 | e910 ecff | ffba 5eff | ffff 488b | 6c24 2090 

  0x0000013841a75fe8: ;   {runtime_call UncommonTrapBlob}
  0x0000013841a75fe8: c5f8 77e8 

  0x0000013841a75fec: ; ImmutableOopMap {rbp=Oop [64]=NarrowOop [68]=NarrowOop }
                      ;*invokevirtual getManifest {reexecute=0 rethrow=0 return_oop=0}
                      ; - java.util.jar.JarFile::maybeInstantiateVerifier@31 (line 702)
                      ; - java.util.jar.JarFile::getInputStream@9 (line 832)
                      ; - jdk.internal.loader.URLClassPath$JarLoader$1::getInputStream@11 (line 716)
                      ; - jdk.internal.loader.Resource::cachedInputStream@9 (line 76)
                      ; - jdk.internal.loader.Resource::getBytes@1 (line 88)
                      ; - jdk.internal.loader.URLClassPath$JarLoader$1::getBytes@1 (line 730)
  0x0000013841a75fec: 7030 4cff 

  0x0000013841a75ff0: ;   {post_call_nop}
  0x0000013841a75ff0: 0f1f 8400 | 682e 0049 | ba45 ffff | ff4c 8b5c | 2450 4c89 | 5c24 4044 | 8b5c 2478 | 4489 5c24 
  0x0000013841a76010: 4844 894c | 244c 4889 | 4424 7890 

  0x0000013841a7601c: ;   {runtime_call UncommonTrapBlob}
  0x0000013841a7601c: c5f8 77e8 

  0x0000013841a76020: ; ImmutableOopMap {rbp=Oop [64]=Oop [72]=NarrowOop [76]=NarrowOop [96]=Oop [120]=Oop [136]=Oop }
                      ;*ifnonnull {reexecute=1 rethrow=0 return_oop=0}
                      ; - (reexecute) java.util.Objects::requireNonNull@1 (line 219)
                      ; - java.util.jar.JarVerifier$VerifierStream::<init>@6 (line 418)
                      ; - java.util.jar.JarFile::getInputStream@84 (line 855)
                      ; - jdk.internal.loader.URLClassPath$JarLoader$1::getInputStream@11 (line 716)
                      ; - jdk.internal.loader.Resource::cachedInputStream@9 (line 76)
                      ; - jdk.internal.loader.Resource::getBytes@1 (line 88)
                      ; - jdk.internal.loader.URLClassPath$JarLoader$1::getBytes@1 (line 730)
  0x0000013841a76020: 3c30 4cff 

  0x0000013841a76024: ;   {post_call_nop}
  0x0000013841a76024: 0f1f 8400 | 9c2e 004a | 498b cb48 | 8d94 24c8 | 0000 004d | 8bc7 c5f8 

  0x0000013841a7603c: ;   {runtime_call}
  0x0000013841a7603c: 7749 bad0 | de77 26ff | 7f00 0041 

  0x0000013841a76048: ;   {post_call_nop}
  0x0000013841a76048: ffd2 0f1f | 8400 0000 | 0000 e96b | eeff ffba | f6ff ffff 

  0x0000013841a7605c: ;   {runtime_call UncommonTrapBlob}
  0x0000013841a7605c: c5f8 77e8 

  0x0000013841a76060: ; ImmutableOopMap {rbp=NarrowOop [32]=Oop [56]=NarrowOop }
                      ;*invokevirtual update {reexecute=0 rethrow=0 return_oop=0}
                      ; - java.util.jar.JarVerifier$VerifierStream::<init>@76 (line 424)
                      ; - java.util.jar.JarFile::getInputStream@84 (line 855)
                      ; - jdk.internal.loader.URLClassPath$JarLoader$1::getInputStream@11 (line 716)
                      ; - jdk.internal.loader.Resource::cachedInputStream@9 (line 76)
                      ; - jdk.internal.loader.Resource::getBytes@1 (line 88)
                      ; - jdk.internal.loader.URLClassPath$JarLoader$1::getBytes@1 (line 730)
  0x0000013841a76060: fc2f 4cff 

  0x0000013841a76064: ;   {post_call_nop}
  0x0000013841a76064: 0f1f 8400 | dc2e 004b | 498b cb48 | 8d94 24c8 | 0000 004d | 8bc7 c5f8 

  0x0000013841a7607c: ;   {runtime_call}
  0x0000013841a7607c: 7749 bad0 | de77 26ff | 7f00 0041 

  0x0000013841a76088: ;   {post_call_nop}
  0x0000013841a76088: ffd2 0f1f | 8400 0000 | 0000 e961 | f0ff ffba | f6ff ffff 

  0x0000013841a7609c: ;   {runtime_call UncommonTrapBlob}
  0x0000013841a7609c: c5f8 77e8 

  0x0000013841a760a0: ; ImmutableOopMap {[48]=Oop [108]=NarrowOop }
                      ;*invokevirtual getSize {reexecute=0 rethrow=0 return_oop=0}
                      ; - jdk.internal.loader.URLClassPath$JarLoader$1::getContentLength@4 (line 718)
                      ; - jdk.internal.loader.Resource::getBytes@6 (line 90)
                      ; - jdk.internal.loader.URLClassPath$JarLoader$1::getBytes@1 (line 730)
  0x0000013841a760a0: bc2f 4cff 

  0x0000013841a760a4: ;   {post_call_nop}
  0x0000013841a760a4: 0f1f 8400 | 1c2f 004c | baf6 ffff | ff66 6690 

  0x0000013841a760b4: ;   {runtime_call UncommonTrapBlob}
  0x0000013841a760b4: c5f8 77e8 

  0x0000013841a760b8: ; ImmutableOopMap {}
                      ;*invokevirtual getCrc {reexecute=0 rethrow=0 return_oop=0}
                      ; - jdk.internal.loader.URLClassPath$JarLoader$1::getBytes@26 (line 733)
  0x0000013841a760b8: a42f 4cff 

  0x0000013841a760bc: ;   {post_call_nop}
  0x0000013841a760bc: 0f1f 8400 | 342f 004d | ba6e ffff | ff48 8b6c | 2430 4c89 | 5c24 2044 | 8944 2430 

  0x0000013841a760d8: ;   {runtime_call UncommonTrapBlob}
  0x0000013841a760d8: c5f8 77e8 

  0x0000013841a760dc: ; ImmutableOopMap {rbp=Oop [32]=Oop [108]=NarrowOop }
                      ;*if_icmpge {reexecute=1 rethrow=0 return_oop=0}
                      ; - (reexecute) jdk.internal.loader.Resource::getBytes@28 (line 94)
                      ; - jdk.internal.loader.URLClassPath$JarLoader$1::getBytes@1 (line 730)
  0x0000013841a760dc: 802f 4cff 

  0x0000013841a760e0: ;   {post_call_nop}
  0x0000013841a760e0: 0f1f 8400 | 582f 004e | baf6 ffff | ff48 8b6c | 2430 6690 

  0x0000013841a760f4: ;   {runtime_call UncommonTrapBlob}
  0x0000013841a760f4: c5f8 77e8 

  0x0000013841a760f8: ; ImmutableOopMap {rbp=Oop }
                      ;*getfield jar {reexecute=1 rethrow=0 return_oop=0}
                      ; - (reexecute) jdk.internal.loader.URLClassPath$JarLoader$1::getInputStream@4 (line 716)
                      ; - jdk.internal.loader.Resource::cachedInputStream@9 (line 76)
                      ; - jdk.internal.loader.Resource::getBytes@1 (line 88)
                      ; - jdk.internal.loader.URLClassPath$JarLoader$1::getBytes@1 (line 730)
  0x0000013841a760f8: 642f 4cff 

  0x0000013841a760fc: ;   {post_call_nop}
  0x0000013841a760fc: 0f1f 8400 | 742f 004f | baf6 ffff | ff48 8b6c | 2430 4489 | 5424 3090 

  0x0000013841a76114: ;   {runtime_call UncommonTrapBlob}
  0x0000013841a76114: c5f8 77e8 

  0x0000013841a76118: ; ImmutableOopMap {rbp=Oop [48]=NarrowOop }
                      ;*invokevirtual getInputStream {reexecute=0 rethrow=0 return_oop=0}
                      ; - jdk.internal.loader.URLClassPath$JarLoader$1::getInputStream@11 (line 716)
                      ; - jdk.internal.loader.Resource::cachedInputStream@9 (line 76)
                      ; - jdk.internal.loader.Resource::getBytes@1 (line 88)
                      ; - jdk.internal.loader.URLClassPath$JarLoader$1::getBytes@1 (line 730)
  0x0000013841a76118: 442f 4cff 

  0x0000013841a7611c: ;   {post_call_nop}
  0x0000013841a7611c: 0f1f 8400 | 942f 0050 | baf6 ffff | ff48 8b6c | 2430 448b | 5c24 7844 | 895c 2444 | 4489 5424 
  0x0000013841a7613c: 4866 6690 

  0x0000013841a76140: ;   {runtime_call UncommonTrapBlob}
  0x0000013841a76140: c5f8 77e8 

  0x0000013841a76144: ; ImmutableOopMap {rbp=Oop [68]=NarrowOop [72]=NarrowOop [120]=NarrowOop }
                      ;*getfield zsrc {reexecute=1 rethrow=0 return_oop=0}
                      ; - (reexecute) java.util.zip.ZipFile::getInputStream@11 (line 327)
                      ; - java.util.jar.JarFile::getInputStream@21 (line 834)
                      ; - jdk.internal.loader.URLClassPath$JarLoader$1::getInputStream@11 (line 716)
                      ; - jdk.internal.loader.Resource::cachedInputStream@9 (line 76)
                      ; - jdk.internal.loader.Resource::getBytes@1 (line 88)
                      ; - jdk.internal.loader.URLClassPath$JarLoader$1::getBytes@1 (line 730)
  0x0000013841a76144: 182f 4cff 

  0x0000013841a76148: ;   {post_call_nop}
  0x0000013841a76148: 0f1f 8400 | c02f 0051 | baf6 ffff | ff48 8b6c | 2430 448b | 5c24 7844 | 895c 2444 | 4489 5424 
  0x0000013841a76168: 4844 8944 | 244c 4489 | 6c24 5044 | 895c 2454 

  0x0000013841a76178: ;   {runtime_call UncommonTrapBlob}
  0x0000013841a76178: c5f8 77e8 

  0x0000013841a7617c: ; ImmutableOopMap {rbp=Oop [68]=NarrowOop [72]=NarrowOop [76]=NarrowOop [80]=NarrowOop [84]=NarrowOop }
                      ;*getfield zsrc {reexecute=1 rethrow=0 return_oop=0}
                      ; - (reexecute) java.util.zip.ZipFile::ensureOpen@22 (line 828)
                      ; - java.util.zip.ZipFile::getInputStream@31 (line 330)
                      ; - java.util.jar.JarFile::getInputStream@21 (line 834)
                      ; - jdk.internal.loader.URLClassPath$JarLoader$1::getInputStream@11 (line 716)
                      ; - jdk.internal.loader.Resource::cachedInputStream@9 (line 76)
                      ; - jdk.internal.loader.Resource::getBytes@1 (line 88)
                      ; - jdk.internal.loader.URLClassPath$JarLoader$1::getBytes@1 (line 730)
  0x0000013841a7617c: e02e 4cff 

  0x0000013841a76180: ;   {post_call_nop}
  0x0000013841a76180: 0f1f 8400 | f82f 0052 | baf6 ffff | ff48 8b6c | 2430 448b | 4c24 7844 | 894c 2444 | 4489 5c24 
  0x0000013841a761a0: 4844 896c | 244c 4489 | 4c24 504c | 8954 2460 

  0x0000013841a761b0: ;   {runtime_call UncommonTrapBlob}
  0x0000013841a761b0: c5f8 77e8 

  0x0000013841a761b4: ; ImmutableOopMap {rbp=Oop [68]=NarrowOop [76]=NarrowOop [80]=NarrowOop [96]=Oop }
                      ;*getfield cen {reexecute=1 rethrow=0 return_oop=0}
                      ; - (reexecute) java.util.zip.ZipFile::getInputStream@105 (line 344)
                      ; - java.util.jar.JarFile::getInputStream@21 (line 834)
                      ; - jdk.internal.loader.URLClassPath$JarLoader$1::getInputStream@11 (line 716)
                      ; - jdk.internal.loader.Resource::cachedInputStream@9 (line 76)
                      ; - jdk.internal.loader.Resource::getBytes@1 (line 88)
                      ; - jdk.internal.loader.URLClassPath$JarLoader$1::getBytes@1 (line 730)
  0x0000013841a761b4: a82e 4cff 

  0x0000013841a761b8: ;   {post_call_nop}
  0x0000013841a761b8: 0f1f 8400 | 3030 0053 | baf6 ffff | ff48 8b6c | 2430 448b | 4c24 7844 | 894c 2444 | 4489 5c24 
  0x0000013841a761d8: 4844 8944 | 244c 4489 | 6c24 5045 | 8bd9 4489 | 5c24 544c | 8954 2458 

  0x0000013841a761f0: ;   {runtime_call UncommonTrapBlob}
  0x0000013841a761f0: c5f8 77e8 

  0x0000013841a761f4: ; ImmutableOopMap {rbp=Oop [68]=NarrowOop [76]=NarrowOop [80]=NarrowOop [84]=NarrowOop [88]=Oop }
                      ;*arraylength {reexecute=0 rethrow=0 return_oop=0}
                      ; - java.util.zip.ZipUtils::get32@2 (line 185)
                      ; - java.util.zip.ZipUtils::CENSIZ@5 (line 264)
                      ; - java.util.zip.ZipFile$ZipFileInputStream::<init>@17 (line 851)
                      ; - java.util.zip.ZipFile::getInputStream@109 (line 344)
                      ; - java.util.jar.JarFile::getInputStream@21 (line 834)
                      ; - jdk.internal.loader.URLClassPath$JarLoader$1::getInputStream@11 (line 716)
                      ; - jdk.internal.loader.Resource::cachedInputStream@9 (line 76)
                      ; - jdk.internal.loader.Resource::getBytes@1 (line 88)
                      ; - jdk.internal.loader.URLClassPath$JarLoader$1::getBytes@1 (line 730)
  0x0000013841a761f4: 682e 4cff 

  0x0000013841a761f8: ;   {post_call_nop}
  0x0000013841a761f8: 0f1f 8400 | 7030 0054 | baf6 ffff | ff48 8b6c | 2430 8b4c | 2478 894c | 2444 4489 | 5c24 4844 
  0x0000013841a76218: 8944 244c | 4489 6c24 | 5089 4c24 | 544c 8954 | 2458 6690 

  0x0000013841a7622c: ;   {runtime_call UncommonTrapBlob}
  0x0000013841a7622c: c5f8 77e8 

  0x0000013841a76230: ; ImmutableOopMap {rbp=Oop [68]=NarrowOop [76]=NarrowOop [80]=NarrowOop [84]=NarrowOop [88]=Oop }
                      ;*getfield zsrc {reexecute=1 rethrow=0 return_oop=0}
                      ; - (reexecute) java.util.zip.ZipFile$ZipFileInputStream::<init>@89 (line 860)
                      ; - java.util.zip.ZipFile::getInputStream@109 (line 344)
                      ; - java.util.jar.JarFile::getInputStream@21 (line 834)
                      ; - jdk.internal.loader.URLClassPath$JarLoader$1::getInputStream@11 (line 716)
                      ; - jdk.internal.loader.Resource::cachedInputStream@9 (line 76)
                      ; - jdk.internal.loader.Resource::getBytes@1 (line 88)
                      ; - jdk.internal.loader.URLClassPath$JarLoader$1::getBytes@1 (line 730)
  0x0000013841a76230: 2c2e 4cff 

  0x0000013841a76234: ;   {post_call_nop}
  0x0000013841a76234: 0f1f 8400 | ac30 0055 | baf6 ffff | ff48 8b6c | 2430 8b4c | 2478 894c | 2444 4489 | 5c24 4844 
  0x0000013841a76254: 8944 244c | 4489 6c24 | 5044 8bd9 | 4489 5c24 | 544c 8954 | 2458 6690 

  0x0000013841a7626c: ;   {runtime_call UncommonTrapBlob}
  0x0000013841a7626c: c5f8 77e8 

  0x0000013841a76270: ; ImmutableOopMap {rbp=Oop [68]=NarrowOop [76]=NarrowOop [80]=NarrowOop [84]=NarrowOop [88]=Oop }
                      ;*getfield locpos {reexecute=1 rethrow=0 return_oop=0}
                      ; - (reexecute) java.util.zip.ZipFile$ZipFileInputStream::<init>@92 (line 860)
                      ; - java.util.zip.ZipFile::getInputStream@109 (line 344)
                      ; - java.util.jar.JarFile::getInputStream@21 (line 834)
                      ; - jdk.internal.loader.URLClassPath$JarLoader$1::getInputStream@11 (line 716)
                      ; - jdk.internal.loader.Resource::cachedInputStream@9 (line 76)
                      ; - jdk.internal.loader.Resource::getBytes@1 (line 88)
                      ; - jdk.internal.loader.URLClassPath$JarLoader$1::getBytes@1 (line 730)
  0x0000013841a76270: ec2d 4cff 

  0x0000013841a76274: ;   {post_call_nop}
  0x0000013841a76274: 0f1f 8400 | ec30 0056 | baf6 ffff | ff48 8b6c | 2430 448b | 4c24 7844 | 894c 2444 | 4489 5c24 
  0x0000013841a76294: 484c 8954 | 2450 4489 | 4424 4c44 | 896c 2458 | 458b d944 | 895c 245c 

  0x0000013841a762ac: ;   {runtime_call UncommonTrapBlob}
  0x0000013841a762ac: c5f8 77e8 

  0x0000013841a762b0: ; ImmutableOopMap {rbp=Oop [68]=NarrowOop [76]=NarrowOop [80]=Oop [88]=NarrowOop [92]=NarrowOop }
                      ;*arraylength {reexecute=0 rethrow=0 return_oop=0}
                      ; - java.util.zip.ZipUtils::get16@2 (line 174)
                      ; - java.util.zip.ZipUtils::CENHOW@5 (line 261)
                      ; - java.util.zip.ZipFile::getInputStream@119 (line 345)
                      ; - java.util.jar.JarFile::getInputStream@21 (line 834)
                      ; - jdk.internal.loader.URLClassPath$JarLoader$1::getInputStream@11 (line 716)
                      ; - jdk.internal.loader.Resource::cachedInputStream@9 (line 76)
                      ; - jdk.internal.loader.Resource::getBytes@1 (line 88)
                      ; - jdk.internal.loader.URLClassPath$JarLoader$1::getBytes@1 (line 730)
  0x0000013841a762b0: ac2d 4cff 

  0x0000013841a762b4: ;   {post_call_nop}
  0x0000013841a762b4: 0f1f 8400 | 2c31 0057 | baf6 ffff | ff48 8b6c | 2428 448b | 5c24 7844 | 895c 2444 | 4489 5c24 
  0x0000013841a762d4: 5066 6690 

  0x0000013841a762d8: ;   {runtime_call UncommonTrapBlob}
  0x0000013841a762d8: c5f8 77e8 

  0x0000013841a762dc: ; ImmutableOopMap {rbp=Oop [68]=NarrowOop [72]=Oop [80]=NarrowOop }
                      ;*monitorenter {reexecute=0 rethrow=0 return_oop=0}
                      ; - java.util.zip.ZipFile::getInputStream@237 (line 359)
                      ; - java.util.jar.JarFile::getInputStream@21 (line 834)
                      ; - jdk.internal.loader.URLClassPath$JarLoader$1::getInputStream@11 (line 716)
                      ; - jdk.internal.loader.Resource::cachedInputStream@9 (line 76)
                      ; - jdk.internal.loader.Resource::getBytes@1 (line 88)
                      ; - jdk.internal.loader.URLClassPath$JarLoader$1::getBytes@1 (line 730)
  0x0000013841a762dc: 802d 4cff 

  0x0000013841a762e0: ;   {post_call_nop}
  0x0000013841a762e0: 0f1f 8400 | 5831 0058 | baf6 ffff | ff48 8b6c | 2430 448b | 5424 7845 | 8bda 4489 | 5c24 4444 
  0x0000013841a76300: 895c 2458 | 4889 4c24 | 6066 6690 

  0x0000013841a7630c: ;   {runtime_call UncommonTrapBlob}
  0x0000013841a7630c: c5f8 77e8 

  0x0000013841a76310: ; ImmutableOopMap {rbp=Oop [68]=NarrowOop [72]=Oop [88]=NarrowOop [96]=Oop }
                      ;*invokeinterface put {reexecute=0 rethrow=0 return_oop=0}
                      ; - java.util.Collections$SetFromMap::add@8 (line 6045)
                      ; - java.util.zip.ZipFile::getInputStream@242 (line 360)
                      ; - java.util.jar.JarFile::getInputStream@21 (line 834)
                      ; - jdk.internal.loader.URLClassPath$JarLoader$1::getInputStream@11 (line 716)
                      ; - jdk.internal.loader.Resource::cachedInputStream@9 (line 76)
                      ; - jdk.internal.loader.Resource::getBytes@1 (line 88)
                      ; - jdk.internal.loader.URLClassPath$JarLoader$1::getBytes@1 (line 730)
  0x0000013841a76310: 4c2d 4cff 

  0x0000013841a76314: ;   {post_call_nop}
  0x0000013841a76314: 0f1f 8400 | 8c31 0059 | baf6 ffff | ff48 8b6c | 2430 448b | 5c24 7844 | 895c 2444 | 4c89 7424 
  0x0000013841a76334: 4844 895c | 2458 4889 | 4c24 6090 

  0x0000013841a76340: ;   {runtime_call UncommonTrapBlob}
  0x0000013841a76340: c5f8 77e8 

  0x0000013841a76344: ; ImmutableOopMap {rbp=Oop [68]=NarrowOop [72]=Oop [88]=NarrowOop [96]=Oop }
                      ;*arraylength {reexecute=0 rethrow=0 return_oop=0}
                      ; - java.util.WeakHashMap::put@22 (line 464)
                      ; - java.util.Collections$SetFromMap::add@8 (line 6045)
                      ; - java.util.zip.ZipFile::getInputStream@242 (line 360)
                      ; - java.util.jar.JarFile::getInputStream@21 (line 834)
                      ; - jdk.internal.loader.URLClassPath$JarLoader$1::getInputStream@11 (line 716)
                      ; - jdk.internal.loader.Resource::cachedInputStream@9 (line 76)
                      ; - jdk.internal.loader.Resource::getBytes@1 (line 88)
                      ; - jdk.internal.loader.URLClassPath$JarLoader$1::getBytes@1 (line 730)
  0x0000013841a76344: 182d 4cff 

  0x0000013841a76348: ;   {post_call_nop}
  0x0000013841a76348: 0f1f 8400 | c031 005a | ba95 ffff | ff4c 8b54 | 2430 4c89 | 5424 2844 | 8b54 2478 | 458b da44 
  0x0000013841a76368: 895c 244c | 4c8b 9424 | 8000 0000 | 4c89 5424 | 5044 895c | 2460 4c8b | 9424 8800 | 0000 4c89 
  0x0000013841a76388: 5424 7044 | 8b9c 2490 | 0000 0044 | 895c 2464 | 4889 8424 | 9000 0000 

  0x0000013841a763a0: ;   {runtime_call UncommonTrapBlob}
  0x0000013841a763a0: c5f8 77e8 

  0x0000013841a763a4: ; ImmutableOopMap {rbp=NarrowOop [40]=Oop [48]=Oop [76]=NarrowOop [80]=Oop [96]=NarrowOop [104]=Oop [112]=Oop [144]=Oop }
                      ;*astore_3 {reexecute=0 rethrow=0 return_oop=0}
                      ; - java.lang.ref.ReferenceQueue::poll@31 (line 166)
                      ; - java.util.WeakHashMap::expungeStaleEntries@4 (line 330)
                      ; - java.util.WeakHashMap::getTable@1 (line 362)
                      ; - java.util.WeakHashMap::put@13 (line 463)
                      ; - java.util.Collections$SetFromMap::add@8 (line 6045)
                      ; - java.util.zip.ZipFile::getInputStream@242 (line 360)
                      ; - java.util.jar.JarFile::getInputStream@21 (line 834)
                      ; - jdk.internal.loader.URLClassPath$JarLoader$1::getInputStream@11 (line 716)
                      ; - jdk.internal.loader.Resource::cachedInputStream@9 (line 76)
                      ; - jdk.internal.loader.Resource::getBytes@1 (line 88)
                      ; - jdk.internal.loader.URLClassPath$JarLoader$1::getBytes@1 (line 730)
  0x0000013841a763a4: b82c 4cff 

  0x0000013841a763a8: ;   {post_call_nop}
  0x0000013841a763a8: 0f1f 8400 | 2032 005b | ba45 ffff | ff48 8b6c | 2430 448b | db44 895c | 2444 4489 | 5424 4844 
  0x0000013841a763c8: 8944 244c | 4489 6c24 | 5044 895c | 2454 894c | 2460 6690 

  0x0000013841a763dc: ;   {runtime_call UncommonTrapBlob}
  0x0000013841a763dc: c5f8 77e8 

  0x0000013841a763e0: ; ImmutableOopMap {rbp=Oop [68]=NarrowOop [72]=NarrowOop [76]=NarrowOop [80]=NarrowOop [84]=NarrowOop [96]=NarrowOop }
                      ;*ifnull {reexecute=1 rethrow=0 return_oop=0}
                      ; - (reexecute) java.util.Objects::equals@6 (line 62)
                      ; - java.util.zip.ZipFile::getInputStream@42 (line 331)
                      ; - java.util.jar.JarFile::getInputStream@21 (line 834)
                      ; - jdk.internal.loader.URLClassPath$JarLoader$1::getInputStream@11 (line 716)
                      ; - jdk.internal.loader.Resource::cachedInputStream@9 (line 76)
                      ; - jdk.internal.loader.Resource::getBytes@1 (line 88)
                      ; - jdk.internal.loader.URLClassPath$JarLoader$1::getBytes@1 (line 730)
  0x0000013841a763e0: 7c2c 4cff 

  0x0000013841a763e4: ;   {post_call_nop}
  0x0000013841a763e4: 0f1f 8400 | 5c32 005c | ba45 ffff | ff48 8b6c | 2420 448b | 5c24 7844 | 895c 2444 | 4489 5c24 
  0x0000013841a76404: 5048 8944 | 2460 6690 

  0x0000013841a7640c: ;   {runtime_call UncommonTrapBlob}
  0x0000013841a7640c: c5f8 77e8 

  0x0000013841a76410: ; ImmutableOopMap {rbp=Oop [68]=NarrowOop [72]=NarrowOop [76]=NarrowOop [80]=NarrowOop [96]=Oop }
                      ;*ifnull {reexecute=1 rethrow=0 return_oop=0}
                      ; - (reexecute) java.util.zip.ZipFile::getInputStream@74 (line 335)
                      ; - java.util.jar.JarFile::getInputStream@21 (line 834)
                      ; - jdk.internal.loader.URLClassPath$JarLoader$1::getInputStream@11 (line 716)
                      ; - jdk.internal.loader.Resource::cachedInputStream@9 (line 76)
                      ; - jdk.internal.loader.Resource::getBytes@1 (line 88)
                      ; - jdk.internal.loader.URLClassPath$JarLoader$1::getBytes@1 (line 730)
  0x0000013841a76410: 4c2c 4cff 

  0x0000013841a76414: ;   {post_call_nop}
  0x0000013841a76414: 0f1f 8400 | 8c32 005d | ba95 ffff | ff48 8b6c | 2428 4889 | 4424 5890 

  0x0000013841a7642c: ;   {runtime_call UncommonTrapBlob}
  0x0000013841a7642c: c5f8 77e8 

  0x0000013841a76430: ; ImmutableOopMap {rbp=Oop [80]=Oop [88]=Oop [120]=NarrowOop }
                      ;*astore {reexecute=0 rethrow=0 return_oop=0}
                      ; - java.util.zip.ZipFile::getInputStream@169 (line 349)
                      ; - java.util.jar.JarFile::getInputStream@21 (line 834)
                      ; - jdk.internal.loader.URLClassPath$JarLoader$1::getInputStream@11 (line 716)
                      ; - jdk.internal.loader.Resource::cachedInputStream@9 (line 76)
                      ; - jdk.internal.loader.Resource::getBytes@1 (line 88)
                      ; - jdk.internal.loader.URLClassPath$JarLoader$1::getBytes@1 (line 730)
  0x0000013841a76430: 2c2c 4cff 

  0x0000013841a76434: ;   {post_call_nop}
  0x0000013841a76434: 0f1f 8400 | ac32 005e | baf6 ffff | ff48 8b6c | 2430 448b | 4424 784c | 8954 2448 | 458b d844 
  0x0000013841a76454: 895c 2444 | 4489 5c24 | 5066 6690 

  0x0000013841a76460: ;   {runtime_call UncommonTrapBlob}
  0x0000013841a76460: c5f8 77e8 

  0x0000013841a76464: ; ImmutableOopMap {rbp=Oop [68]=NarrowOop [72]=Oop [80]=NarrowOop }
                      ;*monitorenter {reexecute=0 rethrow=0 return_oop=0}
                      ; - java.util.zip.ZipFile::getInputStream@153 (line 347)
                      ; - java.util.jar.JarFile::getInputStream@21 (line 834)
                      ; - jdk.internal.loader.URLClassPath$JarLoader$1::getInputStream@11 (line 716)
                      ; - jdk.internal.loader.Resource::cachedInputStream@9 (line 76)
                      ; - jdk.internal.loader.Resource::getBytes@1 (line 88)
                      ; - jdk.internal.loader.URLClassPath$JarLoader$1::getBytes@1 (line 730)
  0x0000013841a76464: f82b 4cff 

  0x0000013841a76468: ;   {post_call_nop}
  0x0000013841a76468: 0f1f 8400 | e032 005f | 488b e8eb | 0d48 8be8 | eb08 488b | e8eb 0348 | 8be8 ba95 | ffff ff4c 
  0x0000013841a76488: 8b54 2430 | 4c89 5424 | 2844 8b54 | 2478 458b | da44 895c | 244c 4489 | 5c24 5090 

  0x0000013841a764a4: ;   {runtime_call UncommonTrapBlob}
  0x0000013841a764a4: c5f8 77e8 

  0x0000013841a764a8: ; ImmutableOopMap {rbp=Oop [40]=Oop [48]=Oop [76]=NarrowOop [80]=NarrowOop }
                      ;*astore {reexecute=0 rethrow=0 return_oop=0}
                      ; - java.util.zip.ZipFile::getInputStream@278 (line 366)
                      ; - java.util.jar.JarFile::getInputStream@21 (line 834)
                      ; - jdk.internal.loader.URLClassPath$JarLoader$1::getInputStream@11 (line 716)
                      ; - jdk.internal.loader.Resource::cachedInputStream@9 (line 76)
                      ; - jdk.internal.loader.Resource::getBytes@1 (line 88)
                      ; - jdk.internal.loader.URLClassPath$JarLoader$1::getBytes@1 (line 730)
  0x0000013841a764a8: b42b 4cff 

  0x0000013841a764ac: ;   {post_call_nop}
  0x0000013841a764ac: 0f1f 8400 | 2433 0060 | eb02 eb00 | 488b e8eb | 0348 8be8 | ba95 ffff | ff4c 8b54 | 2430 4c89 
  0x0000013841a764cc: 5424 2844 | 8b54 2478 | 458b da44 | 895c 244c | 4489 5c24 | 5866 6690 

  0x0000013841a764e4: ;   {runtime_call UncommonTrapBlob}
  0x0000013841a764e4: c5f8 77e8 

  0x0000013841a764e8: ; ImmutableOopMap {rbp=Oop [40]=Oop [48]=Oop [76]=NarrowOop [80]=Oop [88]=NarrowOop }
                      ;*astore {reexecute=0 rethrow=0 return_oop=0}
                      ; - java.util.zip.ZipFile::getInputStream@254 (line 361)
                      ; - java.util.jar.JarFile::getInputStream@21 (line 834)
                      ; - jdk.internal.loader.URLClassPath$JarLoader$1::getInputStream@11 (line 716)
                      ; - jdk.internal.loader.Resource::cachedInputStream@9 (line 76)
                      ; - jdk.internal.loader.Resource::getBytes@1 (line 88)
                      ; - jdk.internal.loader.URLClassPath$JarLoader$1::getBytes@1 (line 730)
  0x0000013841a764e8: 742b 4cff 

  0x0000013841a764ec: ;   {post_call_nop}
  0x0000013841a764ec: 0f1f 8400 | 6433 0061 | baf6 ffff | ff48 8b6c | 2430 6690 

  0x0000013841a76500: ;   {runtime_call UncommonTrapBlob}
  0x0000013841a76500: c5f8 77e8 

  0x0000013841a76504: ; ImmutableOopMap {rbp=Oop [120]=NarrowOop }
                      ;*getfield manifestName {reexecute=1 rethrow=0 return_oop=0}
                      ; - (reexecute) java.util.jar.JarVerifier$VerifierStream::<init>@29 (line 420)
                      ; - java.util.jar.JarFile::getInputStream@84 (line 855)
                      ; - jdk.internal.loader.URLClassPath$JarLoader$1::getInputStream@11 (line 716)
                      ; - jdk.internal.loader.Resource::cachedInputStream@9 (line 76)
                      ; - jdk.internal.loader.Resource::getBytes@1 (line 88)
                      ; - jdk.internal.loader.URLClassPath$JarLoader$1::getBytes@1 (line 730)
  0x0000013841a76504: 582b 4cff 

  0x0000013841a76508: ;   {post_call_nop}
  0x0000013841a76508: 0f1f 8400 | 8033 0062 | eb05 488b | e8eb 1e48 | 8be8 4c8b | 5424 284c | 8954 2430 | 448b 5c24 
  0x0000013841a76528: 3844 895c | 246c eb05 | eb00 488b | e8ba 95ff | ffff 6690 

  0x0000013841a7653c: ;   {runtime_call UncommonTrapBlob}
  0x0000013841a7653c: c5f8 77e8 

  0x0000013841a76540: ; ImmutableOopMap {rbp=Oop [48]=Oop [108]=NarrowOop }
                      ;*astore {reexecute=0 rethrow=0 return_oop=0}
                      ; - jdk.internal.loader.Resource::getBytes@154 (line 120)
                      ; - jdk.internal.loader.URLClassPath$JarLoader$1::getBytes@1 (line 730)
  0x0000013841a76540: 1c2b 4cff 

  0x0000013841a76544: ;   {post_call_nop}
  0x0000013841a76544: 0f1f 8400 | bc33 0063 | 488b d8eb | 3f48 8bd8 | eb3a 488b | d8eb 3548 | 8bd8 eb30 | 488b d8eb 
  0x0000013841a76564: 6048 8bd8 | eb5b 488b | d8eb 2148 | 8bd8 eb51 | 488b d84c | 8b54 2428 | 4c89 5424 | 70eb 4248 
  0x0000013841a76584: 8bd8 eb3d | 488b d8eb | 3848 8bd8 | 4c8b 5424 | 204c 8954 | 2430 4c8b | 5424 284c | 8954 2470 
  0x0000013841a765a4: eb1f 488b | d8eb 1a44 | 8b40 0841 | bb00 0000 | 0c4d 03d8 | e950 0100 | 0048 8bd8 | 4889 6c24 
  0x0000013841a765c4: 7048 8d84 | 24c8 0000 | 004c 8b5c | 2470 418b | 87d8 0600 | 004d 8b13 | 4d3b 5c07 | f80f 852e 
  0x0000013841a765e4: 0000 0041 | 83af d806 | 0000 084d | 3b5c 07f0 | 0f84 5f00 | 0000 498b | c248 83e0 | fc49 83ca 
  0x0000013841a76604: 01f0 4d0f | b113 0f85 | 0e0b 0000 | e944 0000 | 0049 83ba | 8600 0000 | 0075 3349 | c742 3e00 
  0x0000013841a76624: 0000 00f0 | 8344 24c0 | 0049 83ba | 8e00 0000 | 0074 2249 | 83ba 9e00 | 0000 0075 

  0x0000013841a76640: ;   {other}
  0x0000013841a76640: 1849 83e2 | fd4d 8997 | e805 0000 | 4183 ca01 | eb0a 49ff | 8a86 0000 | 0045 33d2 | 0f85 1401 
  0x0000013841a76660: 0000 488d | 8424 c000 | 0000 4c8b | 5c24 3041 | 8b87 d806 | 0000 4d8b | 134d 3b5c | 07f8 0f85 
  0x0000013841a76680: 2e00 0000 | 4183 afd8 | 0600 0008 | 4d3b 5c07 | f00f 845f | 0000 0049 | 8bc2 4883 | e0fc 4983 
  0x0000013841a766a0: ca01 f04d | 0fb1 130f | 8564 0a00 | 00e9 4400 | 0000 4983 | ba86 0000 | 0000 7533 | 49c7 423e 
  0x0000013841a766c0: 0000 0000 | f083 4424 | c000 4983 | ba8e 0000 | 0000 7422 | 4983 ba9e | 0000 0000 | 7518 4983 
  0x0000013841a766e0: e2fd 4d89 | 97e8 0500 | 0041 83ca | 01eb 0a49 | ff8a 8600 | 0000 4533 | d275 5148 | 8bd3 eb23 
  0x0000013841a76700: 448b 5008 | 41bb 0000 | 000c 4d03 | da4d 8b53 

  0x0000013841a76710: ;   {metadata('java/io/IOException')}
  0x0000013841a76710: 4849 bbb0 | fb1d 0c00 | 0000 004d | 3bd3 7413 | 488b d0c5 | f877 4881 | c4f0 0000 

  0x0000013841a7672c: ;   {runtime_call C2 Runtime rethrow}
  0x0000013841a7672c: 005d e92d | d355 ff48 | 8be8 ba95 | ffff ff90 

  0x0000013841a7673c: ;   {runtime_call UncommonTrapBlob}
  0x0000013841a7673c: c5f8 77e8 

  0x0000013841a76740: ; ImmutableOopMap {rbp=Oop [32]=Oop [48]=Oop }
                      ;*astore_3 {reexecute=0 rethrow=0 return_oop=0}
                      ; - jdk.internal.loader.Resource::getBytes@150 (line 122)
                      ; - jdk.internal.loader.URLClassPath$JarLoader$1::getBytes@1 (line 730)
  0x0000013841a76740: 1c29 4cff 

  0x0000013841a76744: ;   {post_call_nop}
  0x0000013841a76744: 0f1f 8400 | bc35 0064 | 488b 4c24 | 3048 8d94 | 24c0 0000 | 004d 8bc7 

  0x0000013841a7675c: ;   {runtime_call}
  0x0000013841a7675c: c5f8 7749 | bad0 de77 | 26ff 7f00 | 0041 ffd2 

  0x0000013841a7676c: ;   {post_call_nop}
  0x0000013841a7676c: 0f1f 8400 | 0000 0000 | eb85 488b | 4c24 7048 | 8d94 24c8 | 0000 004d | 8bc7 c5f8 

  0x0000013841a76788: ;   {runtime_call}
  0x0000013841a76788: 7749 bad0 | de77 26ff | 7f00 0041 

  0x0000013841a76794: ;   {post_call_nop}
  0x0000013841a76794: ffd2 0f1f | 8400 0000 | 0000 e9bf | feff ff48 | 896c 2428 | 8b6c 2438 | eb09 4889 | 6c24 288b 
  0x0000013841a767b4: 6c24 38ba | 8fff ffff 

  0x0000013841a767bc: ;   {runtime_call UncommonTrapBlob}
  0x0000013841a767bc: c5f8 77e8 

  0x0000013841a767c0: ; ImmutableOopMap {[36]=NarrowOop [40]=Oop [48]=Oop }
                      ;*invokevirtual clone {reexecute=1 rethrow=0 return_oop=0}
                      ; - (reexecute) java.util.Arrays::copyOf@7 (line 3535)
                      ; - jdk.internal.loader.Resource::getBytes@70 (line 102)
                      ; - jdk.internal.loader.URLClassPath$JarLoader$1::getBytes@1 (line 730)
  0x0000013841a767c0: 9c28 4cff 

  0x0000013841a767c4: ;   {post_call_nop}
  0x0000013841a767c4: 0f1f 8400 | 3c36 0065 | 8b31 4883 | fe00 0f84 | f5d1 ffff | 498b 5738 | 4885 d20f | 8414 0000 
  0x0000013841a767e4: 0048 83ea | 0849 8957 | 3849 0357 | 4048 8932 | e9d4 d1ff | ff48 83ec | 40c5 f9d6 | 5c24 384c 
  0x0000013841a76804: 894c 2430 | 4889 4c24 | 2848 8944 | 2420 488b | ce49 8bd7 

  0x0000013841a76818: ;   {runtime_call}
  0x0000013841a76818: 48b8 508a | 3126 ff7f | 0000 ffd0 | 488b 4424 | 2048 8b4c | 2428 4c8b | 4c24 30c5 | f877 c5fa 
  0x0000013841a76838: 7e5c 2438 | 4883 c440 | e988 d1ff | fff0 8344 | 24c0 0080 | 3a00 0f84 | abd1 ffff | c602 0049 
  0x0000013841a76858: 8b77 5048 | 85f6 0f84 | 1400 0000 | 4883 ee08 | 4989 7750 | 4903 7758 | 4889 16e9 | 87d1 ffff 
  0x0000013841a76878: 4883 ec30 | c5f9 d65c | 2428 4c89 | 4c24 2048 | 8bca 498b 

  0x0000013841a7688c: ;   {runtime_call}
  0x0000013841a7688c: d748 b830 | 8a31 26ff | 7f00 00ff | d04c 8b4c | 2420 c5f8 | 77c5 fa7e | 5c24 2848 | 83c4 30e9 
  0x0000013841a768ac: 4fd1 ffff | 458b 0349 | 83f8 000f | 84b6 d2ff | ff4d 8b57 | 384d 85d2 | 0f84 1400 | 0000 4983 
  0x0000013841a768cc: ea08 4d89 | 5738 4d03 | 5740 4d89 | 02e9 95d2 | ffff 4883 | ec30 4c89 | 5c24 2849 | 8bc8 498b 
  0x0000013841a768ec: ;   {runtime_call}
  0x0000013841a768ec: d748 b850 | 8a31 26ff | 7f00 00ff | d04c 8b5c | 2428 c5f8 | 7748 83c4 | 30e9 69d2 | ffff f083 
  0x0000013841a7690c: 4424 c000 | 4180 3a00 | 0f84 97d2 | ffff 41c6 | 0200 4d8b | 4750 4d85 | c00f 8414 | 0000 0049 
  0x0000013841a7692c: 83e8 084d | 8947 504d | 0347 584d | 8910 e972 | d2ff ff48 | 83ec 2049 | 8bca 498b 

  0x0000013841a76948: ;   {runtime_call}
  0x0000013841a76948: d748 b830 | 8a31 26ff | 7f00 00ff | d0c5 f877 | 4883 c420 | e950 d2ff | ff45 8b03 | 4983 f800 
  0x0000013841a76968: 0f84 01de | ffff 498b | 4f38 4885 | c90f 8414 | 0000 0048 | 83e9 0849 | 894f 3849 | 034f 404c 
  0x0000013841a76988: 8901 e9e0 | ddff ff48 | 83ec 504c | 8954 2448 | 4c89 5c24 | 404c 894c | 2438 4889 | 7c24 3048 
  0x0000013841a769a8: 8954 2428 | 4889 4424 | 2049 8bc8 

  0x0000013841a769b4: ;   {runtime_call}
  0x0000013841a769b4: 498b d748 | b850 8a31 | 26ff 7f00 | 00ff d048 | 8b44 2420 | 488b 5424 | 2848 8b7c | 2430 4c8b 
  0x0000013841a769d4: 4c24 384c | 8b5c 2440 | 4c8b 5424 | 48c5 f877 | 4883 c450 | e982 ddff | fff0 8344 | 24c0 0080 
  0x0000013841a769f4: 3900 0f84 | a6dd ffff | c601 004d | 8b47 504d | 85c0 0f84 | 1400 0000 | 4983 e808 | 4d89 4750 
  0x0000013841a76a14: 4d03 4758 | 4989 08e9 | 82dd ffff | 4883 ec40 | 4c89 4c24 | 3848 897c | 2430 4889 | 5424 2848 
  0x0000013841a76a34: 8944 2420 

  0x0000013841a76a38: ;   {runtime_call}
  0x0000013841a76a38: 498b d748 | b830 8a31 | 26ff 7f00 | 00ff d048 | 8b44 2420 | 488b 5424 | 2848 8b7c | 2430 4c8b 
  0x0000013841a76a58: 4c24 38c5 | f877 4883 | c440 e93b | ddff ff45 | 8b1a 4983 | fb00 0f84 | 3ddd ffff | 498b 7f38 
  0x0000013841a76a78: 4885 ff0f | 8414 0000 | 0048 83ef | 0849 897f | 3849 037f | 404c 891f | e91c ddff | ff48 83ec 
  0x0000013841a76a98: 404c 8954 | 2438 4c89 | 4c24 3048 | 8954 2428 | 4889 4424 | 2049 8bcb 

  0x0000013841a76ab0: ;   {runtime_call}
  0x0000013841a76ab0: 498b d748 | b850 8a31 | 26ff 7f00 | 00ff d048 | 8b44 2420 | 488b 5424 | 284c 8b4c | 2430 4c8b 
  0x0000013841a76ad0: 5424 38c5 | f877 4883 | c440 e9d2 | dcff fff0 | 8344 24c0 | 0080 3f00 | 0f84 00dd | ffff c607 
  0x0000013841a76af0: 004d 8b5f | 504d 85db | 0f84 1400 | 0000 4983 | eb08 4d89 | 5f50 4d03 | 5f58 4989 | 3be9 dcdc 
  0x0000013841a76b10: ffff 4883 | ec40 4c89 | 4c24 3848 | 8954 2430 | 4889 4424 | 2848 8bcf 

  0x0000013841a76b28: ;   {runtime_call}
  0x0000013841a76b28: 498b d748 | b830 8a31 | 26ff 7f00 | 00ff d048 | 8b44 2428 | 488b 5424 | 304c 8b4c | 2438 c5f8 
  0x0000013841a76b48: 7748 83c4 | 40e9 9cdc | ffff 418b | 1848 83fb | 000f 844f | ddff ff49 | 8b4f 3848 | 85c9 0f84 
  0x0000013841a76b68: 1400 0000 | 4883 e908 | 4989 4f38 | 4903 4f40 | 4889 19e9 | 2edd ffff | 4883 ec50 | 4c89 5424 
  0x0000013841a76b88: 484c 895c | 2440 4c89 | 4424 384c | 894c 2430 | 4889 7c24 | 2848 8954 | 2420 488b | cb49 8bd7 
  0x0000013841a76ba8: ;   {runtime_call}
  0x0000013841a76ba8: 48b8 508a | 3126 ff7f | 0000 ffd0 | 488b 5424 | 2048 8b7c | 2428 4c8b | 4c24 304c | 8b44 2438 
  0x0000013841a76bc8: 4c8b 5c24 | 404c 8b54 | 2448 c5f8 | 7748 83c4 | 50e9 d0dc | ffff f083 | 4424 c000 | 8039 000f 
  0x0000013841a76be8: 84f4 dcff | ffc6 0100 | 498b 5f50 | 4885 db0f | 8414 0000 | 0048 83eb | 0849 895f | 5049 035f 
  0x0000013841a76c08: 5848 890b | e9d0 dcff | ff48 83ec | 404c 8954 | 2438 4c89 | 5c24 304c | 894c 2428 | 4889 7c24 
  0x0000013841a76c28: 2049 8bd7 

  0x0000013841a76c2c: ;   {runtime_call}
  0x0000013841a76c2c: 48b8 308a | 3126 ff7f | 0000 ffd0 | 488b 7c24 | 204c 8b4c | 2428 4c8b | 5c24 304c | 8b54 2438 
  0x0000013841a76c4c: c5f8 7748 | 83c4 40e9 | 89dc ffff | 448b 0149 | 83f8 000f | 84ce dcff | ff49 8b5f | 3848 85db 
  0x0000013841a76c6c: 0f84 1400 | 0000 4883 | eb08 4989 | 5f38 4903 | 5f40 4c89 | 03e9 addc | ffff 4883 | ec50 4c89 
  0x0000013841a76c8c: 5424 484c | 895c 2440 | 4c89 4c24 | 3848 894c | 2430 4889 | 7c24 2848 | 8944 2420 | 498b c849 
  0x0000013841a76cac: ;   {runtime_call}
  0x0000013841a76cac: 8bd7 48b8 | 508a 3126 | ff7f 0000 | ffd0 488b | 4424 2048 | 8b7c 2428 | 488b 4c24 | 304c 8b4c 
  0x0000013841a76ccc: 2438 4c8b | 5c24 404c | 8b54 2448 | c5f8 7748 | 83c4 50e9 | 4fdc ffff | f083 4424 | c000 803b 
  0x0000013841a76cec: 000f 8473 | dcff ffc6 | 0300 4d8b | 4750 4d85 | c00f 8414 | 0000 0049 | 83e8 084d | 8947 504d 
  0x0000013841a76d0c: 0347 5849 | 8918 e94f | dcff ff48 | 83ec 404c | 8954 2438 | 4c89 5c24 | 304c 894c | 2428 4889 
  0x0000013841a76d2c: 4424 2048 | 8bcb 498b 

  0x0000013841a76d34: ;   {runtime_call}
  0x0000013841a76d34: d748 b830 | 8a31 26ff | 7f00 00ff | d048 8b44 | 2420 4c8b | 4c24 284c | 8b5c 2430 | 4c8b 5424 
  0x0000013841a76d54: 38c5 f877 | 4883 c440 | e905 dcff | ff45 8b1a | 4983 fb00 | 0f84 8bdc | ffff 4d8b | 4738 4d85 
  0x0000013841a76d74: c00f 8414 | 0000 0049 | 83e8 084d | 8947 384d | 0347 404d | 8918 e96a | dcff ff48 | 83ec 404c 
  0x0000013841a76d94: 8954 2438 | 4889 4c24 | 3048 8954 | 2428 4889 | 4424 2049 | 8bcb 498b 

  0x0000013841a76dac: ;   {runtime_call}
  0x0000013841a76dac: d748 b850 | 8a31 26ff | 7f00 00ff | d048 8b44 | 2420 488b | 5424 2848 | 8b4c 2430 | 4c8b 5424 
  0x0000013841a76dcc: 38c5 f877 | 4883 c440 | e920 dcff | fff0 8344 | 24c0 0041 | 8038 000f | 844e dcff | ff41 c600 
  0x0000013841a76dec: 004d 8b5f | 504d 85db | 0f84 1400 | 0000 4983 | eb08 4d89 | 5f50 4d03 | 5f58 4d89 | 03e9 29dc 
  0x0000013841a76e0c: ffff 4883 | ec40 4889 | 4c24 3848 | 8954 2430 | 4889 4424 | 2849 8bc8 

  0x0000013841a76e24: ;   {runtime_call}
  0x0000013841a76e24: 498b d748 | b830 8a31 | 26ff 7f00 | 00ff d048 | 8b44 2428 | 488b 5424 | 3048 8b4c | 2438 c5f8 
  0x0000013841a76e44: 7748 83c4 | 40e9 e9db | ffff 458b | 1a49 83fb | 000f 84f0 | dbff ff4d | 8b47 384d | 85c0 0f84 
  0x0000013841a76e64: 1400 0000 | 4983 e808 | 4d89 4738 | 4d03 4740 | 4d89 18e9 | cfdb ffff | 4883 ec50 | 4c89 5424 
  0x0000013841a76e84: 484c 894c | 2440 4889 | 4c24 3848 | 8954 2430 | 4889 4424 | 2849 8bcb 

  0x0000013841a76e9c: ;   {runtime_call}
  0x0000013841a76e9c: 498b d748 | b850 8a31 | 26ff 7f00 | 00ff d048 | 8b44 2428 | 488b 5424 | 3048 8b4c | 2438 4c8b 
  0x0000013841a76ebc: 4c24 404c | 8b54 2448 | c5f8 7748 | 83c4 50e9 | 7bdb ffff | f083 4424 | c000 4180 | 3800 0f84 
  0x0000013841a76edc: a9db ffff | 41c6 0000 | 4d8b 5f50 | 4d85 db0f | 8414 0000 | 0049 83eb | 084d 895f | 504d 035f 
  0x0000013841a76efc: 584d 8903 | e984 dbff | ff48 83ec | 4048 894c | 2438 4889 | 5424 3048 | 8944 2428 | 498b c849 
  0x0000013841a76f1c: ;   {runtime_call}
  0x0000013841a76f1c: 8bd7 48b8 | 308a 3126 | ff7f 0000 | ffd0 488b | 4424 2848 | 8b54 2430 | 488b 4c24 | 38c5 f877 
  0x0000013841a76f3c: 4883 c440 | e944 dbff | ff8b 0f48 | 83f9 000f | 8447 dbff | ff4d 8b4f | 384d 85c9 | 0f84 1400 
  0x0000013841a76f5c: 0000 4983 | e908 4d89 | 4f38 4d03 | 4f40 4989 | 09e9 26db | ffff 4883 | ec50 4c89 | 5424 484c 
  0x0000013841a76f7c: 895c 2440 | 4c89 4424 | 3848 897c | 2430 4889 | 5424 2848 | 8944 2420 

  0x0000013841a76f94: ;   {runtime_call}
  0x0000013841a76f94: 498b d748 | b850 8a31 | 26ff 7f00 | 00ff d048 | 8b44 2420 | 488b 5424 | 2848 8b7c | 2430 4c8b 
  0x0000013841a76fb4: 4424 384c | 8b5c 2440 | 4c8b 5424 | 48c5 f877 | 4883 c450 | e9cb daff | fff0 8344 | 24c0 0041 
  0x0000013841a76fd4: 8039 000f | 84ee daff | ff41 c601 | 0049 8b4f | 5048 85c9 | 0f84 1400 | 0000 4883 | e908 4989 
  0x0000013841a76ff4: 4f50 4903 | 4f58 4c89 | 09e9 c9da | ffff 4883 | ec40 4c89 | 5424 384c | 895c 2430 | 4c89 4424 
  0x0000013841a77014: 2848 8954 | 2420 498b | c949 8bd7 

  0x0000013841a77020: ;   {runtime_call}
  0x0000013841a77020: 48b8 308a | 3126 ff7f | 0000 ffd0 | 488b 5424 | 204c 8b44 | 2428 4c8b | 5c24 304c | 8b54 2438 
  0x0000013841a77040: c5f8 7748 | 83c4 40e9 | 7fda ffff | 458b 1a49 | 83fb 000f | 8486 daff | ff4d 8b47 | 384d 85c0 
  0x0000013841a77060: 0f84 1400 | 0000 4983 | e808 4d89 | 4738 4d03 | 4740 4d89 | 18e9 65da | ffff 4883 | ec30 4c89 
  0x0000013841a77080: 5424 2848 | 8954 2420 | 498b cb49 

  0x0000013841a7708c: ;   {runtime_call}
  0x0000013841a7708c: 8bd7 48b8 | 508a 3126 | ff7f 0000 | ffd0 488b | 5424 204c | 8b54 2428 | c5f8 7748 | 83c4 30e9 
  0x0000013841a770ac: 2fda ffff | f083 4424 | c000 4180 | 3800 0f84 | 53da ffff | 41c6 0000 | 4d8b 5f50 | 4d85 db0f 
  0x0000013841a770cc: 8414 0000 | 0049 83eb | 084d 895f | 504d 035f | 584d 8903 | e92e daff | ff48 83ec | 3048 8954 
  0x0000013841a770ec: 2428 498b | c849 8bd7 

  0x0000013841a770f4: ;   {runtime_call}
  0x0000013841a770f4: 48b8 308a | 3126 ff7f | 0000 ffd0 | 488b 5424 | 28c5 f877 | 4883 c430 | e902 daff | ff41 8387 
  0x0000013841a77114: d806 0000 | 08e9 dbf5 | ffff 4183 | 87d8 0600 | 0008 e931 | f5ff ff41 | 8387 d806 | 0000 08e9 
  0x0000013841a77134: badf ffff | 4183 87d8 | 0600 0008 | e977 ddff | ff41 8387 | d806 0000 | 08e9 95da | ffff 4183 
  0x0000013841a77154: 87d8 0600 | 0008 e9e0 | d3ff ff41 | 8387 d806 | 0000 08e9 | a2cf ffff 

  0x0000013841a7716c: ;   {internal_word}
  0x0000013841a7716c: 49ba f73e | a741 3801 | 0000 4d89 | 97e0 0400 

  0x0000013841a7717c: ;   {runtime_call SafepointBlob}
  0x0000013841a7717c: 00e9 de9d | 48ff 4183 | 87d8 0600 | 0008 e9b9 | caff ff41 | 8387 d806 | 0000 08e9 | afc9 ffff 
  0x0000013841a7719c: 4183 87d8 | 0600 0008 | e905 c9ff 

  0x0000013841a771a8: ;   {runtime_call Stub::method_entry_barrier}
  0x0000013841a771a8: ffe8 52d0 | 46ff e9fb | c0ff fff4 | f4f4 f4f4 
[Stub Code]
  0x0000013841a771b8: ;   {static_stub}
  0x0000013841a771b8: 48bb 0000 | 0000 0000 

  0x0000013841a771c0: ;   {runtime_call nmethod}
  0x0000013841a771c0: 0000 e9fb 

  0x0000013841a771c4: ;   {static_stub}
  0x0000013841a771c4: ffff ff48 | bb00 0000 | 0000 0000 

  0x0000013841a771d0: ;   {runtime_call nmethod}
  0x0000013841a771d0: 00e9 fbff 

  0x0000013841a771d4: ;   {static_stub}
  0x0000013841a771d4: ffff 48bb | 0000 0000 | 0000 0000 

  0x0000013841a771e0: ;   {runtime_call nmethod}
  0x0000013841a771e0: e9fb ffff 

  0x0000013841a771e4: ;   {static_stub}
  0x0000013841a771e4: ff48 bb00 | 0000 0000 

  0x0000013841a771ec: ;   {runtime_call nmethod}
  0x0000013841a771ec: 0000 00e9 | fbff ffff 

  0x0000013841a771f4: ;   {static_stub}
  0x0000013841a771f4: 48bb 0000 | 0000 0000 

  0x0000013841a771fc: ;   {runtime_call nmethod}
  0x0000013841a771fc: 0000 e9fb 

  0x0000013841a77200: ;   {static_stub}
  0x0000013841a77200: ffff ff48 | bb00 0000 | 0000 0000 

  0x0000013841a7720c: ;   {runtime_call nmethod}
  0x0000013841a7720c: 00e9 fbff 

  0x0000013841a77210: ;   {static_stub}
  0x0000013841a77210: ffff 48bb | 0000 0000 | 0000 0000 

  0x0000013841a7721c: ;   {runtime_call nmethod}
  0x0000013841a7721c: e9fb ffff 

  0x0000013841a77220: ;   {static_stub}
  0x0000013841a77220: ff48 bb00 | 0000 0000 

  0x0000013841a77228: ;   {runtime_call nmethod}
  0x0000013841a77228: 0000 00e9 | fbff ffff 

  0x0000013841a77230: ;   {static_stub}
  0x0000013841a77230: 48bb 0000 | 0000 0000 

  0x0000013841a77238: ;   {runtime_call nmethod}
  0x0000013841a77238: 0000 e9fb 

  0x0000013841a7723c: ;   {static_stub}
  0x0000013841a7723c: ffff ff48 | bb00 0000 | 0000 0000 

  0x0000013841a77248: ;   {runtime_call nmethod}
  0x0000013841a77248: 00e9 fbff 

  0x0000013841a7724c: ;   {static_stub}
  0x0000013841a7724c: ffff 48bb | 0000 0000 | 0000 0000 

  0x0000013841a77258: ;   {runtime_call nmethod}
  0x0000013841a77258: e9fb ffff 

  0x0000013841a7725c: ;   {static_stub}
  0x0000013841a7725c: ff48 bb00 | 0000 0000 

  0x0000013841a77264: ;   {runtime_call nmethod}
  0x0000013841a77264: 0000 00e9 | fbff ffff 

  0x0000013841a7726c: ;   {static_stub}
  0x0000013841a7726c: 48bb 0000 | 0000 0000 

  0x0000013841a77274: ;   {runtime_call nmethod}
  0x0000013841a77274: 0000 e9fb 

  0x0000013841a77278: ;   {static_stub}
  0x0000013841a77278: ffff ff48 | bb00 0000 | 0000 0000 

  0x0000013841a77284: ;   {runtime_call nmethod}
  0x0000013841a77284: 00e9 fbff 

  0x0000013841a77288: ;   {static_stub}
  0x0000013841a77288: ffff 48bb | 0000 0000 | 0000 0000 

  0x0000013841a77294: ;   {runtime_call nmethod}
  0x0000013841a77294: e9fb ffff 

  0x0000013841a77298: ;   {static_stub}
  0x0000013841a77298: ff48 bb00 | 0000 0000 

  0x0000013841a772a0: ;   {runtime_call nmethod}
  0x0000013841a772a0: 0000 00e9 | fbff ffff 
[Exception Handler]
  0x0000013841a772a8: ;   {runtime_call ExceptionBlob}
  0x0000013841a772a8: e9b3 204c | ffe8 0000 | 0000 4883 

  0x0000013841a772b4: ;   {runtime_call DeoptimizationBlob}
  0x0000013841a772b4: 2c24 05e9 | a49f 48ff | f4f4 f4f4 
[/MachCode]


---------------  P R O C E S S  ---------------

Threads class SMR info:
_java_thread_list=0x000001385460b170, length=85, elements={
0x0000013830e92440, 0x000001384db9f320, 0x000001384db9fae0, 0x000001384dba26b0,
0x000001384dba5280, 0x000001384dba5e40, 0x000001384dba6a00, 0x000001384dba7b50,
0x000001384dbab710, 0x000001384e1cf420, 0x000001384e2821c0, 0x000001384e061070,
0x000001384e0656c0, 0x000001384e067600, 0x00000138547fcbd0, 0x00000138547fbc30,
0x00000138549df0c0, 0x00000138549e3ee0, 0x00000138549e46b0, 0x00000138549e5650,
0x00000138546bc440, 0x000001385604eda0, 0x0000013856050510, 0x000001385600dc70,
0x000001386c7b06b0, 0x000001386c7be170, 0x000001386c7be940, 0x000001386c7bf110,
0x00000138547368e0, 0x0000013854733a00, 0x00000138547370b0, 0x0000013854735170,
0x0000013854738820, 0x0000013860292740, 0x0000013860290030, 0x0000013860290800,
0x0000013860291f70, 0x000001386be36fd0, 0x000001386be377a0, 0x000001386be3ae50,
0x00000138549e0830, 0x000001385600ec10, 0x0000013856010380, 0x000001385604fd40,
0x0000013856054390, 0x00000138546bbc70, 0x00000138547fd3a0, 0x00000138547fac90,
0x0000013862eeb6a0, 0x0000013862eece10, 0x0000013862eec640, 0x0000013862eea700,
0x0000013862eed5e0, 0x0000013862eeed50, 0x0000013862eefcf0, 0x0000013862ef04c0,
0x000001386315db70, 0x000001386315eb10, 0x000001386315b460, 0x0000013863164100,
0x0000013863161220, 0x00000138631650a0, 0x0000013863166fe0, 0x0000013863165870,
0x0000013863168f20, 0x0000013863167f80, 0x0000013863166040, 0x0000013860db3380,
0x0000013860db0c70, 0x0000013860db2bb0, 0x0000013860db9140, 0x0000013860db6a30,
0x0000013860dbdf60, 0x0000013860dbc020, 0x0000013860dba8b0, 0x0000013860dbcfc0,
0x000001386c7b54d0, 0x000001386c7b83b0, 0x000001386c7b4d00, 0x000001386be348c0,
0x000001386be35090, 0x000001386be38f10, 0x0000013856009df0, 0x000001385600a5c0,
0x00000138602965c0
}

Java Threads: ( => current thread )
  0x0000013830e92440 JavaThread "main"                              [_thread_blocked, id=3216, stack(0x0000002e6bc00000,0x0000002e6bd00000) (1024K)]
  0x000001384db9f320 JavaThread "Reference Handler"          daemon [_thread_blocked, id=18076, stack(0x0000002e6c400000,0x0000002e6c500000) (1024K)]
  0x000001384db9fae0 JavaThread "Finalizer"                  daemon [_thread_blocked, id=21684, stack(0x0000002e6c500000,0x0000002e6c600000) (1024K)]
  0x000001384dba26b0 JavaThread "Signal Dispatcher"          daemon [_thread_blocked, id=16608, stack(0x0000002e6c600000,0x0000002e6c700000) (1024K)]
  0x000001384dba5280 JavaThread "Attach Listener"            daemon [_thread_blocked, id=21080, stack(0x0000002e6c700000,0x0000002e6c800000) (1024K)]
  0x000001384dba5e40 JavaThread "Service Thread"             daemon [_thread_blocked, id=18700, stack(0x0000002e6c800000,0x0000002e6c900000) (1024K)]
  0x000001384dba6a00 JavaThread "Monitor Deflation Thread"   daemon [_thread_blocked, id=12596, stack(0x0000002e6c900000,0x0000002e6ca00000) (1024K)]
  0x000001384dba7b50 JavaThread "C2 CompilerThread0"         daemon [_thread_blocked, id=20932, stack(0x0000002e6ca00000,0x0000002e6cb00000) (1024K)]
  0x000001384dbab710 JavaThread "C1 CompilerThread0"         daemon [_thread_blocked, id=10772, stack(0x0000002e6cb00000,0x0000002e6cc00000) (1024K)]
  0x000001384e1cf420 JavaThread "Common-Cleaner"             daemon [_thread_blocked, id=21640, stack(0x0000002e6cc00000,0x0000002e6cd00000) (1024K)]
  0x000001384e2821c0 JavaThread "Notification Thread"        daemon [_thread_blocked, id=22932, stack(0x0000002e6cd00000,0x0000002e6ce00000) (1024K)]
  0x000001384e061070 JavaThread "Daemon health stats"               [_thread_blocked, id=14020, stack(0x0000002e6d000000,0x0000002e6d100000) (1024K)]
  0x000001384e0656c0 JavaThread "Incoming local TCP Connector on port 56454"        [_thread_in_native, id=10864, stack(0x0000002e6d100000,0x0000002e6d200000) (1024K)]
  0x000001384e067600 JavaThread "Daemon periodic checks"            [_thread_blocked, id=17320, stack(0x0000002e6d200000,0x0000002e6d300000) (1024K)]
  0x00000138547fcbd0 JavaThread "Cache worker for journal cache (C:\Users\azule\.gradle\caches\journal-1)"        [_thread_blocked, id=23252, stack(0x0000002e6df00000,0x0000002e6e000000) (1024K)]
  0x00000138547fbc30 JavaThread "File lock request listener"        [_thread_in_native, id=22556, stack(0x0000002e6e000000,0x0000002e6e100000) (1024K)]
  0x00000138549df0c0 JavaThread "Cache worker for file hash cache (C:\Users\azule\.gradle\caches\9.5.0\fileHashes)"        [_thread_blocked, id=21812, stack(0x0000002e6e100000,0x0000002e6e200000) (1024K)]
  0x00000138549e3ee0 JavaThread "Cache worker for file content cache (C:\Users\azule\.gradle\caches\9.5.0\fileContent)"        [_thread_blocked, id=5240, stack(0x0000002e6e600000,0x0000002e6e700000) (1024K)]
  0x00000138549e46b0 JavaThread "File watcher server"        daemon [_thread_in_native, id=22468, stack(0x0000002e6e700000,0x0000002e6e800000) (1024K)]
  0x00000138549e5650 JavaThread "File watcher consumer"      daemon [_thread_blocked, id=20760, stack(0x0000002e6e800000,0x0000002e6e900000) (1024K)]
  0x00000138546bc440 JavaThread "DefaultDispatcher-worker-1" daemon [_thread_blocked, id=18168, stack(0x0000002e6eb00000,0x0000002e6ec00000) (1024K)]
  0x000001385604eda0 JavaThread "DefaultDispatcher-worker-2" daemon [_thread_blocked, id=20896, stack(0x0000002e6ec00000,0x0000002e6ed00000) (1024K)]
  0x0000013856050510 JavaThread "DefaultDispatcher-worker-3" daemon [_thread_blocked, id=17700, stack(0x0000002e6ed00000,0x0000002e6ee00000) (1024K)]
  0x000001385600dc70 JavaThread "DefaultDispatcher-worker-4" daemon [_thread_blocked, id=18012, stack(0x0000002e6f200000,0x0000002e6f300000) (1024K)]
  0x000001386c7b06b0 JavaThread "Memory manager"                    [_thread_blocked, id=22860, stack(0x0000002e6f800000,0x0000002e6f900000) (1024K)]
  0x000001386c7be170 JavaThread "Daemon Thread 2"                   [_thread_blocked, id=15276, stack(0x0000002e6b900000,0x0000002e6ba00000) (1024K)]
  0x000001386c7be940 JavaThread "Handler for socket connection from /127.0.0.1:56454 to /127.0.0.1:52889"        [_thread_in_native, id=20320, stack(0x0000002e6ba00000,0x0000002e6bb00000) (1024K)]
  0x000001386c7bf110 JavaThread "Cancel handler"                    [_thread_blocked, id=13920, stack(0x0000002e6bb00000,0x0000002e6bc00000) (1024K)]
  0x00000138547368e0 JavaThread "Daemon worker Thread 2"            [_thread_blocked, id=21168, stack(0x0000002e6d300000,0x0000002e6d400000) (1024K)]
  0x0000013854733a00 JavaThread "Asynchronous log dispatcher for DefaultDaemonConnection: socket connection from /127.0.0.1:56454 to /127.0.0.1:52889"        [_thread_blocked, id=21024, stack(0x0000002e6d400000,0x0000002e6d500000) (1024K)]
  0x00000138547370b0 JavaThread "Stdin handler"                     [_thread_blocked, id=1604, stack(0x0000002e6d500000,0x0000002e6d600000) (1024K)]
  0x0000013854735170 JavaThread "Daemon client event forwarder"        [_thread_blocked, id=19020, stack(0x0000002e6d600000,0x0000002e6d700000) (1024K)]
  0x0000013854738820 JavaThread "Cache worker for file hash cache (C:\Users\azule\OneDrive\Desktop\Facu\DAM\desarrollo_app_dam\ClubDeportivo\.gradle\9.5.0\fileHashes)"        [_thread_blocked, id=22764, stack(0x0000002e6d700000,0x0000002e6d800000) (1024K)]
  0x0000013860292740 JavaThread "Cache worker for checksums cache (C:\Users\azule\OneDrive\Desktop\Facu\DAM\desarrollo_app_dam\ClubDeportivo\.gradle\9.5.0\checksums)"        [_thread_blocked, id=5704, stack(0x0000002e6dd00000,0x0000002e6de00000) (1024K)]
  0x0000013860290030 JavaThread "Cache worker for Build Output Cleanup Cache (C:\Users\azule\OneDrive\Desktop\Facu\DAM\desarrollo_app_dam\ClubDeportivo\.gradle\buildOutputCleanup)"        [_thread_blocked, id=22028, stack(0x0000002e6de00000,0x0000002e6df00000) (1024K)]
  0x0000013860290800 JavaThread "Cache worker for cache directory md-supplier (C:\Users\azule\.gradle\caches\9.5.0\md-supplier)"        [_thread_blocked, id=19040, stack(0x0000002e6e300000,0x0000002e6e400000) (1024K)]
  0x0000013860291f70 JavaThread "Cache worker for cache directory md-rule (C:\Users\azule\.gradle\caches\9.5.0\md-rule)"        [_thread_blocked, id=9044, stack(0x0000002e6e400000,0x0000002e6e500000) (1024K)]
  0x000001386be36fd0 JavaThread "jar transforms"                    [_thread_blocked, id=22704, stack(0x0000002e6e500000,0x0000002e6e600000) (1024K)]
  0x000001386be377a0 JavaThread "jar transforms Thread 2"           [_thread_blocked, id=21344, stack(0x0000002e6e900000,0x0000002e6ea00000) (1024K)]
  0x000001386be3ae50 JavaThread "jar transforms Thread 3"           [_thread_blocked, id=2132, stack(0x0000002e6ea00000,0x0000002e6eb00000) (1024K)]
  0x00000138549e0830 JavaThread "Build operations"                  [_thread_blocked, id=4472, stack(0x0000002e6ee00000,0x0000002e6ef00000) (1024K)]
  0x000001385600ec10 JavaThread "Build operations Thread 2"         [_thread_blocked, id=13216, stack(0x0000002e6ef00000,0x0000002e6f000000) (1024K)]
  0x0000013856010380 JavaThread "Build operations Thread 3"         [_thread_blocked, id=23060, stack(0x0000002e6f000000,0x0000002e6f100000) (1024K)]
  0x000001385604fd40 JavaThread "Build operations Thread 4"         [_thread_blocked, id=8664, stack(0x0000002e6f100000,0x0000002e6f200000) (1024K)]
  0x0000013856054390 JavaThread "Build operations Thread 5"         [_thread_blocked, id=20528, stack(0x0000002e6f300000,0x0000002e6f400000) (1024K)]
  0x00000138546bbc70 JavaThread "Build operations Thread 6"         [_thread_blocked, id=2736, stack(0x0000002e6f400000,0x0000002e6f500000) (1024K)]
  0x00000138547fd3a0 JavaThread "Build operations Thread 7"         [_thread_blocked, id=8648, stack(0x0000002e6f500000,0x0000002e6f600000) (1024K)]
  0x00000138547fac90 JavaThread "Build operations Thread 8"         [_thread_blocked, id=10960, stack(0x0000002e6f600000,0x0000002e6f700000) (1024K)]
  0x0000013862eeb6a0 JavaThread "jar transforms Thread 4"           [_thread_blocked, id=22228, stack(0x0000002e6f700000,0x0000002e6f800000) (1024K)]
  0x0000013862eece10 JavaThread "jar transforms Thread 5"           [_thread_blocked, id=14812, stack(0x0000002e6f900000,0x0000002e6fa00000) (1024K)]
  0x0000013862eec640 JavaThread "jar transforms Thread 6"           [_thread_blocked, id=21712, stack(0x0000002e6fa00000,0x0000002e6fb00000) (1024K)]
  0x0000013862eea700 JavaThread "jar transforms Thread 7"           [_thread_blocked, id=10608, stack(0x0000002e6fb00000,0x0000002e6fc00000) (1024K)]
  0x0000013862eed5e0 JavaThread "jar transforms Thread 8"           [_thread_blocked, id=9832, stack(0x0000002e6fc00000,0x0000002e6fd00000) (1024K)]
  0x0000013862eeed50 JavaThread "Configuration cache report writer"        [_thread_blocked, id=22344, stack(0x0000002e70000000,0x0000002e70100000) (1024K)]
  0x0000013862eefcf0 JavaThread "build event listener"              [_thread_blocked, id=18900, stack(0x0000002e70100000,0x0000002e70200000) (1024K)]
  0x0000013862ef04c0 JavaThread "build event listener"              [_thread_blocked, id=22948, stack(0x0000002e70200000,0x0000002e70300000) (1024K)]
  0x000001386315db70 JavaThread "Exec process"                      [_thread_blocked, id=21012, stack(0x0000002e70300000,0x0000002e70400000) (1024K)]
  0x000001386315eb10 JavaThread "Exec process Thread 2"             [_thread_blocked, id=20232, stack(0x0000002e70400000,0x0000002e70500000) (1024K)]
  0x000001386315b460 JavaThread "Exec process Thread 3"             [_thread_blocked, id=22928, stack(0x0000002e70500000,0x0000002e70600000) (1024K)]
  0x0000013863164100 JavaThread "included builds"                   [_thread_blocked, id=11616, stack(0x0000002e70600000,0x0000002e70700000) (1024K)]
  0x0000013863161220 JavaThread "Execution worker"                  [_thread_blocked, id=22208, stack(0x0000002e70700000,0x0000002e70800000) (1024K)]
  0x00000138631650a0 JavaThread "Execution worker Thread 2"         [_thread_blocked, id=16160, stack(0x0000002e70800000,0x0000002e70900000) (1024K)]
  0x0000013863166fe0 JavaThread "Execution worker Thread 3"         [_thread_blocked, id=3884, stack(0x0000002e70900000,0x0000002e70a00000) (1024K)]
  0x0000013863165870 JavaThread "Execution worker Thread 4"         [_thread_blocked, id=7580, stack(0x0000002e70a00000,0x0000002e70b00000) (1024K)]
  0x0000013863168f20 JavaThread "Execution worker Thread 5"         [_thread_blocked, id=19748, stack(0x0000002e70b00000,0x0000002e70c00000) (1024K)]
  0x0000013863167f80 JavaThread "Execution worker Thread 6"         [_thread_blocked, id=1904, stack(0x0000002e70c00000,0x0000002e70d00000) (1024K)]
  0x0000013863166040 JavaThread "Execution worker Thread 7"         [_thread_blocked, id=8304, stack(0x0000002e70d00000,0x0000002e70e00000) (1024K)]
  0x0000013860db3380 JavaThread "Cache worker for execution history cache (C:\Users\azule\OneDrive\Desktop\Facu\DAM\desarrollo_app_dam\ClubDeportivo\.gradle\9.5.0\executionHistory)"        [_thread_blocked, id=20488, stack(0x0000002e70e00000,0x0000002e70f00000) (1024K)]
  0x0000013860db0c70 JavaThread "WorkerExecutor Queue"              [_thread_blocked, id=17708, stack(0x0000002e70f00000,0x0000002e71000000) (1024K)]
  0x0000013860db2bb0 JavaThread "WorkerExecutor Queue Thread 2"        [_thread_blocked, id=16976, stack(0x0000002e71000000,0x0000002e71100000) (1024K)]
=>0x0000013860db9140 JavaThread "WorkerExecutor Queue Thread 3"        [_thread_in_Java, id=20864, stack(0x0000002e71100000,0x0000002e71200000) (1024K)]
  0x0000013860db6a30 JavaThread "WorkerExecutor Queue Thread 4"        [_thread_blocked, id=7484, stack(0x0000002e71200000,0x0000002e71300000) (1024K)]
  0x0000013860dbdf60 JavaThread "WorkerExecutor Queue Thread 5"        [_thread_blocked, id=21848, stack(0x0000002e71300000,0x0000002e71400000) (1024K)]
  0x0000013860dbc020 JavaThread "WorkerExecutor Queue Thread 6"        [_thread_blocked, id=22024, stack(0x0000002e71400000,0x0000002e71500000) (1024K)]
  0x0000013860dba8b0 JavaThread "WorkerExecutor Queue Thread 7"        [_thread_blocked, id=16128, stack(0x0000002e71500000,0x0000002e71600000) (1024K)]
  0x0000013860dbcfc0 JavaThread "WorkerExecutor Queue Thread 8"        [_thread_blocked, id=20788, stack(0x0000002e71600000,0x0000002e71700000) (1024K)]
  0x000001386c7b54d0 JavaThread "pool-4-thread-1"                   [_thread_blocked, id=22236, stack(0x0000002e71800000,0x0000002e71900000) (1024K)]
  0x000001386c7b83b0 JavaThread "stderr"                            [_thread_in_native, id=14504, stack(0x0000002e71900000,0x0000002e71a00000) (1024K)]
  0x000001386c7b4d00 JavaThread "stdout"                            [_thread_in_native, id=19680, stack(0x0000002e71a00000,0x0000002e71b00000) (1024K)]
  0x000001386be348c0 JavaThread "RMI Scheduler(0)"           daemon [_thread_blocked, id=16284, stack(0x0000002e71700000,0x0000002e71800000) (1024K)]
  0x000001386be35090 JavaThread "RMI RenewClean-[127.0.0.1:17769,org.jetbrains.kotlin.daemon.common.LoopbackNetworkInterface$ClientLoopbackSocketFactory@76a43b99]" daemon [_thread_blocked, id=19644, stack(0x0000002e71b00000,0x0000002e71c00000) (1024K)]
  0x000001386be38f10 JavaThread "RMI GC Daemon"              daemon [_thread_blocked, id=13688, stack(0x0000002e71c00000,0x0000002e71d00000) (1024K)]
  0x0000013856009df0 JavaThread "RMI TCP Accept-0"           daemon [_thread_in_native, id=10540, stack(0x0000002e71d00000,0x0000002e71e00000) (1024K)]
  0x000001385600a5c0 JavaThread "RMI Reaper"                        [_thread_blocked, id=16124, stack(0x0000002e71e00000,0x0000002e71f00000) (1024K)]
  0x00000138602965c0 JavaThread "RMI TCP Connection(1)-127.0.0.1" daemon [_thread_in_native, id=14428, stack(0x0000002e71f00000,0x0000002e72000000) (1024K)]
Total: 85

Other Threads:
  0x000001384db90120 VMThread "VM Thread"                           [id=14860, stack(0x0000002e6c300000,0x0000002e6c400000) (1024K)]
  0x000001384db7f390 WatcherThread "VM Periodic Task Thread"        [id=18952, stack(0x0000002e6c200000,0x0000002e6c300000) (1024K)]
  0x0000013830ef0db0 WorkerThread "GC Thread#0"                     [id=22988, stack(0x0000002e6bd00000,0x0000002e6be00000) (1024K)]
  0x0000013853662150 WorkerThread "GC Thread#1"                     [id=22544, stack(0x0000002e6ce00000,0x0000002e6cf00000) (1024K)]
  0x0000013853664590 WorkerThread "GC Thread#2"                     [id=22176, stack(0x0000002e6cf00000,0x0000002e6d000000) (1024K)]
  0x000001385381ac00 WorkerThread "GC Thread#3"                     [id=17988, stack(0x0000002e6d800000,0x0000002e6d900000) (1024K)]
  0x0000013853818530 WorkerThread "GC Thread#4"                     [id=17764, stack(0x0000002e6d900000,0x0000002e6da00000) (1024K)]
  0x0000013853819670 WorkerThread "GC Thread#5"                     [id=20492, stack(0x0000002e6da00000,0x0000002e6db00000) (1024K)]
  0x0000013853819ac0 WorkerThread "GC Thread#6"                     [id=23144, stack(0x0000002e6db00000,0x0000002e6dc00000) (1024K)]
  0x000001385381b050 WorkerThread "GC Thread#7"                     [id=22724, stack(0x0000002e6dc00000,0x0000002e6dd00000) (1024K)]
  0x0000013830f0a690 ConcurrentGCThread "G1 Main Marker"            [id=22888, stack(0x0000002e6be00000,0x0000002e6bf00000) (1024K)]
  0x0000013830f0c290 WorkerThread "G1 Conc#0"                       [id=21580, stack(0x0000002e6bf00000,0x0000002e6c000000) (1024K)]
  0x0000013854b01c40 WorkerThread "G1 Conc#1"                       [id=20736, stack(0x0000002e6e200000,0x0000002e6e300000) (1024K)]
  0x000001384da41150 ConcurrentGCThread "G1 Refine#0"               [id=21548, stack(0x0000002e6c000000,0x0000002e6c100000) (1024K)]
  0x000001384da41a10 ConcurrentGCThread "G1 Service"                [id=20852, stack(0x0000002e6c100000,0x0000002e6c200000) (1024K)]
Total: 15

Threads with active compile tasks:
Total: 0

VM state: not at safepoint (normal execution)

VM Mutex/Monitor currently owned by a thread: None

Heap address: 0x0000000080000000, size: 2048 MB, Compressed Oops mode: 32-bit

CDS archive(s) mapped at: [0x000000000c000000-0x000000000cdd0000-0x000000000cdd0000), size 14483456, SharedBaseAddress: 0x000000000c000000, ArchiveRelocationMode: 1.
Compressed class space mapped at: 0x000000000d000000-0x000000004d000000, reserved size: 1073741824
UseCompressedClassPointers 1, UseCompactObjectHeaders 0
Narrow klass pointer bits 32, Max shift 3
Narrow klass base: 0x000000000c000000, Narrow klass shift: 0
Encoding Range: [0x000000000c000000 - 0x000000010c000000), (4294967296 bytes)
Klass Range:    [0x000000000c010000 - 0x000000004d000000), (1090453504 bytes)
Klass ID Range:  [65536 - 1090519033) (1090453497)
Protection zone: [0x000000000c000000 - 0x000000000c010000), (65536 bytes)

GC Precious Log:
 CardTable entry size: 512
 Card Set container configuration: InlinePtr #cards 5 size 8 Array Of Cards #cards 10 size 36 Howl #buckets 4 coarsen threshold 1843 Howl Bitmap #cards 512 size 80 coarsen threshold 460 Card regions per heap region 1 cards per card region 2048
 CPUs: 8 total, 8 available
 Memory: 7845M
 Large Page Support: Disabled
 NUMA Support: Disabled
 Compressed Oops: Enabled (32-bit)
 Heap Region Size: 1M
 Heap Min Capacity: 8M
 Heap Initial Capacity: 124M
 Heap Max Capacity: 2G
 Pre-touch: Disabled
 Parallel Workers: 8
 Concurrent Workers: 2
 Concurrent Refinement Workers: 8
 Periodic GC: Disabled

Heap:
 garbage-first heap   total reserved 2097152K, committed 328704K, used 285543K [0x0000000080000000, 0x0000000100000000)
  region size 1024K, 112 young (114688K), 13 survivors (13312K)

Heap Regions: E=young(eden), S=young(survivor), O=old, HS=humongous(starts), HC=humongous(continues), CS=collection set, F=free, TAMS=top-at-mark-start, PB=parsable bottom
|   0|0x0000000080000000, 0x0000000080100000, 0x0000000080100000|100%|HS|  |TAMS 0x0000000080000000| PB 0x0000000080000000| Complete |  0
|   1|0x0000000080100000, 0x0000000080200000, 0x0000000080200000|100%|HC|  |TAMS 0x0000000080100000| PB 0x0000000080100000| Complete |  0
|   2|0x0000000080200000, 0x0000000080300000, 0x0000000080300000|100%|HC|  |TAMS 0x0000000080200000| PB 0x0000000080200000| Complete |  0
|   3|0x0000000080300000, 0x0000000080400000, 0x0000000080400000|100%|HC|  |TAMS 0x0000000080300000| PB 0x0000000080300000| Complete |  0
|   4|0x0000000080400000, 0x0000000080500000, 0x0000000080500000|100%| O|  |TAMS 0x0000000080400000| PB 0x0000000080400000| Untracked |  0
|   5|0x0000000080500000, 0x0000000080600000, 0x0000000080600000|100%| O|  |TAMS 0x0000000080500000| PB 0x0000000080500000| Untracked |  0
|   6|0x0000000080600000, 0x0000000080700000, 0x0000000080700000|100%|HS|  |TAMS 0x0000000080600000| PB 0x0000000080600000| Complete |  0
|   7|0x0000000080700000, 0x0000000080800000, 0x0000000080800000|100%| O|  |TAMS 0x0000000080700000| PB 0x0000000080700000| Untracked |  0
|   8|0x0000000080800000, 0x0000000080900000, 0x0000000080900000|100%| O|  |TAMS 0x0000000080800000| PB 0x0000000080800000| Untracked |  0
|   9|0x0000000080900000, 0x0000000080a00000, 0x0000000080a00000|100%| O|  |TAMS 0x0000000080900000| PB 0x0000000080900000| Untracked |  0
|  10|0x0000000080a00000, 0x0000000080b00000, 0x0000000080b00000|100%| O|  |TAMS 0x0000000080a00000| PB 0x0000000080a00000| Untracked |  0
|  11|0x0000000080b00000, 0x0000000080c00000, 0x0000000080c00000|100%| O|  |TAMS 0x0000000080b00000| PB 0x0000000080b00000| Untracked |  0
|  12|0x0000000080c00000, 0x0000000080d00000, 0x0000000080d00000|100%| O|  |TAMS 0x0000000080c00000| PB 0x0000000080c00000| Untracked |  0
|  13|0x0000000080d00000, 0x0000000080e00000, 0x0000000080e00000|100%| O|  |TAMS 0x0000000080d00000| PB 0x0000000080d00000| Untracked |  0
|  14|0x0000000080e00000, 0x0000000080f00000, 0x0000000080f00000|100%| O|  |TAMS 0x0000000080e00000| PB 0x0000000080e00000| Untracked |  0
|  15|0x0000000080f00000, 0x0000000081000000, 0x0000000081000000|100%| O|  |TAMS 0x0000000080f00000| PB 0x0000000080f00000| Untracked |  0
|  16|0x0000000081000000, 0x0000000081100000, 0x0000000081100000|100%| O|  |TAMS 0x0000000081000000| PB 0x0000000081000000| Untracked |  0
|  17|0x0000000081100000, 0x0000000081200000, 0x0000000081200000|100%| O|  |TAMS 0x0000000081100000| PB 0x0000000081100000| Untracked |  0
|  18|0x0000000081200000, 0x0000000081300000, 0x0000000081300000|100%| O|  |TAMS 0x0000000081200000| PB 0x0000000081200000| Untracked |  0
|  19|0x0000000081300000, 0x0000000081400000, 0x0000000081400000|100%| O|  |TAMS 0x0000000081300000| PB 0x0000000081300000| Untracked |  0
|  20|0x0000000081400000, 0x0000000081500000, 0x0000000081500000|100%| O|  |TAMS 0x0000000081400000| PB 0x0000000081400000| Untracked |  0
|  21|0x0000000081500000, 0x0000000081600000, 0x0000000081600000|100%| O|  |TAMS 0x0000000081500000| PB 0x0000000081500000| Untracked |  0
|  22|0x0000000081600000, 0x0000000081700000, 0x0000000081700000|100%| O|  |TAMS 0x0000000081600000| PB 0x0000000081600000| Untracked |  0
|  23|0x0000000081700000, 0x0000000081800000, 0x0000000081800000|100%| O|  |TAMS 0x0000000081700000| PB 0x0000000081700000| Untracked |  0
|  24|0x0000000081800000, 0x0000000081900000, 0x0000000081900000|100%| O|  |TAMS 0x0000000081800000| PB 0x0000000081800000| Untracked |  0
|  25|0x0000000081900000, 0x0000000081a00000, 0x0000000081a00000|100%| O|  |TAMS 0x0000000081900000| PB 0x0000000081900000| Untracked |  0
|  26|0x0000000081a00000, 0x0000000081b00000, 0x0000000081b00000|100%| O|Cm|TAMS 0x0000000081a00000| PB 0x0000000081a00000| Complete |  0
|  27|0x0000000081b00000, 0x0000000081c00000, 0x0000000081c00000|100%| O|  |TAMS 0x0000000081b00000| PB 0x0000000081b00000| Untracked |  0
|  28|0x0000000081c00000, 0x0000000081d00000, 0x0000000081d00000|100%| O|  |TAMS 0x0000000081c00000| PB 0x0000000081c00000| Untracked |  0
|  29|0x0000000081d00000, 0x0000000081e00000, 0x0000000081e00000|100%| O|  |TAMS 0x0000000081d00000| PB 0x0000000081d00000| Untracked |  0
|  30|0x0000000081e00000, 0x0000000081f00000, 0x0000000081f00000|100%| O|  |TAMS 0x0000000081e00000| PB 0x0000000081e00000| Untracked |  0
|  31|0x0000000081f00000, 0x0000000082000000, 0x0000000082000000|100%| O|  |TAMS 0x0000000081f00000| PB 0x0000000081f00000| Untracked |  0
|  32|0x0000000082000000, 0x0000000082100000, 0x0000000082100000|100%| O|  |TAMS 0x0000000082000000| PB 0x0000000082000000| Untracked |  0
|  33|0x0000000082100000, 0x0000000082200000, 0x0000000082200000|100%| O|  |TAMS 0x0000000082100000| PB 0x0000000082100000| Untracked |  0
|  34|0x0000000082200000, 0x0000000082300000, 0x0000000082300000|100%| O|  |TAMS 0x0000000082200000| PB 0x0000000082200000| Untracked |  0
|  35|0x0000000082300000, 0x0000000082400000, 0x0000000082400000|100%| O|  |TAMS 0x0000000082300000| PB 0x0000000082300000| Untracked |  0
|  36|0x0000000082400000, 0x0000000082500000, 0x0000000082500000|100%| O|  |TAMS 0x0000000082400000| PB 0x0000000082400000| Untracked |  0
|  37|0x0000000082500000, 0x0000000082600000, 0x0000000082600000|100%| O|  |TAMS 0x0000000082500000| PB 0x0000000082500000| Untracked |  0
|  38|0x0000000082600000, 0x0000000082700000, 0x0000000082700000|100%| O|  |TAMS 0x0000000082600000| PB 0x0000000082600000| Untracked |  0
|  39|0x0000000082700000, 0x0000000082800000, 0x0000000082800000|100%| O|  |TAMS 0x0000000082700000| PB 0x0000000082700000| Untracked |  0
|  40|0x0000000082800000, 0x0000000082900000, 0x0000000082900000|100%| O|  |TAMS 0x0000000082800000| PB 0x0000000082800000| Untracked |  0
|  41|0x0000000082900000, 0x0000000082a00000, 0x0000000082a00000|100%| O|  |TAMS 0x0000000082900000| PB 0x0000000082900000| Untracked |  0
|  42|0x0000000082a00000, 0x0000000082b00000, 0x0000000082b00000|100%| O|  |TAMS 0x0000000082a00000| PB 0x0000000082a00000| Untracked |  0
|  43|0x0000000082b00000, 0x0000000082c00000, 0x0000000082c00000|100%| O|  |TAMS 0x0000000082b00000| PB 0x0000000082b00000| Untracked |  0
|  44|0x0000000082c00000, 0x0000000082d00000, 0x0000000082d00000|100%| O|  |TAMS 0x0000000082c00000| PB 0x0000000082c00000| Untracked |  0
|  45|0x0000000082d00000, 0x0000000082e00000, 0x0000000082e00000|100%| O|  |TAMS 0x0000000082d00000| PB 0x0000000082d00000| Untracked |  0
|  46|0x0000000082e00000, 0x0000000082f00000, 0x0000000082f00000|100%| O|  |TAMS 0x0000000082e00000| PB 0x0000000082e00000| Untracked |  0
|  47|0x0000000082f00000, 0x0000000083000000, 0x0000000083000000|100%| O|  |TAMS 0x0000000082f00000| PB 0x0000000082f00000| Untracked |  0
|  48|0x0000000083000000, 0x0000000083100000, 0x0000000083100000|100%| O|  |TAMS 0x0000000083000000| PB 0x0000000083000000| Untracked |  0
|  49|0x0000000083100000, 0x0000000083200000, 0x0000000083200000|100%| O|  |TAMS 0x0000000083100000| PB 0x0000000083100000| Untracked |  0
|  50|0x0000000083200000, 0x0000000083300000, 0x0000000083300000|100%| O|  |TAMS 0x0000000083200000| PB 0x0000000083200000| Untracked |  0
|  51|0x0000000083300000, 0x0000000083400000, 0x0000000083400000|100%| O|  |TAMS 0x0000000083300000| PB 0x0000000083300000| Untracked |  0
|  52|0x0000000083400000, 0x0000000083500000, 0x0000000083500000|100%| O|  |TAMS 0x0000000083400000| PB 0x0000000083400000| Untracked |  0
|  53|0x0000000083500000, 0x0000000083600000, 0x0000000083600000|100%| O|  |TAMS 0x0000000083500000| PB 0x0000000083500000| Untracked |  0
|  54|0x0000000083600000, 0x0000000083700000, 0x0000000083700000|100%| O|Cm|TAMS 0x0000000083600000| PB 0x0000000083600000| Complete |  0
|  55|0x0000000083700000, 0x0000000083800000, 0x0000000083800000|100%| O|Cm|TAMS 0x0000000083700000| PB 0x0000000083700000| Complete |  0
|  56|0x0000000083800000, 0x0000000083900000, 0x0000000083900000|100%| O|  |TAMS 0x0000000083800000| PB 0x0000000083800000| Untracked |  0
|  57|0x0000000083900000, 0x0000000083a00000, 0x0000000083a00000|100%| O|  |TAMS 0x0000000083900000| PB 0x0000000083900000| Untracked |  0
|  58|0x0000000083a00000, 0x0000000083b00000, 0x0000000083b00000|100%| O|  |TAMS 0x0000000083a00000| PB 0x0000000083a00000| Untracked |  0
|  59|0x0000000083b00000, 0x0000000083c00000, 0x0000000083c00000|100%| O|  |TAMS 0x0000000083b00000| PB 0x0000000083b00000| Untracked |  0
|  60|0x0000000083c00000, 0x0000000083d00000, 0x0000000083d00000|100%| O|  |TAMS 0x0000000083c00000| PB 0x0000000083c00000| Untracked |  0
|  61|0x0000000083d00000, 0x0000000083e00000, 0x0000000083e00000|100%| O|Cm|TAMS 0x0000000083d00000| PB 0x0000000083d00000| Complete |  0
|  62|0x0000000083e00000, 0x0000000083f00000, 0x0000000083f00000|100%| O|  |TAMS 0x0000000083e00000| PB 0x0000000083e00000| Untracked |  0
|  63|0x0000000083f00000, 0x0000000084000000, 0x0000000084000000|100%| O|  |TAMS 0x0000000083f00000| PB 0x0000000083f00000| Untracked |  0
|  64|0x0000000084000000, 0x0000000084100000, 0x0000000084100000|100%| O|  |TAMS 0x0000000084000000| PB 0x0000000084000000| Untracked |  0
|  65|0x0000000084100000, 0x0000000084200000, 0x0000000084200000|100%| O|  |TAMS 0x0000000084100000| PB 0x0000000084100000| Untracked |  0
|  66|0x0000000084200000, 0x0000000084300000, 0x0000000084300000|100%| O|  |TAMS 0x0000000084200000| PB 0x0000000084200000| Untracked |  0
|  67|0x0000000084300000, 0x0000000084400000, 0x0000000084400000|100%| O|Cm|TAMS 0x0000000084300000| PB 0x0000000084300000| Complete |  0
|  68|0x0000000084400000, 0x0000000084500000, 0x0000000084500000|100%| O|  |TAMS 0x0000000084400000| PB 0x0000000084400000| Untracked |  0
|  69|0x0000000084500000, 0x0000000084600000, 0x0000000084600000|100%| O|  |TAMS 0x0000000084500000| PB 0x0000000084500000| Untracked |  0
|  70|0x0000000084600000, 0x0000000084700000, 0x0000000084700000|100%| O|  |TAMS 0x0000000084600000| PB 0x0000000084600000| Untracked |  0
|  71|0x0000000084700000, 0x0000000084800000, 0x0000000084800000|100%| O|  |TAMS 0x0000000084700000| PB 0x0000000084700000| Untracked |  0
|  72|0x0000000084800000, 0x0000000084900000, 0x0000000084900000|100%| O|  |TAMS 0x0000000084800000| PB 0x0000000084800000| Untracked |  0
|  73|0x0000000084900000, 0x0000000084a00000, 0x0000000084a00000|100%| O|  |TAMS 0x0000000084900000| PB 0x0000000084900000| Untracked |  0
|  74|0x0000000084a00000, 0x0000000084b00000, 0x0000000084b00000|100%| O|  |TAMS 0x0000000084a00000| PB 0x0000000084a00000| Untracked |  0
|  75|0x0000000084b00000, 0x0000000084c00000, 0x0000000084c00000|100%| O|  |TAMS 0x0000000084b00000| PB 0x0000000084b00000| Untracked |  0
|  76|0x0000000084c00000, 0x0000000084d00000, 0x0000000084d00000|100%| O|  |TAMS 0x0000000084c00000| PB 0x0000000084c00000| Untracked |  0
|  77|0x0000000084d00000, 0x0000000084e00000, 0x0000000084e00000|100%| O|  |TAMS 0x0000000084d00000| PB 0x0000000084d00000| Untracked |  0
|  78|0x0000000084e00000, 0x0000000084f00000, 0x0000000084f00000|100%| O|  |TAMS 0x0000000084e00000| PB 0x0000000084e00000| Untracked |  0
|  79|0x0000000084f00000, 0x0000000085000000, 0x0000000085000000|100%| O|  |TAMS 0x0000000084f00000| PB 0x0000000084f00000| Untracked |  0
|  80|0x0000000085000000, 0x0000000085100000, 0x0000000085100000|100%| O|  |TAMS 0x0000000085000000| PB 0x0000000085000000| Untracked |  0
|  81|0x0000000085100000, 0x0000000085200000, 0x0000000085200000|100%| O|  |TAMS 0x0000000085100000| PB 0x0000000085100000| Untracked |  0
|  82|0x0000000085200000, 0x0000000085300000, 0x0000000085300000|100%| O|  |TAMS 0x0000000085200000| PB 0x0000000085200000| Untracked |  0
|  83|0x0000000085300000, 0x0000000085400000, 0x0000000085400000|100%| O|  |TAMS 0x0000000085300000| PB 0x0000000085300000| Untracked |  0
|  84|0x0000000085400000, 0x0000000085500000, 0x0000000085500000|100%| O|  |TAMS 0x0000000085400000| PB 0x0000000085400000| Untracked |  0
|  85|0x0000000085500000, 0x0000000085600000, 0x0000000085600000|100%| O|  |TAMS 0x0000000085500000| PB 0x0000000085500000| Untracked |  0
|  86|0x0000000085600000, 0x0000000085700000, 0x0000000085700000|100%| O|  |TAMS 0x0000000085600000| PB 0x0000000085600000| Untracked |  0
|  87|0x0000000085700000, 0x0000000085800000, 0x0000000085800000|100%| O|  |TAMS 0x0000000085700000| PB 0x0000000085700000| Untracked |  0
|  88|0x0000000085800000, 0x0000000085900000, 0x0000000085900000|100%| O|  |TAMS 0x0000000085800000| PB 0x0000000085800000| Untracked |  0
|  89|0x0000000085900000, 0x0000000085a00000, 0x0000000085a00000|100%|HS|  |TAMS 0x0000000085900000| PB 0x0000000085900000| Complete |  0
|  90|0x0000000085a00000, 0x0000000085b00000, 0x0000000085b00000|100%|HC|  |TAMS 0x0000000085a00000| PB 0x0000000085a00000| Complete |  0
|  91|0x0000000085b00000, 0x0000000085c00000, 0x0000000085c00000|100%| O|  |TAMS 0x0000000085b00000| PB 0x0000000085b00000| Untracked |  0
|  92|0x0000000085c00000, 0x0000000085d00000, 0x0000000085d00000|100%| O|  |TAMS 0x0000000085c00000| PB 0x0000000085c00000| Untracked |  0
|  93|0x0000000085d00000, 0x0000000085e00000, 0x0000000085e00000|100%| O|  |TAMS 0x0000000085d00000| PB 0x0000000085d00000| Untracked |  0
|  94|0x0000000085e00000, 0x0000000085f00000, 0x0000000085f00000|100%|HS|  |TAMS 0x0000000085e00000| PB 0x0000000085e00000| Complete |  0
|  95|0x0000000085f00000, 0x0000000086000000, 0x0000000086000000|100%|HS|  |TAMS 0x0000000085f00000| PB 0x0000000085f00000| Complete |  0
|  96|0x0000000086000000, 0x0000000086100000, 0x0000000086100000|100%|HS|  |TAMS 0x0000000086000000| PB 0x0000000086000000| Complete |  0
|  97|0x0000000086100000, 0x0000000086200000, 0x0000000086200000|100%|HC|  |TAMS 0x0000000086100000| PB 0x0000000086100000| Complete |  0
|  98|0x0000000086200000, 0x0000000086300000, 0x0000000086300000|100%| O|  |TAMS 0x0000000086200000| PB 0x0000000086200000| Untracked |  0
|  99|0x0000000086300000, 0x0000000086400000, 0x0000000086400000|100%| O|  |TAMS 0x0000000086300000| PB 0x0000000086300000| Untracked |  0
| 100|0x0000000086400000, 0x0000000086500000, 0x0000000086500000|100%| O|  |TAMS 0x0000000086400000| PB 0x0000000086400000| Untracked |  0
| 101|0x0000000086500000, 0x0000000086600000, 0x0000000086600000|100%|HS|  |TAMS 0x0000000086500000| PB 0x0000000086500000| Complete |  0
| 102|0x0000000086600000, 0x0000000086700000, 0x0000000086700000|100%|HS|  |TAMS 0x0000000086600000| PB 0x0000000086600000| Complete |  0
| 103|0x0000000086700000, 0x0000000086800000, 0x0000000086800000|100%| O|  |TAMS 0x0000000086700000| PB 0x0000000086700000| Untracked |  0
| 104|0x0000000086800000, 0x0000000086900000, 0x0000000086900000|100%| O|  |TAMS 0x0000000086800000| PB 0x0000000086800000| Untracked |  0
| 105|0x0000000086900000, 0x0000000086a00000, 0x0000000086a00000|100%| O|  |TAMS 0x0000000086900000| PB 0x0000000086900000| Untracked |  0
| 106|0x0000000086a00000, 0x0000000086b00000, 0x0000000086b00000|100%| O|  |TAMS 0x0000000086a00000| PB 0x0000000086a00000| Untracked |  0
| 107|0x0000000086b00000, 0x0000000086c00000, 0x0000000086c00000|100%| O|  |TAMS 0x0000000086b00000| PB 0x0000000086b00000| Untracked |  0
| 108|0x0000000086c00000, 0x0000000086d00000, 0x0000000086d00000|100%| O|  |TAMS 0x0000000086c00000| PB 0x0000000086c00000| Untracked |  0
| 109|0x0000000086d00000, 0x0000000086e00000, 0x0000000086e00000|100%| O|  |TAMS 0x0000000086d00000| PB 0x0000000086d00000| Untracked |  0
| 110|0x0000000086e00000, 0x0000000086f00000, 0x0000000086f00000|100%| O|  |TAMS 0x0000000086e00000| PB 0x0000000086e00000| Untracked |  0
| 111|0x0000000086f00000, 0x0000000087000000, 0x0000000087000000|100%| O|  |TAMS 0x0000000086f00000| PB 0x0000000086f00000| Untracked |  0
| 112|0x0000000087000000, 0x0000000087100000, 0x0000000087100000|100%| O|  |TAMS 0x0000000087000000| PB 0x0000000087000000| Untracked |  0
| 113|0x0000000087100000, 0x0000000087200000, 0x0000000087200000|100%| O|Cm|TAMS 0x0000000087100000| PB 0x0000000087100000| Complete |  0
| 114|0x0000000087200000, 0x0000000087300000, 0x0000000087300000|100%|HS|  |TAMS 0x0000000087200000| PB 0x0000000087200000| Complete |  0
| 115|0x0000000087300000, 0x0000000087400000, 0x0000000087400000|100%| O|  |TAMS 0x0000000087300000| PB 0x0000000087300000| Untracked |  0
| 116|0x0000000087400000, 0x0000000087500000, 0x0000000087500000|100%|HS|  |TAMS 0x0000000087400000| PB 0x0000000087400000| Complete |  0
| 117|0x0000000087500000, 0x0000000087600000, 0x0000000087600000|100%| O|  |TAMS 0x0000000087500000| PB 0x0000000087500000| Untracked |  0
| 118|0x0000000087600000, 0x0000000087700000, 0x0000000087700000|100%| O|  |TAMS 0x0000000087600000| PB 0x0000000087600000| Untracked |  0
| 119|0x0000000087700000, 0x0000000087800000, 0x0000000087800000|100%| O|  |TAMS 0x0000000087700000| PB 0x0000000087700000| Untracked |  0
| 120|0x0000000087800000, 0x0000000087900000, 0x0000000087900000|100%| O|  |TAMS 0x0000000087800000| PB 0x0000000087800000| Untracked |  0
| 121|0x0000000087900000, 0x0000000087a00000, 0x0000000087a00000|100%| O|  |TAMS 0x0000000087900000| PB 0x0000000087900000| Untracked |  0
| 122|0x0000000087a00000, 0x0000000087b00000, 0x0000000087b00000|100%| O|  |TAMS 0x0000000087a00000| PB 0x0000000087a00000| Untracked |  0
| 123|0x0000000087b00000, 0x0000000087c00000, 0x0000000087c00000|100%| O|  |TAMS 0x0000000087b00000| PB 0x0000000087b00000| Untracked |  0
| 124|0x0000000087c00000, 0x0000000087d00000, 0x0000000087d00000|100%| O|  |TAMS 0x0000000087c00000| PB 0x0000000087c00000| Untracked |  0
| 125|0x0000000087d00000, 0x0000000087e00000, 0x0000000087e00000|100%| O|  |TAMS 0x0000000087d00000| PB 0x0000000087d00000| Untracked |  0
| 126|0x0000000087e00000, 0x0000000087f00000, 0x0000000087f00000|100%| O|  |TAMS 0x0000000087e00000| PB 0x0000000087e00000| Untracked |  0
| 127|0x0000000087f00000, 0x0000000088000000, 0x0000000088000000|100%| O|  |TAMS 0x0000000087f00000| PB 0x0000000087f00000| Untracked |  0
| 128|0x0000000088000000, 0x0000000088100000, 0x0000000088100000|100%| O|  |TAMS 0x0000000088000000| PB 0x0000000088000000| Untracked |  0
| 129|0x0000000088100000, 0x0000000088200000, 0x0000000088200000|100%| O|  |TAMS 0x0000000088100000| PB 0x0000000088100000| Untracked |  0
| 130|0x0000000088200000, 0x0000000088300000, 0x0000000088300000|100%| O|  |TAMS 0x0000000088200000| PB 0x0000000088200000| Untracked |  0
| 131|0x0000000088300000, 0x0000000088400000, 0x0000000088400000|100%|HS|  |TAMS 0x0000000088300000| PB 0x0000000088300000| Complete |  0
| 132|0x0000000088400000, 0x0000000088500000, 0x0000000088500000|100%|HC|  |TAMS 0x0000000088400000| PB 0x0000000088400000| Complete |  0
| 133|0x0000000088500000, 0x0000000088600000, 0x0000000088600000|100%| O|  |TAMS 0x0000000088500000| PB 0x0000000088500000| Untracked |  0
| 134|0x0000000088600000, 0x0000000088700000, 0x0000000088700000|100%| O|  |TAMS 0x0000000088600000| PB 0x0000000088600000| Untracked |  0
| 135|0x0000000088700000, 0x0000000088800000, 0x0000000088800000|100%| O|  |TAMS 0x0000000088700000| PB 0x0000000088700000| Untracked |  0
| 136|0x0000000088800000, 0x0000000088900000, 0x0000000088900000|100%| O|  |TAMS 0x0000000088800000| PB 0x0000000088800000| Untracked |  0
| 137|0x0000000088900000, 0x0000000088a00000, 0x0000000088a00000|100%|HS|  |TAMS 0x0000000088900000| PB 0x0000000088900000| Complete |  0
| 138|0x0000000088a00000, 0x0000000088b00000, 0x0000000088b00000|100%|HS|  |TAMS 0x0000000088a00000| PB 0x0000000088a00000| Complete |  0
| 139|0x0000000088b00000, 0x0000000088c00000, 0x0000000088c00000|100%| O|  |TAMS 0x0000000088b00000| PB 0x0000000088b00000| Untracked |  0
| 140|0x0000000088c00000, 0x0000000088d00000, 0x0000000088d00000|100%| O|  |TAMS 0x0000000088c00000| PB 0x0000000088c00000| Untracked |  0
| 141|0x0000000088d00000, 0x0000000088e00000, 0x0000000088e00000|100%| O|  |TAMS 0x0000000088d00000| PB 0x0000000088d00000| Untracked |  0
| 142|0x0000000088e00000, 0x0000000088efd130, 0x0000000088f00000| 98%| O|  |TAMS 0x0000000088e00000| PB 0x0000000088e00000| Untracked |  0
| 143|0x0000000088f00000, 0x0000000088f00000, 0x0000000089000000|  0%| F|  |TAMS 0x0000000088f00000| PB 0x0000000088f00000| Untracked |  0
| 144|0x0000000089000000, 0x0000000089000000, 0x0000000089100000|  0%| F|  |TAMS 0x0000000089000000| PB 0x0000000089000000| Untracked |  0
| 145|0x0000000089100000, 0x0000000089100000, 0x0000000089200000|  0%| F|  |TAMS 0x0000000089100000| PB 0x0000000089100000| Untracked |  0
| 146|0x0000000089200000, 0x0000000089300000, 0x0000000089300000|100%|HS|  |TAMS 0x0000000089200000| PB 0x0000000089200000| Complete |  0
| 147|0x0000000089300000, 0x0000000089300000, 0x0000000089400000|  0%| F|  |TAMS 0x0000000089300000| PB 0x0000000089300000| Untracked |  0
| 148|0x0000000089400000, 0x0000000089400000, 0x0000000089500000|  0%| F|  |TAMS 0x0000000089400000| PB 0x0000000089400000| Untracked |  0
| 149|0x0000000089500000, 0x0000000089500000, 0x0000000089600000|  0%| F|  |TAMS 0x0000000089500000| PB 0x0000000089500000| Untracked |  0
| 150|0x0000000089600000, 0x0000000089600000, 0x0000000089700000|  0%| F|  |TAMS 0x0000000089600000| PB 0x0000000089600000| Untracked |  0
| 151|0x0000000089700000, 0x0000000089700000, 0x0000000089800000|  0%| F|  |TAMS 0x0000000089700000| PB 0x0000000089700000| Untracked |  0
| 152|0x0000000089800000, 0x0000000089800000, 0x0000000089900000|  0%| F|  |TAMS 0x0000000089800000| PB 0x0000000089800000| Untracked |  0
| 153|0x0000000089900000, 0x0000000089a00000, 0x0000000089a00000|100%| O|  |TAMS 0x0000000089900000| PB 0x0000000089900000| Untracked |  0
| 154|0x0000000089a00000, 0x0000000089a00000, 0x0000000089b00000|  0%| F|  |TAMS 0x0000000089a00000| PB 0x0000000089a00000| Untracked |  0
| 155|0x0000000089b00000, 0x0000000089b00000, 0x0000000089c00000|  0%| F|  |TAMS 0x0000000089b00000| PB 0x0000000089b00000| Untracked |  0
| 156|0x0000000089c00000, 0x0000000089c00000, 0x0000000089d00000|  0%| F|  |TAMS 0x0000000089c00000| PB 0x0000000089c00000| Untracked |  0
| 157|0x0000000089d00000, 0x0000000089d00000, 0x0000000089e00000|  0%| F|  |TAMS 0x0000000089d00000| PB 0x0000000089d00000| Untracked |  0
| 158|0x0000000089e00000, 0x0000000089e00000, 0x0000000089f00000|  0%| F|  |TAMS 0x0000000089e00000| PB 0x0000000089e00000| Untracked |  0
| 159|0x0000000089f00000, 0x0000000089f00000, 0x000000008a000000|  0%| F|  |TAMS 0x0000000089f00000| PB 0x0000000089f00000| Untracked |  0
| 160|0x000000008a000000, 0x000000008a000000, 0x000000008a100000|  0%| F|  |TAMS 0x000000008a000000| PB 0x000000008a000000| Untracked |  0
| 161|0x000000008a100000, 0x000000008a100000, 0x000000008a200000|  0%| F|  |TAMS 0x000000008a100000| PB 0x000000008a100000| Untracked |  0
| 162|0x000000008a200000, 0x000000008a200000, 0x000000008a300000|  0%| F|  |TAMS 0x000000008a200000| PB 0x000000008a200000| Untracked |  0
| 163|0x000000008a300000, 0x000000008a400000, 0x000000008a400000|100%|HS|  |TAMS 0x000000008a300000| PB 0x000000008a300000| Complete |  0
| 164|0x000000008a400000, 0x000000008a500000, 0x000000008a500000|100%|HC|  |TAMS 0x000000008a400000| PB 0x000000008a400000| Complete |  0
| 165|0x000000008a500000, 0x000000008a600000, 0x000000008a600000|100%|HC|  |TAMS 0x000000008a500000| PB 0x000000008a500000| Complete |  0
| 166|0x000000008a600000, 0x000000008a700000, 0x000000008a700000|100%| O|  |TAMS 0x000000008a600000| PB 0x000000008a600000| Untracked |  0
| 167|0x000000008a700000, 0x000000008a800000, 0x000000008a800000|100%| O|  |TAMS 0x000000008a700000| PB 0x000000008a700000| Untracked |  0
| 168|0x000000008a800000, 0x000000008a900000, 0x000000008a900000|100%| O|  |TAMS 0x000000008a800000| PB 0x000000008a800000| Untracked |  0
| 169|0x000000008a900000, 0x000000008aa00000, 0x000000008aa00000|100%| O|  |TAMS 0x000000008a900000| PB 0x000000008a900000| Untracked |  0
| 170|0x000000008aa00000, 0x000000008aa00000, 0x000000008ab00000|  0%| F|  |TAMS 0x000000008aa00000| PB 0x000000008aa00000| Untracked |  0
| 171|0x000000008ab00000, 0x000000008ab00000, 0x000000008ac00000|  0%| F|  |TAMS 0x000000008ab00000| PB 0x000000008ab00000| Untracked |  0
| 172|0x000000008ac00000, 0x000000008ac00000, 0x000000008ad00000|  0%| F|  |TAMS 0x000000008ac00000| PB 0x000000008ac00000| Untracked |  0
| 173|0x000000008ad00000, 0x000000008ad00000, 0x000000008ae00000|  0%| F|  |TAMS 0x000000008ad00000| PB 0x000000008ad00000| Untracked |  0
| 174|0x000000008ae00000, 0x000000008ae00000, 0x000000008af00000|  0%| F|  |TAMS 0x000000008ae00000| PB 0x000000008ae00000| Untracked |  0
| 175|0x000000008af00000, 0x000000008af00000, 0x000000008b000000|  0%| F|  |TAMS 0x000000008af00000| PB 0x000000008af00000| Untracked |  0
| 176|0x000000008b000000, 0x000000008b000000, 0x000000008b100000|  0%| F|  |TAMS 0x000000008b000000| PB 0x000000008b000000| Untracked |  0
| 177|0x000000008b100000, 0x000000008b100000, 0x000000008b200000|  0%| F|  |TAMS 0x000000008b100000| PB 0x000000008b100000| Untracked |  0
| 178|0x000000008b200000, 0x000000008b200000, 0x000000008b300000|  0%| F|  |TAMS 0x000000008b200000| PB 0x000000008b200000| Untracked |  0
| 179|0x000000008b300000, 0x000000008b3dcb48, 0x000000008b400000| 86%| S|CS|TAMS 0x000000008b300000| PB 0x000000008b300000| Complete |  0
| 180|0x000000008b400000, 0x000000008b500000, 0x000000008b500000|100%| S|CS|TAMS 0x000000008b400000| PB 0x000000008b400000| Complete |  0
| 181|0x000000008b500000, 0x000000008b600000, 0x000000008b600000|100%| S|CS|TAMS 0x000000008b500000| PB 0x000000008b500000| Complete |  0
| 182|0x000000008b600000, 0x000000008b700000, 0x000000008b700000|100%| S|CS|TAMS 0x000000008b600000| PB 0x000000008b600000| Complete |  0
| 183|0x000000008b700000, 0x000000008b800000, 0x000000008b800000|100%| S|CS|TAMS 0x000000008b700000| PB 0x000000008b700000| Complete |  0
| 184|0x000000008b800000, 0x000000008b900000, 0x000000008b900000|100%| S|CS|TAMS 0x000000008b800000| PB 0x000000008b800000| Complete |  0
| 185|0x000000008b900000, 0x000000008ba00000, 0x000000008ba00000|100%| S|CS|TAMS 0x000000008b900000| PB 0x000000008b900000| Complete |  0
| 186|0x000000008ba00000, 0x000000008bb00000, 0x000000008bb00000|100%| S|CS|TAMS 0x000000008ba00000| PB 0x000000008ba00000| Complete |  0
| 187|0x000000008bb00000, 0x000000008bc00000, 0x000000008bc00000|100%| S|CS|TAMS 0x000000008bb00000| PB 0x000000008bb00000| Complete |  0
| 188|0x000000008bc00000, 0x000000008bd00000, 0x000000008bd00000|100%| S|CS|TAMS 0x000000008bc00000| PB 0x000000008bc00000| Complete |  0
| 189|0x000000008bd00000, 0x000000008be00000, 0x000000008be00000|100%| S|CS|TAMS 0x000000008bd00000| PB 0x000000008bd00000| Complete |  0
| 190|0x000000008be00000, 0x000000008bf00000, 0x000000008bf00000|100%| S|CS|TAMS 0x000000008be00000| PB 0x000000008be00000| Complete |  0
| 191|0x000000008bf00000, 0x000000008c000000, 0x000000008c000000|100%| S|CS|TAMS 0x000000008bf00000| PB 0x000000008bf00000| Complete |  0
| 192|0x000000008c000000, 0x000000008c000000, 0x000000008c100000|  0%| F|  |TAMS 0x000000008c000000| PB 0x000000008c000000| Untracked |  0
| 193|0x000000008c100000, 0x000000008c100000, 0x000000008c200000|  0%| F|  |TAMS 0x000000008c100000| PB 0x000000008c100000| Untracked |  0
| 194|0x000000008c200000, 0x000000008c200000, 0x000000008c300000|  0%| F|  |TAMS 0x000000008c200000| PB 0x000000008c200000| Untracked |  0
| 195|0x000000008c300000, 0x000000008c300000, 0x000000008c400000|  0%| F|  |TAMS 0x000000008c300000| PB 0x000000008c300000| Untracked |  0
| 196|0x000000008c400000, 0x000000008c400000, 0x000000008c500000|  0%| F|  |TAMS 0x000000008c400000| PB 0x000000008c400000| Untracked |  0
| 197|0x000000008c500000, 0x000000008c500000, 0x000000008c600000|  0%| F|  |TAMS 0x000000008c500000| PB 0x000000008c500000| Untracked |  0
| 198|0x000000008c600000, 0x000000008c600000, 0x000000008c700000|  0%| F|  |TAMS 0x000000008c600000| PB 0x000000008c600000| Untracked |  0
| 199|0x000000008c700000, 0x000000008c700000, 0x000000008c800000|  0%| F|  |TAMS 0x000000008c700000| PB 0x000000008c700000| Untracked |  0
| 200|0x000000008c800000, 0x000000008c800000, 0x000000008c900000|  0%| F|  |TAMS 0x000000008c800000| PB 0x000000008c800000| Untracked |  0
| 201|0x000000008c900000, 0x000000008c900000, 0x000000008ca00000|  0%| F|  |TAMS 0x000000008c900000| PB 0x000000008c900000| Untracked |  0
| 202|0x000000008ca00000, 0x000000008ca00000, 0x000000008cb00000|  0%| F|  |TAMS 0x000000008ca00000| PB 0x000000008ca00000| Untracked |  0
| 203|0x000000008cb00000, 0x000000008cb00000, 0x000000008cc00000|  0%| F|  |TAMS 0x000000008cb00000| PB 0x000000008cb00000| Untracked |  0
| 204|0x000000008cc00000, 0x000000008cc00000, 0x000000008cd00000|  0%| F|  |TAMS 0x000000008cc00000| PB 0x000000008cc00000| Untracked |  0
| 205|0x000000008cd00000, 0x000000008cd6f828, 0x000000008ce00000| 43%| E|  |TAMS 0x000000008cd00000| PB 0x000000008cd00000| Complete |  0
| 206|0x000000008ce00000, 0x000000008cf00000, 0x000000008cf00000|100%| E|CS|TAMS 0x000000008ce00000| PB 0x000000008ce00000| Complete |  0
| 207|0x000000008cf00000, 0x000000008d000000, 0x000000008d000000|100%| E|CS|TAMS 0x000000008cf00000| PB 0x000000008cf00000| Complete |  0
| 208|0x000000008d000000, 0x000000008d100000, 0x000000008d100000|100%| E|CS|TAMS 0x000000008d000000| PB 0x000000008d000000| Complete |  0
| 209|0x000000008d100000, 0x000000008d200000, 0x000000008d200000|100%| E|CS|TAMS 0x000000008d100000| PB 0x000000008d100000| Complete |  0
| 210|0x000000008d200000, 0x000000008d300000, 0x000000008d300000|100%| E|CS|TAMS 0x000000008d200000| PB 0x000000008d200000| Complete |  0
| 211|0x000000008d300000, 0x000000008d400000, 0x000000008d400000|100%| E|CS|TAMS 0x000000008d300000| PB 0x000000008d300000| Complete |  0
| 212|0x000000008d400000, 0x000000008d500000, 0x000000008d500000|100%| E|CS|TAMS 0x000000008d400000| PB 0x000000008d400000| Complete |  0
| 213|0x000000008d500000, 0x000000008d600000, 0x000000008d600000|100%| E|CS|TAMS 0x000000008d500000| PB 0x000000008d500000| Complete |  0
| 214|0x000000008d600000, 0x000000008d700000, 0x000000008d700000|100%| E|CS|TAMS 0x000000008d600000| PB 0x000000008d600000| Complete |  0
| 215|0x000000008d700000, 0x000000008d800000, 0x000000008d800000|100%| E|CS|TAMS 0x000000008d700000| PB 0x000000008d700000| Complete |  0
| 216|0x000000008d800000, 0x000000008d900000, 0x000000008d900000|100%| E|CS|TAMS 0x000000008d800000| PB 0x000000008d800000| Complete |  0
| 217|0x000000008d900000, 0x000000008da00000, 0x000000008da00000|100%| E|CS|TAMS 0x000000008d900000| PB 0x000000008d900000| Complete |  0
| 218|0x000000008da00000, 0x000000008db00000, 0x000000008db00000|100%| E|CS|TAMS 0x000000008da00000| PB 0x000000008da00000| Complete |  0
| 219|0x000000008db00000, 0x000000008dc00000, 0x000000008dc00000|100%| E|CS|TAMS 0x000000008db00000| PB 0x000000008db00000| Complete |  0
| 220|0x000000008dc00000, 0x000000008dd00000, 0x000000008dd00000|100%| E|  |TAMS 0x000000008dc00000| PB 0x000000008dc00000| Complete |  0
| 221|0x000000008dd00000, 0x000000008de00000, 0x000000008de00000|100%| E|CS|TAMS 0x000000008dd00000| PB 0x000000008dd00000| Complete |  0
| 222|0x000000008de00000, 0x000000008df00000, 0x000000008df00000|100%| E|CS|TAMS 0x000000008de00000| PB 0x000000008de00000| Complete |  0
| 223|0x000000008df00000, 0x000000008e000000, 0x000000008e000000|100%| E|CS|TAMS 0x000000008df00000| PB 0x000000008df00000| Complete |  0
| 224|0x000000008e000000, 0x000000008e100000, 0x000000008e100000|100%| E|CS|TAMS 0x000000008e000000| PB 0x000000008e000000| Complete |  0
| 225|0x000000008e100000, 0x000000008e200000, 0x000000008e200000|100%| E|CS|TAMS 0x000000008e100000| PB 0x000000008e100000| Complete |  0
| 226|0x000000008e200000, 0x000000008e300000, 0x000000008e300000|100%| E|CS|TAMS 0x000000008e200000| PB 0x000000008e200000| Complete |  0
| 227|0x000000008e300000, 0x000000008e400000, 0x000000008e400000|100%| E|CS|TAMS 0x000000008e300000| PB 0x000000008e300000| Complete |  0
| 228|0x000000008e400000, 0x000000008e500000, 0x000000008e500000|100%| E|CS|TAMS 0x000000008e400000| PB 0x000000008e400000| Complete |  0
| 229|0x000000008e500000, 0x000000008e600000, 0x000000008e600000|100%| E|CS|TAMS 0x000000008e500000| PB 0x000000008e500000| Complete |  0
| 230|0x000000008e600000, 0x000000008e700000, 0x000000008e700000|100%| E|CS|TAMS 0x000000008e600000| PB 0x000000008e600000| Complete |  0
| 231|0x000000008e700000, 0x000000008e800000, 0x000000008e800000|100%| E|CS|TAMS 0x000000008e700000| PB 0x000000008e700000| Complete |  0
| 232|0x000000008e800000, 0x000000008e900000, 0x000000008e900000|100%| E|CS|TAMS 0x000000008e800000| PB 0x000000008e800000| Complete |  0
| 233|0x000000008e900000, 0x000000008ea00000, 0x000000008ea00000|100%| E|CS|TAMS 0x000000008e900000| PB 0x000000008e900000| Complete |  0
| 234|0x000000008ea00000, 0x000000008eb00000, 0x000000008eb00000|100%| E|CS|TAMS 0x000000008ea00000| PB 0x000000008ea00000| Complete |  0
| 235|0x000000008eb00000, 0x000000008ec00000, 0x000000008ec00000|100%| E|CS|TAMS 0x000000008eb00000| PB 0x000000008eb00000| Complete |  0
| 236|0x000000008ec00000, 0x000000008ed00000, 0x000000008ed00000|100%| E|CS|TAMS 0x000000008ec00000| PB 0x000000008ec00000| Complete |  0
| 237|0x000000008ed00000, 0x000000008ee00000, 0x000000008ee00000|100%| E|CS|TAMS 0x000000008ed00000| PB 0x000000008ed00000| Complete |  0
| 238|0x000000008ee00000, 0x000000008ef00000, 0x000000008ef00000|100%| E|CS|TAMS 0x000000008ee00000| PB 0x000000008ee00000| Complete |  0
| 239|0x000000008ef00000, 0x000000008f000000, 0x000000008f000000|100%| E|CS|TAMS 0x000000008ef00000| PB 0x000000008ef00000| Complete |  0
| 240|0x000000008f000000, 0x000000008f100000, 0x000000008f100000|100%| E|CS|TAMS 0x000000008f000000| PB 0x000000008f000000| Complete |  0
| 241|0x000000008f100000, 0x000000008f200000, 0x000000008f200000|100%| E|CS|TAMS 0x000000008f100000| PB 0x000000008f100000| Complete |  0
| 242|0x000000008f200000, 0x000000008f300000, 0x000000008f300000|100%| E|CS|TAMS 0x000000008f200000| PB 0x000000008f200000| Complete |  0
| 243|0x000000008f300000, 0x000000008f400000, 0x000000008f400000|100%| E|CS|TAMS 0x000000008f300000| PB 0x000000008f300000| Complete |  0
| 244|0x000000008f400000, 0x000000008f500000, 0x000000008f500000|100%| E|CS|TAMS 0x000000008f400000| PB 0x000000008f400000| Complete |  0
| 245|0x000000008f500000, 0x000000008f600000, 0x000000008f600000|100%| E|CS|TAMS 0x000000008f500000| PB 0x000000008f500000| Complete |  0
| 246|0x000000008f600000, 0x000000008f700000, 0x000000008f700000|100%| E|CS|TAMS 0x000000008f600000| PB 0x000000008f600000| Complete |  0
| 247|0x000000008f700000, 0x000000008f800000, 0x000000008f800000|100%| E|CS|TAMS 0x000000008f700000| PB 0x000000008f700000| Complete |  0
| 248|0x000000008f800000, 0x000000008f900000, 0x000000008f900000|100%| E|CS|TAMS 0x000000008f800000| PB 0x000000008f800000| Complete |  0
| 249|0x000000008f900000, 0x000000008fa00000, 0x000000008fa00000|100%| E|CS|TAMS 0x000000008f900000| PB 0x000000008f900000| Complete |  0
| 250|0x000000008fa00000, 0x000000008fb00000, 0x000000008fb00000|100%| E|CS|TAMS 0x000000008fa00000| PB 0x000000008fa00000| Complete |  0
| 251|0x000000008fb00000, 0x000000008fc00000, 0x000000008fc00000|100%| E|CS|TAMS 0x000000008fb00000| PB 0x000000008fb00000| Complete |  0
| 252|0x000000008fc00000, 0x000000008fd00000, 0x000000008fd00000|100%| E|CS|TAMS 0x000000008fc00000| PB 0x000000008fc00000| Complete |  0
| 253|0x000000008fd00000, 0x000000008fe00000, 0x000000008fe00000|100%| E|CS|TAMS 0x000000008fd00000| PB 0x000000008fd00000| Complete |  0
| 254|0x000000008fe00000, 0x000000008ff00000, 0x000000008ff00000|100%| E|CS|TAMS 0x000000008fe00000| PB 0x000000008fe00000| Complete |  0
| 255|0x000000008ff00000, 0x0000000090000000, 0x0000000090000000|100%| E|CS|TAMS 0x000000008ff00000| PB 0x000000008ff00000| Complete |  0
| 256|0x0000000090000000, 0x0000000090100000, 0x0000000090100000|100%| E|CS|TAMS 0x0000000090000000| PB 0x0000000090000000| Complete |  0
| 257|0x0000000090100000, 0x0000000090200000, 0x0000000090200000|100%| E|CS|TAMS 0x0000000090100000| PB 0x0000000090100000| Complete |  0
| 258|0x0000000090200000, 0x0000000090300000, 0x0000000090300000|100%| E|CS|TAMS 0x0000000090200000| PB 0x0000000090200000| Complete |  0
| 259|0x0000000090300000, 0x0000000090400000, 0x0000000090400000|100%| E|CS|TAMS 0x0000000090300000| PB 0x0000000090300000| Complete |  0
| 260|0x0000000090400000, 0x0000000090500000, 0x0000000090500000|100%| E|CS|TAMS 0x0000000090400000| PB 0x0000000090400000| Complete |  0
| 261|0x0000000090500000, 0x0000000090600000, 0x0000000090600000|100%| E|CS|TAMS 0x0000000090500000| PB 0x0000000090500000| Complete |  0
| 262|0x0000000090600000, 0x0000000090700000, 0x0000000090700000|100%| E|CS|TAMS 0x0000000090600000| PB 0x0000000090600000| Complete |  0
| 263|0x0000000090700000, 0x0000000090800000, 0x0000000090800000|100%| E|CS|TAMS 0x0000000090700000| PB 0x0000000090700000| Complete |  0
| 264|0x0000000090800000, 0x0000000090900000, 0x0000000090900000|100%| E|CS|TAMS 0x0000000090800000| PB 0x0000000090800000| Complete |  0
| 265|0x0000000090900000, 0x0000000090a00000, 0x0000000090a00000|100%| E|CS|TAMS 0x0000000090900000| PB 0x0000000090900000| Complete |  0
| 266|0x0000000090a00000, 0x0000000090b00000, 0x0000000090b00000|100%| E|CS|TAMS 0x0000000090a00000| PB 0x0000000090a00000| Complete |  0
| 267|0x0000000090b00000, 0x0000000090c00000, 0x0000000090c00000|100%| E|CS|TAMS 0x0000000090b00000| PB 0x0000000090b00000| Complete |  0
| 268|0x0000000090c00000, 0x0000000090d00000, 0x0000000090d00000|100%| E|CS|TAMS 0x0000000090c00000| PB 0x0000000090c00000| Complete |  0
| 269|0x0000000090d00000, 0x0000000090e00000, 0x0000000090e00000|100%| E|CS|TAMS 0x0000000090d00000| PB 0x0000000090d00000| Complete |  0
| 270|0x0000000090e00000, 0x0000000090f00000, 0x0000000090f00000|100%| E|CS|TAMS 0x0000000090e00000| PB 0x0000000090e00000| Complete |  0
| 271|0x0000000090f00000, 0x0000000091000000, 0x0000000091000000|100%| E|CS|TAMS 0x0000000090f00000| PB 0x0000000090f00000| Complete |  0
| 272|0x0000000091000000, 0x0000000091100000, 0x0000000091100000|100%| E|CS|TAMS 0x0000000091000000| PB 0x0000000091000000| Complete |  0
| 273|0x0000000091100000, 0x0000000091200000, 0x0000000091200000|100%| E|CS|TAMS 0x0000000091100000| PB 0x0000000091100000| Complete |  0
| 274|0x0000000091200000, 0x0000000091300000, 0x0000000091300000|100%| E|CS|TAMS 0x0000000091200000| PB 0x0000000091200000| Complete |  0
| 275|0x0000000091300000, 0x0000000091400000, 0x0000000091400000|100%| E|CS|TAMS 0x0000000091300000| PB 0x0000000091300000| Complete |  0
| 276|0x0000000091400000, 0x0000000091500000, 0x0000000091500000|100%| E|CS|TAMS 0x0000000091400000| PB 0x0000000091400000| Complete |  0
| 277|0x0000000091500000, 0x0000000091600000, 0x0000000091600000|100%| E|CS|TAMS 0x0000000091500000| PB 0x0000000091500000| Complete |  0
| 278|0x0000000091600000, 0x0000000091700000, 0x0000000091700000|100%| E|CS|TAMS 0x0000000091600000| PB 0x0000000091600000| Complete |  0
| 279|0x0000000091700000, 0x0000000091800000, 0x0000000091800000|100%| E|CS|TAMS 0x0000000091700000| PB 0x0000000091700000| Complete |  0
| 280|0x0000000091800000, 0x0000000091900000, 0x0000000091900000|100%| E|CS|TAMS 0x0000000091800000| PB 0x0000000091800000| Complete |  0
| 281|0x0000000091900000, 0x0000000091a00000, 0x0000000091a00000|100%| E|CS|TAMS 0x0000000091900000| PB 0x0000000091900000| Complete |  0
| 282|0x0000000091a00000, 0x0000000091b00000, 0x0000000091b00000|100%| E|CS|TAMS 0x0000000091a00000| PB 0x0000000091a00000| Complete |  0
| 283|0x0000000091b00000, 0x0000000091c00000, 0x0000000091c00000|100%| E|CS|TAMS 0x0000000091b00000| PB 0x0000000091b00000| Complete |  0
| 284|0x0000000091c00000, 0x0000000091d00000, 0x0000000091d00000|100%| E|CS|TAMS 0x0000000091c00000| PB 0x0000000091c00000| Complete |  0
| 285|0x0000000091d00000, 0x0000000091e00000, 0x0000000091e00000|100%| E|CS|TAMS 0x0000000091d00000| PB 0x0000000091d00000| Complete |  0
| 286|0x0000000091e00000, 0x0000000091f00000, 0x0000000091f00000|100%| E|CS|TAMS 0x0000000091e00000| PB 0x0000000091e00000| Complete |  0
| 287|0x0000000091f00000, 0x0000000092000000, 0x0000000092000000|100%| E|CS|TAMS 0x0000000091f00000| PB 0x0000000091f00000| Complete |  0
| 288|0x0000000092000000, 0x0000000092100000, 0x0000000092100000|100%| E|CS|TAMS 0x0000000092000000| PB 0x0000000092000000| Complete |  0
| 289|0x0000000092100000, 0x0000000092200000, 0x0000000092200000|100%| E|CS|TAMS 0x0000000092100000| PB 0x0000000092100000| Complete |  0
| 290|0x0000000092200000, 0x0000000092300000, 0x0000000092300000|100%| E|CS|TAMS 0x0000000092200000| PB 0x0000000092200000| Complete |  0
|2018|0x00000000fe200000, 0x00000000fe300000, 0x00000000fe300000|100%| O|Cm|TAMS 0x00000000fe200000| PB 0x00000000fe200000| Complete |  0
|2019|0x00000000fe300000, 0x00000000fe400000, 0x00000000fe400000|100%| O|  |TAMS 0x00000000fe300000| PB 0x00000000fe300000| Untracked |  0
|2020|0x00000000fe400000, 0x00000000fe500000, 0x00000000fe500000|100%| O|  |TAMS 0x00000000fe400000| PB 0x00000000fe400000| Untracked |  0
|2021|0x00000000fe500000, 0x00000000fe600000, 0x00000000fe600000|100%| O|  |TAMS 0x00000000fe500000| PB 0x00000000fe500000| Untracked |  0
|2022|0x00000000fe600000, 0x00000000fe700000, 0x00000000fe700000|100%| O|  |TAMS 0x00000000fe600000| PB 0x00000000fe600000| Untracked |  0
|2023|0x00000000fe700000, 0x00000000fe800000, 0x00000000fe800000|100%| O|  |TAMS 0x00000000fe700000| PB 0x00000000fe700000| Untracked |  0
|2024|0x00000000fe800000, 0x00000000fe900000, 0x00000000fe900000|100%| O|  |TAMS 0x00000000fe800000| PB 0x00000000fe800000| Untracked |  0
|2025|0x00000000fe900000, 0x00000000fea00000, 0x00000000fea00000|100%| O|  |TAMS 0x00000000fe900000| PB 0x00000000fe900000| Untracked |  0
|2026|0x00000000fea00000, 0x00000000feb00000, 0x00000000feb00000|100%| O|  |TAMS 0x00000000fea00000| PB 0x00000000fea00000| Untracked |  0
|2027|0x00000000feb00000, 0x00000000fec00000, 0x00000000fec00000|100%| O|  |TAMS 0x00000000feb00000| PB 0x00000000feb00000| Untracked |  0
|2028|0x00000000fec00000, 0x00000000fed00000, 0x00000000fed00000|100%| O|  |TAMS 0x00000000fec00000| PB 0x00000000fec00000| Untracked |  0
|2029|0x00000000fed00000, 0x00000000fee00000, 0x00000000fee00000|100%| O|  |TAMS 0x00000000fed00000| PB 0x00000000fed00000| Untracked |  0
|2030|0x00000000fee00000, 0x00000000fef00000, 0x00000000fef00000|100%| O|  |TAMS 0x00000000fee00000| PB 0x00000000fee00000| Untracked |  0
|2031|0x00000000fef00000, 0x00000000ff000000, 0x00000000ff000000|100%| O|  |TAMS 0x00000000fef00000| PB 0x00000000fef00000| Untracked |  0
|2032|0x00000000ff000000, 0x00000000ff100000, 0x00000000ff100000|100%| O|  |TAMS 0x00000000ff000000| PB 0x00000000ff000000| Untracked |  0
|2033|0x00000000ff100000, 0x00000000ff200000, 0x00000000ff200000|100%| O|  |TAMS 0x00000000ff100000| PB 0x00000000ff100000| Untracked |  0
|2034|0x00000000ff200000, 0x00000000ff300000, 0x00000000ff300000|100%| E|CS|TAMS 0x00000000ff200000| PB 0x00000000ff200000| Complete |  0
|2035|0x00000000ff300000, 0x00000000ff400000, 0x00000000ff400000|100%| E|CS|TAMS 0x00000000ff300000| PB 0x00000000ff300000| Complete |  0
|2036|0x00000000ff400000, 0x00000000ff500000, 0x00000000ff500000|100%| E|CS|TAMS 0x00000000ff400000| PB 0x00000000ff400000| Complete |  0
|2037|0x00000000ff500000, 0x00000000ff600000, 0x00000000ff600000|100%| E|CS|TAMS 0x00000000ff500000| PB 0x00000000ff500000| Complete |  0
|2038|0x00000000ff600000, 0x00000000ff700000, 0x00000000ff700000|100%| E|CS|TAMS 0x00000000ff600000| PB 0x00000000ff600000| Complete |  0
|2039|0x00000000ff700000, 0x00000000ff800000, 0x00000000ff800000|100%| E|CS|TAMS 0x00000000ff700000| PB 0x00000000ff700000| Complete |  0
|2040|0x00000000ff800000, 0x00000000ff900000, 0x00000000ff900000|100%| E|CS|TAMS 0x00000000ff800000| PB 0x00000000ff800000| Complete |  0
|2041|0x00000000ff900000, 0x00000000ffa00000, 0x00000000ffa00000|100%| E|CS|TAMS 0x00000000ff900000| PB 0x00000000ff900000| Complete |  0
|2042|0x00000000ffa00000, 0x00000000ffb00000, 0x00000000ffb00000|100%| E|CS|TAMS 0x00000000ffa00000| PB 0x00000000ffa00000| Complete |  0
|2043|0x00000000ffb00000, 0x00000000ffc00000, 0x00000000ffc00000|100%| E|CS|TAMS 0x00000000ffb00000| PB 0x00000000ffb00000| Complete |  0
|2044|0x00000000ffc00000, 0x00000000ffd00000, 0x00000000ffd00000|100%| E|CS|TAMS 0x00000000ffc00000| PB 0x00000000ffc00000| Complete |  0
|2045|0x00000000ffd00000, 0x00000000ffe00000, 0x00000000ffe00000|100%| E|CS|TAMS 0x00000000ffd00000| PB 0x00000000ffd00000| Complete |  0
|2046|0x00000000ffe00000, 0x00000000fff00000, 0x00000000fff00000|100%| O|  |TAMS 0x00000000ffe00000| PB 0x00000000ffe00000| Untracked |  0
|2047|0x00000000fff00000, 0x0000000100000000, 0x0000000100000000|100%| E|CS|TAMS 0x00000000fff00000| PB 0x00000000fff00000| Complete |  0

Card table byte_map: [0x00000138491d0000,0x00000138495d0000] _byte_map_base: 0x0000013848dd0000

Marking Bits: (CMBitMap*) 0x0000013830ef1540
 Bits: [0x00000138495d0000, 0x000001384b5d0000)

Polling page: 0x000001382ec50000

Metaspace:
Metaspace        used 190768K, committed 192320K, reserved 1245184K
 class space     used 25342K, committed 26048K, reserved 1048576K

Usage:
  Non-class:    161.55 MB used.
      Class:     24.75 MB used.
       Both:    186.30 MB used.

Virtual space:
  Non-class space:      192.00 MB reserved,     162.38 MB ( 85%) committed,  3 nodes.
      Class space:        1.00 GB reserved,      25.44 MB (  2%) committed,  1 nodes.
             Both:        1.19 GB reserved,     187.81 MB ( 15%) committed. 

Chunk freelists:
   Non-Class:  13.57 MB
       Class:  6.45 MB
        Both:  20.02 MB

MaxMetaspaceSize: unlimited
CompressedClassSpaceSize: 1.00 GB
Initial GC threshold: 21.00 MB
Current GC threshold: 298.25 MB
CDS: on
 - commit_granule_bytes: 65536.
 - commit_granule_words: 8192.
 - virtual_space_node_default_size: 8388608.
 - enlarge_chunks_in_place: 1.
UseCompressedClassPointers 1, UseCompactObjectHeaders 0
Narrow klass pointer bits 32, Max shift 3
Narrow klass base: 0x000000000c000000, Narrow klass shift: 0
Encoding Range: [0x000000000c000000 - 0x000000010c000000), (4294967296 bytes)
Klass Range:    [0x000000000c010000 - 0x000000004d000000), (1090453504 bytes)
Klass ID Range:  [65536 - 1090519033) (1090453497)
Protection zone: [0x000000000c000000 - 0x000000000c010000), (65536 bytes)


Internal statistics:

num_allocs_failed_limit: 12.
num_arena_births: 6180.
num_arena_deaths: 3686.
num_vsnodes_births: 4.
num_vsnodes_deaths: 0.
num_space_committed: 3002.
num_space_uncommitted: 1.
num_chunks_returned_to_freelist: 4251.
num_chunks_taken_from_freelist: 15371.
num_chunk_merges: 1522.
num_chunk_splits: 9670.
num_chunks_enlarged: 6681.
num_inconsistent_stats: 0.

CodeHeap 'non-profiled nmethods': size=120064Kb used=7493Kb max_used=9576Kb free=112570Kb
 bounds [0x0000013841450000, 0x0000013841db0000, 0x0000013848990000]
CodeHeap 'profiled nmethods': size=120064Kb used=24979Kb max_used=35944Kb free=95085Kb
 bounds [0x0000013839970000, 0x000001383bcc0000, 0x0000013840eb0000]
CodeHeap 'non-nmethods': size=5760Kb used=2479Kb max_used=2608Kb free=3280Kb
 bounds [0x0000013840eb0000, 0x0000013841150000, 0x0000013841450000]
CodeCache: size=245888Kb, used=34951Kb, max_used=48128Kb, free=210935Kb
 total_blobs=17564, nmethods=16278, adapters=1186, full_count=0
Compilation: enabled, stopped_count=0, restarted_count=0

Compilation events (20 events):
Event: 4819.082 Thread 0x000001384dbab710 nmethod 27409 0x000001383a6ab488 code [0x000001383a6ab580, 0x000001383a6ab670]
Event: 4819.082 Thread 0x000001384dbab710 27408       2       org.gradle.internal.logging.text.AbstractLineChoppingStyledTextOutput$SeenFromEol::clear (6 bytes)
Event: 4819.082 Thread 0x000001384dbab710 nmethod 27408 0x000001383ac4c088 code [0x000001383ac4c180, 0x000001383ac4c288]
Event: 4819.086 Thread 0x000001384dba7b50 nmethod 27405 0x000001384168e888 code [0x000001384168e980, 0x000001384168fbd8]
Event: 4819.086 Thread 0x000001384dba7b50 27419       4       org.gradle.internal.logging.text.AbstractLineChoppingStyledTextOutput::access$900 (4 bytes)
Event: 4819.086 Thread 0x000001384dba7b50 nmethod 27419 0x00000138418e6608 code [0x00000138418e6700, 0x00000138418e6770]
Event: 4819.086 Thread 0x000001384dba7b50 27414       4       org.gradle.internal.logging.text.AbstractLineChoppingStyledTextOutput$SeenFromEol::all (18 bytes)
Event: 4819.087 Thread 0x000001384dba7b50 nmethod 27414 0x000001384198de08 code [0x000001384198df00, 0x000001384198dfb0]
Event: 4819.087 Thread 0x000001384dba7b50 27415       4       org.gradle.internal.logging.text.AbstractLineChoppingStyledTextOutput$SeenFromEol::none (13 bytes)
Event: 4819.087 Thread 0x000001384dba7b50 nmethod 27415 0x000001384198db08 code [0x000001384198dc00, 0x000001384198dc98]
Event: 4819.087 Thread 0x000001384dba7b50 27416       4       org.gradle.internal.logging.text.AbstractLineChoppingStyledTextOutput::access$800 (4 bytes)
Event: 4819.087 Thread 0x000001384dba7b50 nmethod 27416 0x000001384198d808 code [0x000001384198d900, 0x000001384198d970]
Event: 4819.087 Thread 0x000001384dba7b50 27411       4       org.gradle.internal.logging.text.AbstractLineChoppingStyledTextOutput$StateContext::next (11 bytes)
Event: 4819.087 Thread 0x000001384dba7b50 nmethod 27411 0x000001384198d508 code [0x000001384198d600, 0x000001384198d678]
Event: 4819.087 Thread 0x000001384dba7b50 27406       4       org.gradle.internal.logging.text.AbstractLineChoppingStyledTextOutput$StateContext::flushEndLine (9 bytes)
Event: 4819.097 Thread 0x000001384dba7b50 nmethod 27406 0x0000013841767088 code [0x0000013841767180, 0x00000138417684c0]
Event: 4819.145 Thread 0x000001384dbab710 27421   !   3       java.util.concurrent.ArrayBlockingQueue::take (46 bytes)
Event: 4819.146 Thread 0x000001384dbab710 nmethod 27421 0x000001383a9e5d88 code [0x000001383a9e5e80, 0x000001383a9e6d78]
Event: 4819.540 Thread 0x000001384dba7b50 27422       4       java.util.concurrent.locks.AbstractQueuedSynchronizer$ConditionNode::isReleasable (23 bytes)
Event: 4819.542 Thread 0x000001384dba7b50 nmethod 27422 0x00000138419e7488 code [0x00000138419e7580, 0x00000138419e7620]

GC Heap Usage History (20 events):
Event: 64.591 {heap Before GC invocations=65 (full 0):
 garbage-first heap   total reserved 2097152K, committed 301056K, used 255749K [0x0000000080000000, 0x0000000100000000)
  region size 1024K, 75 young (76800K), 3 survivors (3072K)
}
Event: 64.600 {heap After GC invocations=66 (full 0):
 garbage-first heap   total reserved 2097152K, committed 301056K, used 178981K [0x0000000080000000, 0x0000000100000000)
  region size 1024K, 6 young (6144K), 6 survivors (6144K)
}
Event: 2570.824 {heap Before GC invocations=66 (full 0):
 garbage-first heap   total reserved 2097152K, committed 301056K, used 262949K [0x0000000080000000, 0x0000000100000000)
  region size 1024K, 89 young (91136K), 6 survivors (6144K)
}
Event: 2570.968 {heap After GC invocations=67 (full 0):
 garbage-first heap   total reserved 2097152K, committed 301056K, used 180866K [0x0000000080000000, 0x0000000100000000)
  region size 1024K, 7 young (7168K), 7 survivors (7168K)
}
Event: 4792.119 {heap Before GC invocations=68 (full 0):
 garbage-first heap   total reserved 2097152K, committed 301056K, used 232066K [0x0000000080000000, 0x0000000100000000)
  region size 1024K, 95 young (97280K), 7 survivors (7168K)
}
Event: 4792.200 {heap After GC invocations=69 (full 0):
 garbage-first heap   total reserved 2097152K, committed 301056K, used 144618K [0x0000000080000000, 0x0000000100000000)
  region size 1024K, 8 young (8192K), 8 survivors (8192K)
}
Event: 4799.755 {heap Before GC invocations=69 (full 0):
 garbage-first heap   total reserved 2097152K, committed 301056K, used 267498K [0x0000000080000000, 0x0000000100000000)
  region size 1024K, 129 young (132096K), 8 survivors (8192K)
}
Event: 4799.831 {heap After GC invocations=70 (full 0):
 garbage-first heap   total reserved 2097152K, committed 301056K, used 127797K [0x0000000080000000, 0x0000000100000000)
  region size 1024K, 17 young (17408K), 17 survivors (17408K)
}
Event: 4802.087 {heap Before GC invocations=70 (full 0):
 garbage-first heap   total reserved 2097152K, committed 301056K, used 261941K [0x0000000080000000, 0x0000000100000000)
  region size 1024K, 148 young (151552K), 17 survivors (17408K)
}
Event: 4802.214 {heap After GC invocations=71 (full 0):
 garbage-first heap   total reserved 2097152K, committed 305152K, used 134497K [0x0000000080000000, 0x0000000100000000)
  region size 1024K, 16 young (16384K), 16 survivors (16384K)
}
Event: 4810.251 {heap Before GC invocations=71 (full 0):
 garbage-first heap   total reserved 2097152K, committed 305152K, used 252257K [0x0000000080000000, 0x0000000100000000)
  region size 1024K, 133 young (136192K), 16 survivors (16384K)
}
Event: 4810.287 {heap After GC invocations=72 (full 0):
 garbage-first heap   total reserved 2097152K, committed 305152K, used 144062K [0x0000000080000000, 0x0000000100000000)
  region size 1024K, 10 young (10240K), 10 survivors (10240K)
}
Event: 4812.168 {heap Before GC invocations=73 (full 0):
 garbage-first heap   total reserved 2097152K, committed 305152K, used 277182K [0x0000000080000000, 0x0000000100000000)
  region size 1024K, 134 young (137216K), 10 survivors (10240K)
}
Event: 4812.186 {heap After GC invocations=74 (full 0):
 garbage-first heap   total reserved 2097152K, committed 305152K, used 153973K [0x0000000080000000, 0x0000000100000000)
  region size 1024K, 17 young (17408K), 17 survivors (17408K)
}
Event: 4813.632 {heap Before GC invocations=74 (full 0):
 garbage-first heap   total reserved 2097152K, committed 305152K, used 282997K [0x0000000080000000, 0x0000000100000000)
  region size 1024K, 134 young (137216K), 17 survivors (17408K)
}
Event: 4813.669 {heap After GC invocations=75 (full 0):
 garbage-first heap   total reserved 2097152K, committed 328704K, used 171008K [0x0000000080000000, 0x0000000100000000)
  region size 1024K, 17 young (17408K), 17 survivors (17408K)
}
Event: 4813.727 {heap Before GC invocations=75 (full 0):
 garbage-first heap   total reserved 2097152K, committed 328704K, used 181248K [0x0000000080000000, 0x0000000100000000)
  region size 1024K, 29 young (29696K), 17 survivors (17408K)
}
Event: 4813.751 {heap After GC invocations=76 (full 0):
 garbage-first heap   total reserved 2097152K, committed 328704K, used 176116K [0x0000000080000000, 0x0000000100000000)
  region size 1024K, 3 young (3072K), 3 survivors (3072K)
}
Event: 4815.362 {heap Before GC invocations=77 (full 0):
 garbage-first heap   total reserved 2097152K, committed 328704K, used 304116K [0x0000000080000000, 0x0000000100000000)
  region size 1024K, 112 young (114688K), 3 survivors (3072K)
}
Event: 4815.380 {heap After GC invocations=78 (full 0):
 garbage-first heap   total reserved 2097152K, committed 328704K, used 186215K [0x0000000080000000, 0x0000000100000000)
  region size 1024K, 13 young (13312K), 13 survivors (13312K)
}

Metaspace Usage History (20 events):
Event: 64.591 {metaspace Before GC invocations=65 (full 0):
 Metaspace       used 152871K, committed 155392K, reserved 1245184K
  class space    used 20713K, committed 21888K, reserved 1048576K
}
Event: 64.600 {metaspace After GC invocations=66 (full 0):
 Metaspace       used 152871K, committed 155392K, reserved 1245184K
  class space    used 20713K, committed 21888K, reserved 1048576K
}
Event: 2570.826 {metaspace Before GC invocations=66 (full 0):
 Metaspace       used 155432K, committed 157824K, reserved 1245184K
  class space    used 21084K, committed 22208K, reserved 1048576K
}
Event: 2570.968 {metaspace After GC invocations=67 (full 0):
 Metaspace       used 155432K, committed 157824K, reserved 1245184K
  class space    used 21084K, committed 22208K, reserved 1048576K
}
Event: 4792.119 {metaspace Before GC invocations=68 (full 0):
 Metaspace       used 155356K, committed 157952K, reserved 1245184K
  class space    used 20897K, committed 22272K, reserved 1048576K
}
Event: 4792.200 {metaspace After GC invocations=69 (full 0):
 Metaspace       used 155356K, committed 157952K, reserved 1245184K
  class space    used 20897K, committed 22272K, reserved 1048576K
}
Event: 4799.755 {metaspace Before GC invocations=69 (full 0):
 Metaspace       used 162798K, committed 164672K, reserved 1245184K
  class space    used 21927K, committed 22784K, reserved 1048576K
}
Event: 4799.831 {metaspace After GC invocations=70 (full 0):
 Metaspace       used 162798K, committed 164672K, reserved 1245184K
  class space    used 21927K, committed 22784K, reserved 1048576K
}
Event: 4802.087 {metaspace Before GC invocations=70 (full 0):
 Metaspace       used 169376K, committed 171328K, reserved 1245184K
  class space    used 22850K, committed 23744K, reserved 1048576K
}
Event: 4802.214 {metaspace After GC invocations=71 (full 0):
 Metaspace       used 169376K, committed 171328K, reserved 1245184K
  class space    used 22850K, committed 23744K, reserved 1048576K
}
Event: 4810.251 {metaspace Before GC invocations=71 (full 0):
 Metaspace       used 174567K, committed 176576K, reserved 1245184K
  class space    used 23688K, committed 24576K, reserved 1048576K
}
Event: 4810.287 {metaspace After GC invocations=72 (full 0):
 Metaspace       used 174567K, committed 176576K, reserved 1245184K
  class space    used 23688K, committed 24576K, reserved 1048576K
}
Event: 4812.168 {metaspace Before GC invocations=73 (full 0):
 Metaspace       used 176285K, committed 178432K, reserved 1245184K
  class space    used 23727K, committed 24640K, reserved 1048576K
}
Event: 4812.186 {metaspace After GC invocations=74 (full 0):
 Metaspace       used 176285K, committed 178432K, reserved 1245184K
  class space    used 23727K, committed 24640K, reserved 1048576K
}
Event: 4813.632 {metaspace Before GC invocations=74 (full 0):
 Metaspace       used 180075K, committed 181632K, reserved 1245184K
  class space    used 24269K, committed 25024K, reserved 1048576K
}
Event: 4813.669 {metaspace After GC invocations=75 (full 0):
 Metaspace       used 180075K, committed 181632K, reserved 1245184K
  class space    used 24269K, committed 25024K, reserved 1048576K
}
Event: 4813.727 {metaspace Before GC invocations=75 (full 0):
 Metaspace       used 180435K, committed 182016K, reserved 1245184K
  class space    used 24296K, committed 25024K, reserved 1048576K
}
Event: 4813.751 {metaspace After GC invocations=76 (full 0):
 Metaspace       used 180435K, committed 182016K, reserved 1245184K
  class space    used 24296K, committed 25024K, reserved 1048576K
}
Event: 4815.362 {metaspace Before GC invocations=77 (full 0):
 Metaspace       used 186609K, committed 188160K, reserved 1245184K
  class space    used 24868K, committed 25600K, reserved 1048576K
}
Event: 4815.380 {metaspace After GC invocations=78 (full 0):
 Metaspace       used 186609K, committed 188160K, reserved 1245184K
  class space    used 24868K, committed 25600K, reserved 1048576K
}

Dll operation events (15 events):
Event: 0.029 Loaded shared library C:\Users\azule\.gradle\jdks\eclipse_adoptium-25-amd64-windows.2\bin\java.dll
Event: 0.150 Loaded shared library C:\Users\azule\.gradle\jdks\eclipse_adoptium-25-amd64-windows.2\bin\zip.dll
Event: 0.162 Loaded shared library C:\Users\azule\.gradle\jdks\eclipse_adoptium-25-amd64-windows.2\bin\instrument.dll
Event: 0.174 Loaded shared library C:\Users\azule\.gradle\jdks\eclipse_adoptium-25-amd64-windows.2\bin\net.dll
Event: 0.180 Loaded shared library C:\Users\azule\.gradle\jdks\eclipse_adoptium-25-amd64-windows.2\bin\nio.dll
Event: 0.186 Loaded shared library C:\Users\azule\.gradle\jdks\eclipse_adoptium-25-amd64-windows.2\bin\zip.dll
Event: 0.497 Loaded shared library C:\Users\azule\.gradle\jdks\eclipse_adoptium-25-amd64-windows.2\bin\jimage.dll
Event: 1.004 Loaded shared library C:\Users\azule\.gradle\jdks\eclipse_adoptium-25-amd64-windows.2\bin\verify.dll
Event: 1.057 Loaded shared library C:\Users\azule\.gradle\native\660c5614fbf4a5f2a75b1949f50a0caf5cd603558e7d8a26e50b933a0cfb79d1\windows-amd64\native-platform.dll
Event: 1.089 Loaded shared library C:\Users\azule\.gradle\native\0.2.8\x86_64-windows-gnu\gradle-fileevents.dll
Event: 2.732 Loaded shared library C:\Users\azule\.gradle\jdks\eclipse_adoptium-25-amd64-windows.2\bin\management.dll
Event: 2.742 Loaded shared library C:\Users\azule\.gradle\jdks\eclipse_adoptium-25-amd64-windows.2\bin\management_ext.dll
Event: 3.116 Loaded shared library C:\Users\azule\.gradle\jdks\eclipse_adoptium-25-amd64-windows.2\bin\extnet.dll
Event: 3.501 Loaded shared library C:\Users\azule\.gradle\jdks\eclipse_adoptium-25-amd64-windows.2\bin\sunmscapi.dll
Event: 4817.580 Loaded shared library C:\Users\azule\.gradle\jdks\eclipse_adoptium-25-amd64-windows.2\bin\rmi.dll

Deoptimization events (20 events):
Event: 4817.839 Thread 0x00000138602965c0 DEOPT UNPACKING pc=0x0000013840f39102 sp=0x0000002e71ffe908 mode 2
Event: 4819.056 Thread 0x00000138602965c0 Uncommon trap: trap_request=0xffffff45 fr.pc=0x0000013841d48378 relative=0x0000000000000278
Event: 4819.056 Thread 0x00000138602965c0 Uncommon trap: reason=unstable_if action=reinterpret pc=0x0000013841d48378 method=java.lang.invoke.MethodType.isConvertibleTo(Ljava/lang/invoke/MethodType;)Z @ 117 c2
Event: 4819.056 Thread 0x00000138602965c0 DEOPT PACKING pc=0x0000013841d48378 sp=0x0000002e71ffe790
Event: 4819.056 Thread 0x00000138602965c0 DEOPT UNPACKING pc=0x0000013840f39102 sp=0x0000002e71ffe6b0 mode 2
Event: 4819.077 Thread 0x00000138602965c0 Uncommon trap: trap_request=0xffffff45 fr.pc=0x0000013841af1120 relative=0x0000000000002aa0
Event: 4819.077 Thread 0x00000138602965c0 Uncommon trap: reason=unstable_if action=reinterpret pc=0x0000013841af1120 method=org.gradle.internal.logging.text.AbstractLineChoppingStyledTextOutput$2.execute(Lorg/gradle/internal/logging/text/AbstractLineChoppingStyledTextOutput$StateContext;)V @ 34 c
Event: 4819.077 Thread 0x00000138602965c0 DEOPT PACKING pc=0x0000013841af1120 sp=0x0000002e71ffdf70
Event: 4819.077 Thread 0x00000138602965c0 DEOPT UNPACKING pc=0x0000013840f39102 sp=0x0000002e71ffde48 mode 2
Event: 4819.079 Thread 0x00000138602965c0 Uncommon trap: trap_request=0xffffff45 fr.pc=0x00000138415d0a18 relative=0x0000000000000398
Event: 4819.079 Thread 0x00000138602965c0 Uncommon trap: reason=unstable_if action=reinterpret pc=0x00000138415d0a18 method=org.gradle.internal.logging.text.AbstractLineChoppingStyledTextOutput$2.execute(Lorg/gradle/internal/logging/text/AbstractLineChoppingStyledTextOutput$StateContext;)V @ 34 c
Event: 4819.079 Thread 0x00000138602965c0 DEOPT PACKING pc=0x00000138415d0a18 sp=0x0000002e71ffdfd0
Event: 4819.079 Thread 0x00000138602965c0 DEOPT UNPACKING pc=0x0000013840f39102 sp=0x0000002e71ffde48 mode 2
Event: 4819.080 Thread 0x00000138602965c0 Uncommon trap: trap_request=0xffffff45 fr.pc=0x0000013841ae70d8 relative=0x00000000000026d8
Event: 4819.080 Thread 0x00000138602965c0 Uncommon trap: reason=unstable_if action=reinterpret pc=0x0000013841ae70d8 method=org.gradle.internal.logging.text.AbstractLineChoppingStyledTextOutput$2.execute(Lorg/gradle/internal/logging/text/AbstractLineChoppingStyledTextOutput$StateContext;)V @ 34 c
Event: 4819.080 Thread 0x00000138602965c0 DEOPT PACKING pc=0x0000013841ae70d8 sp=0x0000002e71ffdf70
Event: 4819.080 Thread 0x00000138602965c0 DEOPT UNPACKING pc=0x0000013840f39102 sp=0x0000002e71ffde48 mode 2
Event: 4819.579 Thread 0x0000013860db9140 Uncommon trap: trap_request=0xffffff95 fr.pc=0x00000138419bb82c relative=0x000000000000282c
Event: 4819.579 Thread 0x0000013860db9140 Uncommon trap: reason=unreached action=reinterpret pc=0x00000138419bb82c method=java.util.zip.ZipFile$Source.readFullyAt([BIIJ)I @ 66 c2
Event: 4819.579 Thread 0x0000013860db9140 DEOPT PACKING pc=0x00000138419bb82c sp=0x0000002e711fc640

Classes loaded (20 events):
Event: 4817.705 Loading class sun/rmi/server/UnicastServerRef2
Event: 4817.706 Loading class sun/rmi/server/UnicastServerRef2 done
Event: 4817.711 Loading class sun/rmi/transport/tcp/TCPTransport$AcceptLoop
Event: 4817.711 Loading class sun/rmi/transport/tcp/TCPTransport$AcceptLoop done
Event: 4817.712 Loading class sun/rmi/transport/ObjectTable$Reaper
Event: 4817.713 Loading class sun/rmi/transport/ObjectTable$Reaper done
Event: 4817.727 Loading class java/rmi/server/ServerNotActiveException
Event: 4817.727 Loading class java/rmi/server/ServerNotActiveException done
Event: 4817.730 Loading class sun/rmi/transport/DGCAckHandler
Event: 4817.731 Loading class sun/rmi/transport/DGCAckHandler done
Event: 4817.743 Loading class sun/rmi/transport/DGCAckHandler$1
Event: 4817.743 Loading class sun/rmi/transport/DGCAckHandler$1 done
Event: 4817.827 Loading class sun/rmi/transport/tcp/TCPTransport$ConnectionHandler
Event: 4817.827 Loading class sun/rmi/transport/tcp/TCPTransport$ConnectionHandler done
Event: 4817.837 Loading class sun/rmi/transport/DGCImpl$LeaseInfo
Event: 4817.838 Loading class sun/rmi/transport/DGCImpl$LeaseInfo done
Event: 4817.838 Loading class sun/rmi/transport/DGCImpl$1
Event: 4817.838 Loading class sun/rmi/transport/DGCImpl$1 done
Event: 4817.838 Loading class sun/rmi/transport/SequenceEntry
Event: 4817.838 Loading class sun/rmi/transport/SequenceEntry done

Classes unloaded (20 events):
Event: 4810.603 Thread 0x000001384db90120 Unloading class 0x000000000d616c00 'java/lang/invoke/LambdaForm$MH+0x000000000d616c00'
Event: 4810.604 Thread 0x000001384db90120 Unloading class 0x000000000d616800 'java/lang/invoke/LambdaForm$MH+0x000000000d616800'
Event: 4810.604 Thread 0x000001384db90120 Unloading class 0x000000000d60f000 'java/lang/invoke/LambdaForm$MH+0x000000000d60f000'
Event: 4810.604 Thread 0x000001384db90120 Unloading class 0x000000000d60ec00 'java/lang/invoke/LambdaForm$MH+0x000000000d60ec00'
Event: 4810.604 Thread 0x000001384db90120 Unloading class 0x000000000d5d3c00 'java/lang/invoke/LambdaForm$MH+0x000000000d5d3c00'
Event: 4810.604 Thread 0x000001384db90120 Unloading class 0x000000000d5d3800 'java/lang/invoke/LambdaForm$MH+0x000000000d5d3800'
Event: 4810.604 Thread 0x000001384db90120 Unloading class 0x000000000d5d2400 'java/lang/invoke/LambdaForm$MH+0x000000000d5d2400'
Event: 4810.604 Thread 0x000001384db90120 Unloading class 0x000000000d5d2000 'java/lang/invoke/LambdaForm$MH+0x000000000d5d2000'
Event: 4810.604 Thread 0x000001384db90120 Unloading class 0x000000000d58f000 'java/lang/invoke/LambdaForm$MH+0x000000000d58f000'
Event: 4810.604 Thread 0x000001384db90120 Unloading class 0x000000000d58ec00 'java/lang/invoke/LambdaForm$MH+0x000000000d58ec00'
Event: 4810.604 Thread 0x000001384db90120 Unloading class 0x000000000d57f800 'java/lang/invoke/LambdaForm$MH+0x000000000d57f800'
Event: 4810.604 Thread 0x000001384db90120 Unloading class 0x000000000d57f400 'java/lang/invoke/LambdaForm$MH+0x000000000d57f400'
Event: 4810.604 Thread 0x000001384db90120 Unloading class 0x000000000d548c00 'java/lang/invoke/LambdaForm$MH+0x000000000d548c00'
Event: 4810.604 Thread 0x000001384db90120 Unloading class 0x000000000d548000 'java/lang/invoke/LambdaForm$MH+0x000000000d548000'
Event: 4810.604 Thread 0x000001384db90120 Unloading class 0x000000000d45a400 'java/lang/invoke/LambdaForm$MH+0x000000000d45a400'
Event: 4810.604 Thread 0x000001384db90120 Unloading class 0x000000000d31d400 'java/lang/invoke/LambdaForm$MH+0x000000000d31d400'
Event: 4810.604 Thread 0x000001384db90120 Unloading class 0x000000000d238400 'java/lang/invoke/LambdaForm$MH+0x000000000d238400'
Event: 4810.604 Thread 0x000001384db90120 Unloading class 0x000000000d05cc00 'java/lang/invoke/LambdaForm$MH+0x000000000d05cc00'
Event: 4810.604 Thread 0x000001384db90120 Unloading class 0x000000000d040000 'java/lang/invoke/LambdaForm$MH+0x000000000d040000'
Event: 4813.890 Thread 0x000001384db90120 Unloading class 0x000000000e7f8000 'java/lang/invoke/LambdaForm$DMH+0x000000000e7f8000'

Classes redefined (0 events):
No events

Internal exceptions (20 events):
Event: 4816.007 Thread 0x0000013863168f20 Exception <a 'sun/nio/fs/WindowsException'{0x000000008f217210}> (0x000000008f217210) 
thrown [s\src\hotspot\share\prims\jni.cpp, line 516]
Event: 4816.246 Thread 0x0000013863168f20 Exception <a 'java/lang/NoSuchMethodError'{0x000000008d8469a0}: static Lcom/android/builder/internal/aapt/AaptOptions;.<clinit>()V> (0x000000008d8469a0) 
thrown [s\src\hotspot\share\prims\jni.cpp, line 1106]
Event: 4816.247 Thread 0x0000013863168f20 Exception <a 'java/lang/NoSuchMethodError'{0x000000008d858528}: static Ljava/lang/Object;.<clinit>()V> (0x000000008d858528) 
thrown [s\src\hotspot\share\prims\jni.cpp, line 1106]
Event: 4816.249 Thread 0x0000013863168f20 Exception <a 'java/lang/NoSuchMethodError'{0x000000008d873e88}: static Lcom/android/build/api/variant/impl/SerializableApplicationMultiOutputHandler;.<clinit>()V> (0x000000008d873e88) 
thrown [s\src\hotspot\share\prims\jni.cpp, line 1106]
Event: 4816.250 Thread 0x0000013863168f20 Exception <a 'java/lang/NoSuchMethodError'{0x000000008d8876f0}: static Lcom/android/build/api/variant/impl/VariantOutputImpl$SerializedForm;.<clinit>()V> (0x000000008d8876f0) 
thrown [s\src\hotspot\share\prims\jni.cpp, line 1106]
Event: 4816.251 Thread 0x0000013863168f20 Exception <a 'java/lang/NoSuchMethodError'{0x000000008d899280}: static Lcom/android/build/api/variant/impl/VariantOutputConfigurationImpl;.<clinit>()V> (0x000000008d899280) 
thrown [s\src\hotspot\share\prims\jni.cpp, line 1106]
Event: 4816.269 Thread 0x0000013860db6a30 Exception <a 'sun/nio/fs/WindowsException'{0x000000008d794e90}> (0x000000008d794e90) 
thrown [s\src\hotspot\share\prims\jni.cpp, line 516]
Event: 4816.272 Thread 0x0000013860db6a30 Exception <a 'sun/nio/fs/WindowsException'{0x000000008d795c88}> (0x000000008d795c88) 
thrown [s\src\hotspot\share\prims\jni.cpp, line 516]
Event: 4817.554 Thread 0x0000013860db9140 Exception <a 'java/lang/NoSuchMethodError'{0x000000008d262900}: static Lorg/jetbrains/kotlin/daemon/common/LoopbackNetworkInterface$AbstractClientLoopbackSocketFactory;.<clinit>()V> (0x000000008d262900) 
thrown [s\src\hotspot\share\prims\jni.cpp, line 1106]
Event: 4817.554 Thread 0x0000013860db9140 Exception <a 'java/lang/NoSuchMethodError'{0x000000008d26bcf0}: static Lorg/jetbrains/kotlin/daemon/common/LoopbackNetworkInterface$ClientLoopbackSocketFactory;.<clinit>()V> (0x000000008d26bcf0) 
thrown [s\src\hotspot\share\prims\jni.cpp, line 1106]
Event: 4817.594 Thread 0x0000013860db9140 Exception <a 'java/lang/NoSuchMethodError'{0x000000008d2c6368}: static [Ljava/rmi/server/ObjID;.<clinit>()V> (0x000000008d2c6368) 
thrown [s\src\hotspot\share\prims\jni.cpp, line 1106]
Event: 4817.600 Thread 0x0000013860db9140 Exception <a 'java/lang/NoSuchMethodError'{0x000000008d2dfba8}: static [B.<clinit>()V> (0x000000008d2dfba8) 
thrown [s\src\hotspot\share\prims\jni.cpp, line 1106]
Event: 4817.615 Thread 0x000001386be35090 Exception <a 'java/lang/InterruptedException'{0x000000008d2e9f68}> (0x000000008d2e9f68) 
thrown [s\src\hotspot\share\runtime\objectMonitor.cpp, line 1972]
Event: 4817.639 Thread 0x0000013860db9140 Exception <a 'java/lang/NoSuchMethodError'{0x000000008d11f1e8}: static Lorg/jetbrains/kotlin/daemon/common/CompileService$CallResult;.<clinit>()V> (0x000000008d11f1e8) 
thrown [s\src\hotspot\share\prims\jni.cpp, line 1106]
Event: 4817.640 Thread 0x0000013860db9140 Exception <a 'java/lang/NoSuchMethodError'{0x000000008d128708}: static Lorg/jetbrains/kotlin/daemon/common/CompileService$CallResult$Good;.<clinit>()V> (0x000000008d128708) 
thrown [s\src\hotspot\share\prims\jni.cpp, line 1106]
Event: 4817.641 Thread 0x0000013860db9140 Exception <a 'java/lang/NoSuchMethodError'{0x000000008d132c98}: static Lorg/jetbrains/kotlin/daemon/common/DaemonJVMOptions;.<clinit>()V> (0x000000008d132c98) 
thrown [s\src\hotspot\share\prims\jni.cpp, line 1106]
Event: 4817.651 Thread 0x0000013860db9140 Exception <a 'java/lang/NoSuchMethodError'{0x000000008d14acd0}: static Lorg/jetbrains/kotlin/daemon/common/CompileService$CallResult$Ok;.<clinit>()V> (0x000000008d14acd0) 
thrown [s\src\hotspot\share\prims\jni.cpp, line 1106]
Event: 4817.720 Thread 0x0000013860db9140 Exception <a 'java/lang/NoSuchMethodError'{0x000000008d0cf5f8}: static [Ljava/lang/Integer;.<clinit>()V> (0x000000008d0cf5f8) 
thrown [s\src\hotspot\share\prims\jni.cpp, line 1106]
Event: 4819.058 Thread 0x00000138602965c0 Exception <a 'java/lang/NoSuchMethodError'{0x000000008cebc4a8}: 'void java.lang.invoke.DelegatingMethodHandle$Holder.reinvoke_L(java.lang.Object, java.lang.Object, int, int, java.lang.Object, java.lang.Object)'> (0x000000008cebc4a8) 
thrown [s\src\hotspot\share\interpreter\linkResolver.cpp, line 804]
Event: 4819.579 Thread 0x0000013860db9140 Exception <a 'java/io/IOException'{0x000000008cd5eaa8}> (0x000000008cd5eaa8) 
thrown [s\src\hotspot\share\prims\jni.cpp, line 516]

VM Operations (20 events):
Event: 4813.632 Executing safepoint VM operation: G1CollectForAllocation (G1 Evacuation Pause)
Event: 4813.669 Executing safepoint VM operation: G1CollectForAllocation (G1 Evacuation Pause) done
Event: 4813.727 Executing safepoint VM operation: G1TryInitiateConcMark (G1 Humongous Allocation)
Event: 4813.752 Executing safepoint VM operation: G1TryInitiateConcMark (G1 Humongous Allocation) done
Event: 4813.889 Executing safepoint VM operation: G1PauseRemark
Event: 4813.961 Executing safepoint VM operation: G1PauseRemark done
Event: 4814.019 Executing safepoint VM operation: G1PauseCleanup
Event: 4814.020 Executing safepoint VM operation: G1PauseCleanup done
Event: 4814.653 Executing non-safepoint VM operation: HandshakeAllThreads (Deoptimize)
Event: 4814.653 Executing non-safepoint VM operation: HandshakeAllThreads (Deoptimize) done
Event: 4814.803 Executing non-safepoint VM operation: HandshakeAllThreads (Deoptimize)
Event: 4814.803 Executing non-safepoint VM operation: HandshakeAllThreads (Deoptimize) done
Event: 4815.362 Executing safepoint VM operation: G1CollectForAllocation (G1 Evacuation Pause)
Event: 4815.380 Executing safepoint VM operation: G1CollectForAllocation (G1 Evacuation Pause) done
Event: 4816.092 Executing non-safepoint VM operation: HandshakeAllThreads (Deoptimize)
Event: 4816.092 Executing non-safepoint VM operation: HandshakeAllThreads (Deoptimize) done
Event: 4816.097 Executing non-safepoint VM operation: HandshakeAllThreads (Deoptimize)
Event: 4816.097 Executing non-safepoint VM operation: HandshakeAllThreads (Deoptimize) done
Event: 4817.209 Executing non-safepoint VM operation: HandshakeAllThreads (Deoptimize)
Event: 4817.210 Executing non-safepoint VM operation: HandshakeAllThreads (Deoptimize) done

Memory protections (0 events):
No events

Nmethod flushes (20 events):
Event: 4813.956 Thread 0x000001384db90120 flushing  nmethod 0x000001383b1e7708
Event: 4813.956 Thread 0x000001384db90120 flushing  nmethod 0x000001383b1e9208
Event: 4813.956 Thread 0x000001384db90120 flushing  nmethod 0x000001383b1ea208
Event: 4813.956 Thread 0x000001384db90120 flushing  nmethod 0x000001383b28fb88
Event: 4813.956 Thread 0x000001384db90120 flushing  nmethod 0x000001383b291b08
Event: 4813.956 Thread 0x000001384db90120 flushing  nmethod 0x000001383b292308
Event: 4813.956 Thread 0x000001384db90120 flushing  nmethod 0x000001383b292b08
Event: 4813.956 Thread 0x000001384db90120 flushing  nmethod 0x000001383b293308
Event: 4813.956 Thread 0x000001384db90120 flushing  nmethod 0x000001383b293b08
Event: 4813.956 Thread 0x000001384db90120 flushing  nmethod 0x000001383b294108
Event: 4813.956 Thread 0x000001384db90120 flushing  nmethod 0x000001383b294688
Event: 4813.956 Thread 0x000001384db90120 flushing  nmethod 0x000001383b296188
Event: 4813.956 Thread 0x000001384db90120 flushing  nmethod 0x000001383b297308
Event: 4813.956 Thread 0x000001384db90120 flushing  nmethod 0x000001383b297688
Event: 4813.956 Thread 0x000001384db90120 flushing  nmethod 0x000001383b297a08
Event: 4813.956 Thread 0x000001384db90120 flushing  nmethod 0x000001383b298208
Event: 4813.956 Thread 0x000001384db90120 flushing  nmethod 0x000001383b298508
Event: 4813.956 Thread 0x000001384db90120 flushing  nmethod 0x000001383b299a08
Event: 4813.956 Thread 0x000001384db90120 flushing  nmethod 0x000001383b328c88
Event: 4813.956 Thread 0x000001384db90120 flushing  nmethod 0x000001383b333388

Events (20 events):
Event: 4809.616 Thread 0x0000013863161220 Thread added: 0x0000013860db3380
Event: 4812.070 Thread 0x0000013863166040 Thread added: 0x0000013860db0c70
Event: 4812.617 Thread 0x0000013863166040 Thread added: 0x0000013860db2bb0
Event: 4813.587 Thread 0x0000013863168f20 Thread added: 0x0000013860db9140
Event: 4814.595 Thread 0x0000013863167f80 Thread added: 0x0000013860db6a30
Event: 4814.596 Thread 0x0000013863167f80 Thread added: 0x0000013860dbdf60
Event: 4814.597 Thread 0x0000013863167f80 Thread added: 0x0000013860dbc020
Event: 4814.598 Thread 0x0000013863167f80 Thread added: 0x0000013860dba8b0
Event: 4814.599 Thread 0x0000013863167f80 Thread added: 0x0000013860dbcfc0
Event: 4816.104 Thread 0x0000013860db9140 Thread added: 0x000001386c7b7410
Event: 4816.316 Thread 0x0000013860db6a30 Thread added: 0x000001386c7b54d0
Event: 4816.458 Thread 0x0000013860db6a30 Thread added: 0x000001386c7b83b0
Event: 4816.458 Thread 0x0000013860db6a30 Thread added: 0x000001386c7b4d00
Event: 4817.152 Thread 0x000001386c7b7410 Thread exited: 0x000001386c7b7410
Event: 4817.558 Thread 0x0000013860db9140 Thread added: 0x000001386be348c0
Event: 4817.575 Thread 0x0000013860db9140 Thread added: 0x000001386be35090
Event: 4817.590 Thread 0x0000013860db9140 Thread added: 0x000001386be38f10
Event: 4817.712 Thread 0x0000013860db9140 Thread added: 0x0000013856009df0
Event: 4817.713 Thread 0x0000013860db9140 Thread added: 0x000001385600a5c0
Event: 4817.828 Thread 0x0000013856009df0 Thread added: 0x00000138602965c0


Dynamic libraries:
0x00007ff667870000 - 0x00007ff66787e000 	C:\Users\azule\.gradle\jdks\eclipse_adoptium-25-amd64-windows.2\bin\java.exe
0x00007ffff74a0000 - 0x00007ffff7707000 	C:\windows\SYSTEM32\ntdll.dll
0x00007ffff5890000 - 0x00007ffff595b000 	C:\windows\System32\KERNEL32.DLL
0x00007ffff4890000 - 0x00007ffff4c92000 	C:\windows\System32\KERNELBASE.dll
0x00007ffff4e30000 - 0x00007ffff4f7c000 	C:\windows\System32\ucrtbase.dll
0x00007fff6c0a0000 - 0x00007fff6c0b6000 	C:\Users\azule\.gradle\jdks\eclipse_adoptium-25-amd64-windows.2\bin\jli.dll
0x00007fff6c460000 - 0x00007fff6c47e000 	C:\Users\azule\.gradle\jdks\eclipse_adoptium-25-amd64-windows.2\bin\VCRUNTIME140.dll
0x00007ffff6d20000 - 0x00007ffff6eef000 	C:\windows\System32\USER32.dll
0x00007ffff5100000 - 0x00007ffff5127000 	C:\windows\System32\win32u.dll
0x00007fffd6f60000 - 0x00007fffd71f0000 	C:\windows\WinSxS\amd64_microsoft.windows.common-controls_6595b64144ccf1df_6.0.26100.9278_none_3e0d1ba8e3303201\COMCTL32.dll
0x00007ffff6b60000 - 0x00007ffff6b8b000 	C:\windows\System32\GDI32.dll
0x00007ffff5410000 - 0x00007ffff54b9000 	C:\windows\System32\msvcrt.dll
0x00007ffff46a0000 - 0x00007ffff47c9000 	C:\windows\System32\gdi32full.dll
0x00007ffff5050000 - 0x00007ffff50f3000 	C:\windows\System32\msvcp_win.dll
0x00007ffff6360000 - 0x00007ffff6391000 	C:\windows\System32\IMM32.DLL
0x0000000051090000 - 0x000000005109d000 	C:\Program Files (x86)\360\Total Security\safemon\SafeWrapper.dll
0x00007ffff7390000 - 0x00007ffff744c000 	C:\windows\System32\ADVAPI32.dll
0x00007ffff57e0000 - 0x00007ffff5889000 	C:\windows\System32\sechost.dll
0x00007ffff5560000 - 0x00007ffff5678000 	C:\windows\System32\RPCRT4.dll
0x00007ffff1f20000 - 0x00007ffff2025000 	C:\Program Files (x86)\360\Total Security\safemon\libzdtp64.dll
0x00007ffff5b00000 - 0x00007ffff6298000 	C:\windows\System32\SHELL32.dll
0x00007ffff53a0000 - 0x00007ffff5406000 	C:\windows\System32\SHLWAPI.dll
0x00007ffff4160000 - 0x00007ffff416b000 	C:\windows\SYSTEM32\VERSION.dll
0x00007fffb39c0000 - 0x00007fffb39cc000 	C:\Users\azule\.gradle\jdks\eclipse_adoptium-25-amd64-windows.2\bin\vcruntime140_1.dll
0x00007fff61920000 - 0x00007fff619ad000 	C:\Users\azule\.gradle\jdks\eclipse_adoptium-25-amd64-windows.2\bin\msvcp140.dll
0x00007fff25f60000 - 0x00007fff26e8a000 	C:\Users\azule\.gradle\jdks\eclipse_adoptium-25-amd64-windows.2\bin\server\jvm.dll
0x00007ffff54d0000 - 0x00007ffff5550000 	C:\windows\System32\WS2_32.dll
0x00007ffff4520000 - 0x00007ffff457e000 	C:\windows\SYSTEM32\POWRPROF.dll
0x00007fffef1e0000 - 0x00007fffef216000 	C:\windows\SYSTEM32\WINMM.dll
0x00007ffff4500000 - 0x00007ffff4515000 	C:\windows\SYSTEM32\UMPDC.dll
0x00007ffff32f0000 - 0x00007ffff330b000 	C:\windows\SYSTEM32\kernel.appcore.dll
0x00007fffb27e0000 - 0x00007fffb27ea000 	C:\Users\azule\.gradle\jdks\eclipse_adoptium-25-amd64-windows.2\bin\jimage.dll
0x00007ffff18e0000 - 0x00007ffff1b2c000 	C:\windows\SYSTEM32\DBGHELP.DLL
0x00007ffff6630000 - 0x00007ffff69b5000 	C:\windows\System32\combase.dll
0x00007ffff5a20000 - 0x00007ffff5af9000 	C:\windows\System32\OLEAUT32.dll
0x00007fffc98a0000 - 0x00007fffc98db000 	C:\windows\SYSTEM32\dbgcore.DLL
0x00007ffff4f90000 - 0x00007ffff503c000 	C:\windows\System32\bcryptPrimitives.dll
0x00007fffb21c0000 - 0x00007fffb21cf000 	C:\Users\azule\.gradle\jdks\eclipse_adoptium-25-amd64-windows.2\bin\instrument.dll
0x00007fff675f0000 - 0x00007fff6760e000 	C:\Users\azule\.gradle\jdks\eclipse_adoptium-25-amd64-windows.2\bin\java.dll
0x00007ffff69c0000 - 0x00007ffff6b5a000 	C:\windows\System32\ole32.dll
0x00007ffff2030000 - 0x00007ffff28de000 	C:\windows\SYSTEM32\windows.storage.dll
0x00007ffff51c0000 - 0x00007ffff52bb000 	C:\windows\System32\SHCORE.dll
0x00007ffff45c0000 - 0x00007ffff45e9000 	C:\windows\SYSTEM32\profapi.dll
0x00007fffcac30000 - 0x00007fffcac46000 	C:\Users\azule\.gradle\jdks\eclipse_adoptium-25-amd64-windows.2\bin\zip.dll
0x00007fffa9160000 - 0x00007fffa9171000 	C:\Users\azule\.gradle\jdks\eclipse_adoptium-25-amd64-windows.2\bin\net.dll
0x00007ffff38b0000 - 0x00007ffff391c000 	C:\windows\system32\mswsock.dll
0x00007fff95a90000 - 0x00007fff95aa6000 	C:\Users\azule\.gradle\jdks\eclipse_adoptium-25-amd64-windows.2\bin\nio.dll
0x00007fffa9150000 - 0x00007fffa9160000 	C:\Users\azule\.gradle\jdks\eclipse_adoptium-25-amd64-windows.2\bin\verify.dll
0x00007fffdcc80000 - 0x00007fffdcca7000 	C:\Users\azule\.gradle\native\660c5614fbf4a5f2a75b1949f50a0caf5cd603558e7d8a26e50b933a0cfb79d1\windows-amd64\native-platform.dll
0x00007fff5e480000 - 0x00007fff5e4f7000 	C:\Users\azule\.gradle\native\0.2.8\x86_64-windows-gnu\gradle-fileevents.dll
0x00007fffa2b40000 - 0x00007fffa2b4a000 	C:\Users\azule\.gradle\jdks\eclipse_adoptium-25-amd64-windows.2\bin\management.dll
0x00007fff9f850000 - 0x00007fff9f85c000 	C:\Users\azule\.gradle\jdks\eclipse_adoptium-25-amd64-windows.2\bin\management_ext.dll
0x00007ffff54c0000 - 0x00007ffff54c8000 	C:\windows\System32\PSAPI.DLL
0x00007ffff2cc0000 - 0x00007ffff2cf3000 	C:\windows\SYSTEM32\IPHLPAPI.DLL
0x00007ffff6350000 - 0x00007ffff635a000 	C:\windows\System32\NSI.dll
0x00007fff982e0000 - 0x00007fff982e9000 	C:\Users\azule\.gradle\jdks\eclipse_adoptium-25-amd64-windows.2\bin\extnet.dll
0x00007ffff3ba0000 - 0x00007ffff3bbb000 	C:\windows\SYSTEM32\CRYPTSP.dll
0x00007ffff3230000 - 0x00007ffff3269000 	C:\windows\system32\rsaenh.dll
0x00007ffff3960000 - 0x00007ffff3994000 	C:\windows\SYSTEM32\USERENV.dll
0x00007ffff4590000 - 0x00007ffff45ba000 	C:\windows\SYSTEM32\bcrypt.dll
0x00007ffff3bc0000 - 0x00007ffff3bcc000 	C:\windows\SYSTEM32\CRYPTBASE.dll
0x00007fff976f0000 - 0x00007fff976fe000 	C:\Users\azule\.gradle\jdks\eclipse_adoptium-25-amd64-windows.2\bin\sunmscapi.dll
0x00007ffff4ca0000 - 0x00007ffff4e1e000 	C:\windows\System32\CRYPT32.dll
0x00007ffff3de0000 - 0x00007ffff3e10000 	C:\windows\SYSTEM32\ncrypt.dll
0x00007ffff3d90000 - 0x00007ffff3dcf000 	C:\windows\SYSTEM32\NTASN1.dll
0x00007fffbbd10000 - 0x00007fffbbd18000 	C:\windows\system32\wshunix.dll
0x00007ffff2d60000 - 0x00007ffff2eb8000 	C:\windows\SYSTEM32\DNSAPI.dll
0x00007ffff36b0000 - 0x00007ffff36bd000 	C:\windows\SYSTEM32\DSPARSE.dll
0x00007ffff1010000 - 0x00007ffff101b000 	C:\Windows\System32\rasadhlp.dll
0x00007fffecfc0000 - 0x00007fffed046000 	C:\windows\System32\fwpuclnt.dll
0x00007ffff0e20000 - 0x00007ffff0ebf000 	C:\windows\system32\apphelp.dll
0x00007ffff3420000 - 0x00007ffff3456000 	C:\windows\SYSTEM32\ntmarta.dll
0x00007fffc0a40000 - 0x00007fffc0a58000 	C:\windows\system32\napinsp.dll
0x00007fffc0a20000 - 0x00007fffc0a33000 	C:\windows\System32\winrnr.dll
0x00007fffc09f0000 - 0x00007fffc0a17000 	C:\windows\system32\nlansp_c.dll
0x00007fffe1e80000 - 0x00007fffe1e96000 	C:\windows\system32\wshbth.dll
0x00007fffdcbe0000 - 0x00007fffdcbe7000 	C:\Users\azule\.gradle\jdks\eclipse_adoptium-25-amd64-windows.2\bin\rmi.dll

JVMTI agents:
C:\Users\azule\.gradle\wrapper\dists\gradle-9.5.0-bin\bvnork1r7n8i6kp5cnkibsc9q\gradle-9.5.0\lib\agents\gradle-instrumentation-agent-9.5.0.jar path:C:\Users\azule\.gradle\jdks\eclipse_adoptium-25-amd64-windows.2\bin\instrument.dll, loaded, initialized, instrumentlib options:none

dbghelp: loaded successfully - version: 4.0.5 - missing functions: none
symbol engine: initialized successfully - sym options: 0x614 - pdb path: .;C:\Users\azule\.gradle\jdks\eclipse_adoptium-25-amd64-windows.2\bin;C:\windows\SYSTEM32;C:\windows\WinSxS\amd64_microsoft.windows.common-controls_6595b64144ccf1df_6.0.26100.9278_none_3e0d1ba8e3303201;C:\Program Files (x86)\360\Total Security\safemon;C:\Users\azule\.gradle\jdks\eclipse_adoptium-25-amd64-windows.2\bin\server;C:\Users\azule\.gradle\native\660c5614fbf4a5f2a75b1949f50a0caf5cd603558e7d8a26e50b933a0cfb79d1\windows-amd64;C:\Users\azule\.gradle\native\0.2.8\x86_64-windows-gnu

VM Arguments:
jvm_args: --add-opens=java.base/java.lang=ALL-UNNAMED --add-opens=java.base/java.lang.invoke=ALL-UNNAMED --add-opens=java.base/java.util=ALL-UNNAMED --add-opens=java.prefs/java.util.prefs=ALL-UNNAMED --add-exports=jdk.compiler/com.sun.tools.javac.api=ALL-UNNAMED --add-exports=jdk.compiler/com.sun.tools.javac.util=ALL-UNNAMED --add-opens=java.base/java.nio.charset=ALL-UNNAMED --add-opens=java.base/java.net=ALL-UNNAMED --add-opens=java.base/java.util.concurrent=ALL-UNNAMED --add-opens=java.base/java.util.concurrent.atomic=ALL-UNNAMED --add-opens=java.xml/javax.xml.namespace=ALL-UNNAMED --add-opens=java.base/java.time=ALL-UNNAMED --enable-native-access=ALL-UNNAMED -Xmx2048m -Dfile.encoding=UTF-8 -Duser.country=AR -Duser.language=es -Duser.variant -javaagent:C:\Users\azule\.gradle\wrapper\dists\gradle-9.5.0-bin\bvnork1r7n8i6kp5cnkibsc9q\gradle-9.5.0\lib\agents\gradle-instrumentation-agent-9.5.0.jar 
java_command: org.gradle.launcher.daemon.bootstrap.GradleDaemon 9.5.0
java_class_path (initial): C:\Users\azule\.gradle\wrapper\dists\gradle-9.5.0-bin\bvnork1r7n8i6kp5cnkibsc9q\gradle-9.5.0\lib\gradle-daemon-main-9.5.0.jar
Launcher Type: SUN_STANDARD

[Global flags]
     intx CICompilerCount                          = 4                                         {product} {ergonomic}
     uint ConcGCThreads                            = 2                                         {product} {ergonomic}
     uint G1ConcRefinementThreads                  = 8                                         {product} {ergonomic}
   size_t G1HeapRegionSize                         = 1048576                                   {product} {ergonomic}
   size_t InitialHeapSize                          = 130023424                                 {product} {ergonomic}
   size_t MarkStackSize                            = 4194304                                   {product} {ergonomic}
   size_t MarkStackSizeMax                         = 536870912                                 {product} {ergonomic}
   size_t MaxHeapSize                              = 2147483648                                {product} {command line}
   size_t MaxNewSize                               = 1287651328                                {product} {ergonomic}
   size_t MinHeapDeltaBytes                        = 1048576                                   {product} {ergonomic}
   size_t MinHeapSize                              = 8388608                                   {product} {ergonomic}
    uintx NonNMethodCodeHeapSize                   = 5898240                                {pd product} {ergonomic}
    uintx NonProfiledCodeHeapSize                  = 122945536                              {pd product} {ergonomic}
    uintx ProfiledCodeHeapSize                     = 122945536                              {pd product} {ergonomic}
    uintx ReservedCodeCacheSize                    = 251789312                              {pd product} {ergonomic}
     bool SegmentedCodeCache                       = true                                      {product} {ergonomic}
   size_t SoftMaxHeapSize                          = 2147483648                             {manageable} {ergonomic}
     bool UseCompressedOops                        = true                           {product lp64_product} {ergonomic}
     bool UseG1GC                                  = true                                      {product} {ergonomic}
     bool UseLargePagesIndividualAllocation        = false                                  {pd product} {ergonomic}

Logging:
Log output configuration:
 #0: stdout all=warning uptime,level,tags foldmultilines=false
 #1: stderr all=off uptime,level,tags foldmultilines=false

Release file:
IMPLEMENTOR="Eclipse Adoptium" 
IMPLEMENTOR_VERSION="Temurin-25.0.3+9" 
JAVA_RUNTIME_VERSION="25.0.3+9-LTS" 
JAVA_VERSION="25.0.3" 
JAVA_VERSION_DATE="2026-04-21" 
LIBC="default" 
MODULES="java.base java.compiler java.datatransfer java.xml java.prefs java.desktop java.instrument java.logging java.management java.security.sasl java.naming java.rmi java.management.rmi java.net.http java.scripting java.security.jgss java.transaction.xa java.sql java.sql.rowset java.xml.crypto java.se java.smartcardio jdk.accessibility jdk.internal.jvmstat jdk.attach jdk.charsets jdk.internal.opt jdk.zipfs jdk.compiler jdk.crypto.cryptoki jdk.crypto.ec jdk.crypto.mscapi jdk.dynalink jdk.internal.ed jdk.editpad jdk.internal.vm.ci jdk.graal.compiler jdk.graal.compiler.management jdk.hotspot.agent jdk.httpserver jdk.incubator.vector jdk.internal.le jdk.internal.md jdk.jartool jdk.javadoc jdk.jcmd jdk.management jdk.management.agent jdk.jconsole jdk.jdeps jdk.jdwp.agent jdk.jdi jdk.jfr jdk.jlink jdk.jpackage jdk.jshell jdk.jsobject jdk.jstatd jdk.localedata jdk.management.jfr jdk.naming.dns jdk.naming.rmi jdk.net jdk.nio.mapmode jdk.sctp jdk.security.auth jdk.security.jgss jdk.unsupported jdk.unsupported.desktop jdk.xml.dom" 
OS_ARCH="x86_64" 
OS_NAME="Windows" 
SOURCE=".:git:cda0a1776184" 
BUILD_SOURCE="git:a612825ee82a20ac872d60958c349854c1f29a8e"
BUILD_SOURCE_REPO="https://github.com/adoptium/temurin-build.git"
SOURCE_REPO="https://github.com/adoptium/jdk25u.git"
FULL_VERSION="25.0.3+9-LTS"
SEMANTIC_VERSION="25.0.3+9"
BUILD_INFO="OS: Windows Server 2022 Version: 10.0"
JVM_VARIANT="Hotspot"
JVM_VERSION="25.0.3+9-LTS"
IMAGE_TYPE="JDK"

Environment Variables:
JAVA_HOME=C:\Program Files\Java\jdk-21
PATH=C:\app\azule\product\21c\dbhomeXE\bin;C:\Program Files\Common Files\Oracle\Java\javapath;C:\windows\system32;C:\windows;C:\windows\System32\Wbem;C:\windows\System32\WindowsPowerShell\v1.0\;C:\windows\System32\OpenSSH\;C:\Program Files\Java\jdk-21\bin;C:\Program Files\dotnet\;C:\Program Files\Docker\Docker\resources\bin;C:\oracle\instantclient_23_26;C:\Users\azule\AppData\Local\Programs\Microsoft VS Code\bin;C:\Program Files\Go\bin;C:\Program Files\nodejs\;C:\Program Files\Git\cmd;C:\Users\azule\AppData\Local\Programs\Python\Python313\Scripts\;C:\Users\azule\AppData\Local\Programs\Python\Python313\;C:\Users\azule\AppData\Local\Programs\Python\Launcher\;C:\Users\azule\AppData\Local\Microsoft\WindowsApps;C:\Users\azule\AppData\Local\Programs\Microsoft VS Code\bin;C:\Program Files\JetBrains\PyCharm Community Edition 2024.2.4\bin;;C:\Users\azule\.dotnet\tools;C:\Program Files\JetBrains\IntelliJ IDEA Community Edition 2025.1.1.1\bin;;C:\Users\azule\AppData\Local\Programs\cursor\resources\app\bin;C:\Users\azule\AppData\Local\Programs\Antigravity\bin;C:\Users\azule\AppData\Local\Programs\Warp\bin;C:\Users\azule\AppData\Roaming\npm;C:\Users\azule\go\bin
USERNAME=azule
OS=Windows_NT
PROCESSOR_IDENTIFIER=Intel64 Family 6 Model 190 Stepping 0, GenuineIntel
TMP=C:\Users\azule\AppData\Local\Temp
TEMP=C:\Users\azule\AppData\Local\Temp




Compilation memory statistics disabled.

Periodic native trim disabled

---------------  S Y S T E M  ---------------

OS:
 Windows 11 , 64 bit Build 26100 (10.0.26100.9444)
OS uptime: 3 days 4:06 hours
Hyper-V role detected

CPU: total 8 (initial active 8) (8 cores per cpu, 1 threads per core) family 6 model 190 stepping 0 microcode 0x1d, cx8, cmov, fxsr, mmx, 3dnowpref, sse, sse2, sse3, ssse3, sse4.1, sse4.2, popcnt, lzcnt, tsc, tscinvbit, avx, avx2, aes, erms, clmul, bmi1, bmi2, adx, sha, fma, vzeroupper, clflush, clflushopt, clwb, hv, serialize, rdtscp, rdpid, fsrm, gfni, f16c, cet_ibt, cet_ss
Processor Information for processor 0
  Max Mhz: 1800, Current Mhz: 1800, Mhz Limit: 1800
Processor Information for processor 1
  Max Mhz: 1800, Current Mhz: 1800, Mhz Limit: 1800
Processor Information for processor 2
  Max Mhz: 1800, Current Mhz: 1800, Mhz Limit: 1800
Processor Information for processor 3
  Max Mhz: 1800, Current Mhz: 1800, Mhz Limit: 1800
Processor Information for processor 4
  Max Mhz: 1800, Current Mhz: 1500, Mhz Limit: 1800
Processor Information for processor 5
  Max Mhz: 1800, Current Mhz: 1500, Mhz Limit: 1800
Processor Information for processor 6
  Max Mhz: 1800, Current Mhz: 1800, Mhz Limit: 1800
Processor Information for processor 7
  Max Mhz: 1800, Current Mhz: 1800, Mhz Limit: 1800

Memory: 4k page, system-wide physical 7845M (187M free)
TotalPageFile size 31397M (AvailPageFile size 4M)
current process WorkingSet (physical memory assigned to process): 576M, peak: 668M
current process commit charge ("private bytes"): 788M, peak: 810M

vm_info: OpenJDK 64-Bit Server VM (25.0.3+9-LTS) for windows-amd64 JRE (25.0.3+9-LTS), built on 2026-04-21T00:00:00Z with MS VC++ 17.12 (VS2022)

END.
